post_id	["t6rxsiat", "f0m3wuyj", "1jtln8wc", "h4fo8h90", "ko9irio2"]
0	["t6rxsiat", "f0m3wuyj", "1jtln8wc", "h4fo8h90", "ko9irio2"]
1	["g5ftdku9", "89fglwvk", "ttvlddm2", "lh9tk4a4", "lny446a3"]
2	["9b6cepf4", "db8fl9d2", "atwx0a2s", "0yysikc1", "3ttyxjgi"]
3	["dsfbmhbj", "ocxl6cf4", "7a7oi5dt", "ju87prqm", "ct4licep"]
4	["tra5ewc5", "763v4duh", "zue5hnal", "f96qs295", "a2voobqa"]
5	["xchvlphf", "i99lqr0p", "pvshw2pn", "fbcu88lv", "grx4gx95"]
6	["a7nj8sgl", "tc21pcjw", "4gj9d181", "duwr9b5b", "xmiefdez"]
7	["l9lni5d3", "i9jrobdb", "pc2cnhjd", "xsqgrd5l", "jk37ej4c"]
8	["l3k9bb5m", "o68mentl", "njivwikk", "81c2mn2c", "09fmkhu5"]
9	["8ko7mmu3", "s19w1p2i", "pc2cnhjd", "hqapg5ow", "1s8jzzwg"]
10	["gbrf7fh7", "4fgeb27a", "snsjrjx3", "h6f3500y", "8qcovhtk"]
11	["k5t5rjhe", "19i9lknr", "ne7e12nj", "8twdx4g2", "mu2vqjnv"]
12	["4uieqidm", "f18a3xiv", "x3z7utn4", "rjjc30lc", "y8o5j2be"]
13	["p42w7vjf", "5t16srpn", "i4p0n7d6", "x7ybnese", "jqueo6zg"]
14	["zueprmdz", "a3efmczu", "33xgu2rw", "btao9cun", "2146o727"]
15	["z86g8dzs", "9b6cepf4", "5z0xwlxp", "46y1pa7o", "2fokjcjr"]
17	["1s8jzzwg", "8je46886", "w1bx4a7v", "f96qs295", "w0ebmg16"]
18	["07scv3kv", "00ia8k0b", "knlc3bxh", "pxpo8jni", "omz42d9y"]
19	["ivy95jpw", "hcw0cisk", "iu5ndsxn", "d21lvneh", "0qy6hcgp"]
20	["vtagfrds", "r76tqrwz", "0r580il2", "rnvc43go", "407va85q"]
21	["v2tehu35", "uk6whrhz", "0fpa1f30", "mtq19xku", "njivwikk"]
22	["zcxxk9hd", "t1mbyvs0", "a8065dca", "0hhdwq68", "xi2whtvr"]
23	["hezheq49", "s1qnjgev", "bgiyvqgw", "e1mtdo7v", "q10pvwf5"]
24	["rc6cza9r", "p8ckcvyj", "0w905c2x", "0vwspd6l", "4nuvdxjc"]
25	["pc2cnhjd", "5zn5mgi9", "h6dsjkvz", "ykxr9q1j", "vf1vku8s"]
26	["2tre0wat", "qdw86v8i", "zycgczqy", "e63j8gci", "9b6cepf4"]
27	["eys1k8gb", "s0374olh", "hbyxy4ln", "cbhlzemx", "wz6446aw"]
28	["eys1k8gb", "hbyxy4ln", "wz6446aw", "mgwx0u6x", "mg9kypvn"]
29	["kr4sr1ae", "dpyz8uh4", "ayd59zpj", "ubvdzjkw", "tz2d3lff"]
30	["v5beddu4", "9ixpj162", "irx4pcsx", "9e6g15iw", "plzklj7c"]
31	["p91dk324", "b1s3ubm1", "2dvljm27", "4ifng0a6", "hah9mrnh"]
32	["0imnd2q5", "7ruoysxu", "w1bx4a7v", "qi1henyy", "1s8jzzwg"]
33	["r58aohnu", "8je46886", "0cnjtxyq", "w3ls1d7w", "xxlvyp5c"]
34	["ftq6ed38", "5azti19e", "35xqlryc", "uo3ww8j4", "9rczqcaz"]
35	["u5rbvc3i", "t0zphgfl", "obhm5mc5", "5a5a8ifz", "05lgp662"]
36	["glyoiu93", "kxx3szjq", "oeudi6lr", "a54kdnxm", "znwa2kig"]
37	["u0vg1305", "cmx0rkvl", "01h205jf", "ff6amr0c", "skm4qtgx"]
38	["ckswlo9o", "7wu8bfo4", "0o7rm667", "xmd8fh95", "9qo95a1c"]
39	["lghvztz8", "1tx3tl0f", "q2i328sz", "p3qcflii", "ayd59zpj"]
40	["v0f5vxk0", "bl96upg3", "mut94ov1", "rnkti5s2", "xkmy79p9"]
41	["tra5ewc5", "pu12u627", "0r0zdpds", "l4y7v729", "0hbyplqq"]
42	["8cd5z4di", "deas7kr0", "e9m31jyc", "jwei2g97", "jlnopr1j"]
43	["hnx43l5c", "lfqi7jsa", "mx1d9qqg", "sxl49cs3", "n4kke717"]
44	["cfbj6ize", "xj1nw76b", "5c1e0770", "8rn7q32f", "x60fkihk"]
45	["d8lmft7i", "lns8to8n", "uv9xdp5f", "fmivg2cb", "4grqkn3u"]
46	["gd19rkm2", "xua4f77e", "uyy8zytj", "5f5npz07", "fasjkg7r"]
47	["m26xr9qr", "qtzhfnr6", "cgz5ot21", "1lggbkly", "elu3dztf"]
48	["eia1mvaw", "hzh4wmtb", "ir20eiqr", "o25o8ejg", "of16ewcj"]
49	["w1bx4a7v", "0cnjtxyq", "yrowv62k", "tra5ewc5", "gtwg0m54"]
50	["moxjaxuy", "9k4pwc2h", "6c47sm6i", "vgk1sgcp", "hgvqjtfa"]
51	["gg5c8v7d", "vbnke2q5", "ikon1ktb", "m4u4ulml", "u42d1p1j"]
52	["f6li7qil", "98ejxivc", "nuu9l5kx", "5ojyly05", "ihlkhh2d"]
53	["bu5kfsfi", "0si51n85", "5ngg5hm4", "awzozt7u", "cb3u1s7s"]
54	["ocwetgv6", "c56qufai", "bj9fgnwl", "eiomk2fh", "0si51n85"]
55	["1wcfrvnd", "f9vxfk68", "d3pxk5tr", "ledopkwj", "0igh53pl"]
56	["ylojjfri", "pkxc2219", "2fsjqsiz", "lxqsc60e", "ftjrg3dk"]
57	["2uwnamao", "a451243b", "2e2s1gof", "xneu8glk", "bqvn3ceq"]
58	["8r7hnpij", "wl7odjo2", "02t7jcbt", "agknmml1", "r99924c9"]
59	["ovgk0wsn", "53zopedx", "i5j4nmjz", "ywvk6gu6", "v5vwypya"]
60	["z8ajje2l", "w45ih46q", "u5nxm9tu", "42t0zriz", "1iago9rr"]
61	["5c1e0770", "xj1nw76b", "cfbj6ize", "my2fyqp7", "lj74054o"]
62	["cfbj6ize", "5c1e0770", "xj1nw76b", "8rn7q32f", "x60fkihk"]
63	["mfziqu80", "d06npvro", "o4ri7t16", "ph7lkuus", "gb1sk22m"]
64	["ovd98r01", "4socpj73", "a68y6qsf", "qexarxjl", "p0s1cpyw"]
65	["be8eu3qi", "r6943zpb", "k30wvnx8", "vzloj6b3", "md0drb25"]
66	["tlknj4hm", "ln6t374j", "kczhrxxd", "1tqwmy8m", "6entp07f"]
67	["8lzpz58y", "lgtpeqhw", "4kgnx00l", "n0zppf8v", "zvmwubuk"]
68	["8lzpz58y", "wf72fra8", "n5qfwl57", "yn9qcwvq", "iqe6sdq2"]
70	["8lzpz58y", "ivug325f", "iqe6sdq2", "yn9qcwvq", "n5qfwl57"]
71	["lxzmiehr", "kee1crfe", "icnjhhyy", "feovbv3v", "4mp1iu55"]
72	["3znsneqq", "ielatiaq", "a8065dca", "83lgqe5c", "1cpjqav4"]
74	["d2pzezq8", "lbxg93hl", "z33cg3nj", "yo2lpdi4", "iepagac8"]
75	["vw3cuiof", "iy9mqd4f", "q4q06pzc", "dh3zqjbz", "xi20pdvy"]
76	["4py6l839", "x4zcpr02", "fe72aj3a", "bccrvapy", "w1tdg8bb"]
77	["8dgahmka", "ua7hsfma", "06fhiu9q", "w3fxltzw", "2r0a357c"]
78	["b1s3ubm1", "p91dk324", "cb3u1s7s", "2dvljm27", "4ifng0a6"]
79	["h4fo8h90", "8lyipugh", "ezrarusj", "3kk1l0ag", "963hkkiy"]
80	["d81rq6b9", "jtb71lfd", "jyxrk9bz", "l9lj98b1", "7yldl4ld"]
81	["90dvjv32", "r4mgu6j7", "wnm89gfo", "hu2lg6i7", "7obhnmah"]
82	["3m9yonqe", "dqhdws5k", "trmwm9qq", "0r580il2", "sygm6irl"]
83	["ivy95jpw", "hcw0cisk", "d21lvneh", "0qy6hcgp", "r76tqrwz"]
84	["d2pzezq8", "8g70j0qw", "60en5zy7", "konern28", "mz7b6ey3"]
85	["ef3warsh", "x9sfgtim", "ropgq7tr", "usyduiti", "y43prnko"]
86	["3qvh482o", "jrqlhjsm", "hg3xpej0", "wfa5fb3r", "styavbvi"]
87	["g9rs9cx8", "xxm6o1l1", "sc6crkkw", "5a5a8ifz", "4qp083h4"]
88	["gtp5daep", "cgnofutd", "25aj8rj5", "f5twvg9g", "fxwszm22"]
89	["gefb43hh", "qpnjloe6", "8v9chk6j", "0qnvydux", "xs8w9shx"]
90	["3jigt8mk", "5ngmdwgb", "br0hhzmn", "twlupt3x", "adhj5e5s"]
91	["byvsuvn0", "aodb3j1y", "q5veu992", "mpe2qs0h", "2uy0jjdh"]
92	["r4btmprw", "q5veu992", "niw61l9r", "x7qlnugx", "ho6qjkyr"]
94	["g5ftdku9", "89fglwvk", "ttvlddm2", "gsplo37j", "w3q41awj"]
95	["tra5ewc5", "l4y7v729", "gtwg0m54", "zycgczqy", "0r0zdpds"]
97	["t5sgguxr", "n040i865", "6qwj922f", "tm9jb7bq", "a4babgpl"]
98	["61ltmgyx", "5utq6bzk", "x44oc1k6", "5bl4h80v", "oeudi6lr"]
99	["deezca5z", "2jdlavwj", "25aj8rj5", "kde51mn0", "7015mpuh"]
100	["ax3e82js", "0r580il2", "r76tqrwz", "hcw0cisk", "0qy6hcgp"]
101	["p4ejdth1", "tyqeguyf", "p3jvuj8k", "lsares5t", "d4upbc3v"]
102	["66fi7e69", "zh939alw", "ngb7pbyl", "whh34bjb", "afytjnny"]
103	["llcit7x2", "gqwwfpch", "od5nnxvg", "jgq968f6", "5zn5mgi9"]
104	["qvuuhkg6", "69afkw7x", "ywvk6gu6", "0bczgiyy", "7vadpp3d"]
105	["v6w9mlsa", "uru7bkr4", "ovgk0wsn", "53zopedx", "fgdzfr39"]
106	["i94boetk", "fq1am5na", "s96b0s76", "qopfltoi", "b6ki6rmn"]
107	["mo7oq5t8", "dgcawqyk", "90dvjv32", "8dh4xvph", "5ogges89"]
108	["jqueo6zg", "ir20eiqr", "odlf9z1w", "1omv4r30", "w4pgkid9"]
109	["gsvzkivp", "opogstc5", "88ivkkaw", "g4k0ksr8", "e9m31jyc"]
110	["25aj8rj5", "ocl5qf9o", "gtp5daep", "ky5env7t", "376x58k1"]
111	["f5twvg9g", "3jn7tdaj", "terj0odi", "ftq6ed38", "dmqk247e"]
112	["01h205jf", "27jytj4k", "r4j1rcm5", "2damkjcs", "cmx0rkvl"]
113	["eje3i558", "38d6gb7o", "fcb8egak", "uuy94dwa", "b31ctbat"]
114	["xnrp2tpd", "texmsvyt", "3yi44xfe", "4ghn6zbd", "hwg0lthr"]
115	["ey0r1py7", "octtj2vf", "e63j8gci", "0yysikc1", "vrs88dcy"]
117	["fo4ax1od", "73b58lcm", "mevnb9v0", "zhh2c89o", "dnxhtbxn"]
118	["nf6n6afo", "p97kgjmp", "kl2w6yiv", "o68mentl", "lmo2t4ho"]
119	["6oicmeam", "t1mwzhrq", "k1ktytot", "c7g2ah72", "xvphsdg7"]
120	["ivy95jpw", "2v6zigt8", "14alhxc3", "xnrb0byz", "407va85q"]
121	["cutwvq3b", "cd7cfpx3", "s2811lpo", "15q47bw5", "2l83gyx5"]
122	["furicopj", "evuixig8", "daxv3reg", "jd3np9n4", "u10j114l"]
123	["1fgnfh62", "5f95gve3", "pm825xn1", "eknllnci", "74070a3z"]
124	["91ea40nz", "maxbdi99", "ypls4zau", "721ofhsv", "5a5a8ifz"]
125	["3u3i5myh", "a0dvzhc8", "1wui9gwa", "jlnt1pdd", "ijzoa0yn"]
126	["06yuz5pn", "36amafub", "of9wlhga", "7e3kiox2", "w19729nl"]
127	["25bdifv6", "uqeikj0m", "cfd1x420", "r1m709hb", "rpjg4a9i"]
128	["q9d54z1s", "tv1a1hwj", "bpnqz1cn", "gduako3g", "pzak57w3"]
129	["u5e26byy", "d7eshkim", "a6gczznx", "elviuvfz", "jcueu1xh"]
130	["e0a1t2ig", "xd5uhah4", "ledopkwj", "tsv0rcr3", "ljpeq5aw"]
131	["zbkx78mm", "k3mz6lf1", "tgstsac6", "bcraqemn", "uka69z83"]
133	["3xup6glg", "vjpf1fk6", "8i2ryrfe", "o71p89nb", "nvtoxzka"]
134	["yztfkwkc", "z8ajje2l", "kb3xi0fk", "vxv7pq8v", "5kchpjx0"]
135	["tra5ewc5", "763v4duh", "f96qs295", "zue5hnal", "pu12u627"]
136	["xiaj8ofb", "fd4aag2t", "cy0wy98u", "e8m2n9v6", "t006jnl5"]
137	["j5b0f3uk", "4vkgn3yt", "u10j114l", "furicopj", "ajqbljai"]
138	["g4hlvnmq", "bh8zshy9", "582ts5mf", "vmizkujc", "utak6i4e"]
139	["qeqd4soe", "rh2jrojk", "nxu1xoax", "ml27mexb", "sywxrxmf"]
140	["eo89w6qp", "vjg00epx", "71ixs3y4", "ksf2tpdw", "uyo1rpx6"]
141	["33wqmdnk", "k8wb51i7", "cq5il80s", "wzqdo1st", "46y1pa7o"]
142	["ywvk6gu6", "ovgk0wsn", "i5j4nmjz", "sxq2063i", "5t4twnpm"]
143	["zu07vbc4", "r4dgrxel", "nsflghc5", "6gcahsgs", "yeowvvqi"]
144	["8je46886", "xtraspw2", "z86g8dzs", "9pb2eqoa", "w0ebmg16"]
146	["oa60fwht", "7vc93ewa", "b03pmg1k", "jbimjcx4", "x6m7yq65"]
147	["sok0cyd3", "h2h4bnd5", "8acldtv2", "ach2lhhe", "pscw933i"]
148	["cfi5zhgu", "ru2ty1y9", "ozj6zju8", "95wclabe", "z43p1dmf"]
149	["ypvzanog", "plzklj7c", "15q47bw5", "b4mjo92p", "irx4pcsx"]
151	["gdfvt4pu", "ys7azmv7", "shad8im4", "07scv3kv", "8d79k64l"]
153	["wuazkwsi", "lvw0cnwj", "1ucs8zu1", "w1bx4a7v", "5yscqct1"]
154	["xk6rp4e7", "1rxw5xro", "2um2wbcs", "z9csj1bh", "yg2voc65"]
155	["cj3cpn5j", "8l5i1z27", "tffpan0f", "ruewzstg", "dpws8p4y"]
156	["hcwuv519", "lrsvg37a", "gbpfypmn", "1jpwtd4t", "quhnesbr"]
157	["qj1v04cf", "9e6g15iw", "b4mjo92p", "v5beddu4", "plzklj7c"]
160	["gmp22v65", "iwd8nkls", "312cg7b7", "cfkeqgj3", "1tqwmy8m"]
161	["pa000mr8", "675v58x8", "zbi0llig", "a40yhtqk", "hn6clwoj"]
162	["p485vc0h", "clzxo1ly", "pkimbhz9", "46swnjb4", "0l5li1f0"]
163	["cimmc4y8", "gqifyp7g", "6ys3uogb", "jm4dmnxz", "ne7e12nj"]
164	["8g70j0qw", "mz7b6ey3", "konern28", "d2pzezq8", "3zdv9zim"]
165	["ivy95jpw", "hcw0cisk", "sygm6irl", "iu5ndsxn", "0r580il2"]
166	["s7glsesb", "tyqeguyf", "9zg8q0gk", "p4ejdth1", "nzsx8gb4"]
167	["g9rs9cx8", "f296patc", "4yi9iup2", "dr067qlf", "pvjoxgn3"]
168	["xp2qkk52", "tc6btsdu", "iyc8j5mr", "v056i6g7", "0pcgcbjw"]
170	["gkf3wez8", "v13kzr5y", "3xvphg52", "cfe6rb1x", "10dkpj5h"]
171	["bzeqs5oh", "oud5ioks", "zbi0llig", "d1w8xqvo", "jtgpzrf9"]
172	["idhbd102", "jjjgu3n0", "jlrzu0wl", "tq1hb45f", "vt4ougwq"]
174	["h1wycwxc", "6srmai2o", "6tlzij5v", "9eudsrjr", "q4gattkk"]
175	["osct0lj6", "bakwk4tm", "7z7zxcm2", "q8dl0gcc", "hm332jqo"]
176	["f3eogz0n", "9nyfz7s2", "o7qibwzj", "2cwvga0k", "cwm0bsov"]
179	["s19w1p2i", "gqwwfpch", "be4afbyo", "4p6fcy8f", "je585xia"]
180	["a0q61mpi", "8ko7mmu3", "pppb83nc", "gb1sk22m", "o6dd2vu1"]
181	["l3bruaeh", "wcyqks52", "7k3uw04t", "mhbwjwrg", "b52pn8t9"]
182	["6j45mmjh", "gtp01rna", "6fpw6y8t", "6a728le9", "ge8o93rh"]
183	["ijoyk390", "92tvskxw", "3vrg7zyc", "pm9cl9ps", "i3jsvtwp"]
184	["pv7tgwcg", "t1ho5c9h", "85jx7i06", "g8tckoxj", "zcij2k27"]
185	["ba5h6uhu", "qa2pgjvj", "ithv0k5k", "wzz5ioek", "pn516wom"]
186	["2f09vauy", "uyzalds2", "ljpeq5aw", "e7uvbra5", "kutc6ts0"]
187	["9iomlhpv", "lg6qorv0", "2f09vauy", "38paoyuc", "9rczqcaz"]
188	["yt2fp8zl", "t7xaqtgo", "cq5z8lqu", "6a1fl65b", "myeiu66g"]
189	["3wo90f5u", "fedv6m9o", "10l12wgu", "gdyntyxk", "ozbmgd70"]
190	["dqfndau7", "9oui0l6v", "vadaxbsr", "e1macqqm", "gg2swy7i"]
191	["w1bx4a7v", "usyduiti", "qi1henyy", "a0q61mpi", "x9sfgtim"]
194	["n9aqux5a", "c4mz6w9r", "cj3cpn5j", "tvhn7lnu", "yrhb6ktc"]
195	["jb3wc81d", "cplyj4dm", "dohy9i21", "ix48o00j", "k7smwz6w"]
196	["rwevmwcr", "z1uz0awb", "yk872yaz", "34tqy9tb", "e8fhlo37"]
197	["p3rnfifj", "gz5ez8cz", "cplyj4dm", "9jlnker4", "irgnrr0j"]
198	["xj1nw76b", "cfbj6ize", "5c1e0770", "fzbs46fk", "qzwwekqn"]
199	["a40yhtqk", "bzeqs5oh", "oyr4klqk", "uohbxoeb", "oud5ioks"]
200	["6aku7ghk", "0kuotqoi", "uckqx5c6", "csby7etb", "8i9xwogu"]
202	["g15tvzn4", "0o3wjvpx", "r4dgrxel", "zv351n3d", "ifovibzi"]
203	["k30wvnx8", "be8eu3qi", "vzloj6b3", "ikon1ktb", "r6943zpb"]
204	["faj85qxc", "es7c7szs", "ffy19pp9", "cmp1bvhd", "jdob76wp"]
205	["k0f4cwig", "3sr2exq9", "sv48gjkk", "8j3bb6zx", "vn3g9qww"]
206	["es8l29ub", "66g5lpm6", "g7d2fi5o", "5tpkcd5z", "5dk3pslc"]
207	["06gxvptj", "g1zpqy18", "ty2hsl6r", "t3t7sbmz", "pggf4wyo"]
208	["7g7sgabs", "fdkt6moe", "78t2h7st", "o0m20894", "vsphu6ih"]
210	["3m9yonqe", "sygm6irl", "dqhdws5k", "trmwm9qq", "9aw78s63"]
211	["ljpeq5aw", "uyzalds2", "p36ilfqj", "e7uvbra5", "104lecie"]
212	["5z0xwlxp", "f96qs295", "uyb0of5p", "zycgczqy", "tra5ewc5"]
213	["cymppa7g", "bk3ss63e", "fbsrggog", "po32j519", "lvvw1npq"]
214	["5wlbalzu", "y442ugst", "ssicvtv0", "5fk4eyte", "fi7a0qvj"]
215	["7hporv6w", "dsfbmhbj", "xigbp7vh", "bvzi49hy", "mqyu72nc"]
216	["hg0lyy93", "nerxtetr", "qhrwngde", "fu61afkg", "5jl2whuu"]
217	["10v7kfcd", "iff8cuum", "li8kvzdh", "59u9ezr2", "6pn9jwfn"]
218	["ptnjbhtw", "dwgxrbag", "soz9p0yd", "8yg1d3ft", "jf9whlu7"]
219	["1iago9rr", "z8ajje2l", "z6elaxpc", "ijzoa0yn", "htn03ms0"]
220	["ysf5k0ky", "tra5ewc5", "f96qs295", "a0q61mpi", "w1bx4a7v"]
221	["tra5ewc5", "763v4duh", "0r0zdpds", "0hbyplqq", "f96qs295"]
222	["e0a1t2ig", "0njpdbv5", "ti8hnjgc", "s1h3p5s9", "xd5uhah4"]
223	["vmijl5yu", "blqukxw1", "kny0p69x", "ouvq2wpq", "adusu6pm"]
224	["u95kg3m0", "wd7drbky", "h1ncnt2c", "urk8aa5b", "qgwu9fsk"]
225	["g57r3son", "usyduiti", "8iqs6jko", "0emibwp3", "w1bx4a7v"]
226	["gc9eg5j3", "n2ih64pz", "g0cgjlok", "urj0nssb", "41yfx1ev"]
227	["8l5i1z27", "cj3cpn5j", "t4y1ylb3", "7a543f7v", "ruewzstg"]
228	["gc9eg5j3", "bsq640o8", "4mjg7jul", "evf9nz05", "f5ehif2w"]
229	["mjb3ip7a", "jtgpzrf9", "bzeqs5oh", "spfc0fc0", "oud5ioks"]
230	["3u3i5myh", "q3yt3udf", "54fmvcl5", "jgcv1wf3", "70s04wty"]
232	["k1ktytot", "gj8p22hq", "c7g2ah72", "rbau5dc2", "0rftk787"]
233	["fdn6h4gi", "asi26od1", "ntxr1ivx", "awm7dj9o", "otfb69ft"]
234	["0jvoa3ui", "tffhk1hy", "lsrpk3wc", "2la3hkzv", "udr7gxv2"]
235	["3bbiyucq", "j4hnitqx", "jcp3u4mf", "ln6t374j", "ncbjncfx"]
236	["ao6632cb", "zpxnr9s9", "b4supugo", "5i0m18nt", "x6m7yq65"]
237	["8zufbeuz", "bv7hvc1e", "x4zuv4jo", "b5yrfllu", "5aev7ltr"]
238	["iatmjkzk", "mpthhazv", "1n0qw2a5", "lme6vcqs", "z0hy52cu"]
239	["o47v5vgw", "o877uul1", "dfl69g4f", "7j4i6eud", "m1tv7mgm"]
240	["idlmau69", "3rxsplrl", "0aqww7cz", "ckswlo9o", "bvzi49hy"]
241	["3lzm42wq", "d9egxof5", "mqzus147", "f3dkdm7j", "nmrxjal1"]
242	["8qdcls1k", "3u3i5myh", "70s04wty", "g4nto9kf", "a4klrp3h"]
245	["2gjo4oqn", "mnjy6bq2", "0emibwp3", "ohkki0ke", "2f7wqamp"]
246	["2sb905jt", "9ui0t9tf", "x996e0cn", "3a5965df", "71x3b75z"]
248	["g5h4tazp", "nb27fn2z", "0sn7itog", "zd8c1no7", "tuqmar6w"]
249	["hm332jqo", "g5h4tazp", "nb27fn2z", "0sn7itog", "xavegbty"]
250	["g5h4tazp", "tuqmar6w", "yjqt74q0", "3q36knqh", "dzkf7c7l"]
251	["g5h4tazp", "tuqmar6w", "o6rgoe9t", "dzkf7c7l", "kmkeetl3"]
252	["u7ao9dwx", "e0a1t2ig", "qtzhfnr6", "ledopkwj", "h3tor88n"]
253	["8m59whf9", "r07mv2ka", "65efipbi", "eu2vjpw9", "5upb25gt"]
254	["g5h4tazp", "m40kwgcg", "32v44sw9", "7uoia564", "nb27fn2z"]
255	["ocguwlam", "u1s6ciy4", "4wbkis5w", "6buxpp8x", "plwoof39"]
256	["j05hs577", "3p2cuxk0", "su028g3j", "z1l6oyjh", "o0yvgmgh"]
257	["tra5ewc5", "fmgj3noh", "91gytlg2", "ximw03ej", "ysf5k0ky"]
258	["km0yzqqq", "hhuu7ol8", "4cnk76lb", "omrb959r", "b0qj7tck"]
259	["9pb2eqoa", "8je46886", "z86g8dzs", "xtraspw2", "w0ebmg16"]
261	["geo7ac5i", "x44oc1k6", "tlr243il", "58r5wcwd", "oeudi6lr"]
262	["kayh0v56", "726t123x", "ey0r1py7", "iu4p5k0w", "0rrhgz26"]
263	["n86w4vkx", "88mhfqkq", "4udv0zkw", "0c03fjk5", "pg5ts74v"]
264	["8je46886", "xtraspw2", "z86g8dzs", "w0ebmg16", "9pb2eqoa"]
265	["4vuucmfd", "ydh4ve24", "gi21di4d", "yb9uyov3", "suqkidrm"]
266	["7vdd5f4t", "q6j7vy8u", "vuxxerob", "0w9k8iy1", "8rogsybc"]
267	["wn98fql3", "atloc9th", "7y6ok9a2", "wiei5dpt", "5b9jytph"]
268	["9195zweg", "zbr3kfv2", "8so80bf9", "o68mentl", "376x58k1"]
269	["a451243b", "awfgfmx1", "znswomwk", "g2wpw330", "b6ki6rmn"]
271	["wv2gzahy", "xui25c83", "fdkt6moe", "wbix36hf", "n0actmsc"]
273	["g8tckoxj", "tloczjn5", "ueh60bz2", "85jx7i06", "t6de15ax"]
274	["9195zweg", "7oipjzq1", "n2wqalcu", "nok0yfzv", "tpic8ddl"]
275	["72ncfyc5", "9zg8q0gk", "rjhe893f", "lsares5t", "p3jvuj8k"]
277	["xiaj8ofb", "du7ba2ky", "53xk7574", "3ehm118t", "fd4aag2t"]
278	["55wqowbq", "1fxb5vru", "z514v0um", "euyvqz2q", "ynskrokg"]
279	["ddwrvlc9", "8fkzc445", "tf5a48i2", "2e2s1gof", "7vdd5f4t"]
280	["pofysmv8", "vf7xj5qt", "q1nye2ih", "p576v9du", "y6jrt5xh"]
281	["pscw933i", "hiw576og", "cv5jhuc8", "56rn6d6o", "qkjieod9"]
282	["h4cu63cm", "c0i45oix", "8ljnxihr", "glxt2q6f", "dt8h6a0v"]
283	["2uidarm3", "u8t64wmg", "d0r09lj8", "fnok2eoj", "n86w4vkx"]
284	["q1nye2ih", "leg5ntvu", "nkx5zdfg", "snlukr6c", "lav0kp21"]
285	["lirsu408", "40fvjskj", "pqjumz2o", "xh723tgl", "n2zhxvzz"]
286	["f3eogz0n", "2cwvga0k", "fq5nayxt", "igm2qr4p", "s1h3p5s9"]
287	["hq75gfd2", "ii2fmi39", "69wuny3p", "o0m20894", "j5sj9b3d"]
288	["v4ubd1l6", "b8c309hj", "4hmecfi0", "mom4y7cl", "ez1l3m4o"]
289	["ez1l3m4o", "v4ubd1l6", "si5mxgrk", "296ilxyg", "b8c309hj"]
290	["9avmlz30", "96lxmeqx", "du8wmh6n", "lt7qsxxh", "h1sura49"]
293	["ny7wkswf", "vgffg4c1", "z514v0um", "2uy0jjdh", "j8d47de9"]
294	["mb18fj8a", "a3lk2q02", "00ia8k0b", "xkmy79p9", "knlc3bxh"]
295	["3u3i5myh", "jlnt1pdd", "ijzoa0yn", "ruewzstg", "ftxgcgkb"]
296	["0g4naq14", "jghu52qi", "48ay8yl3", "n9fddzn8", "jvo0nk3w"]
297	["k36rymkv", "0y2kq6zg", "1w3x0g42", "umttnp1g", "tm9jb7bq"]
298	["k30wvnx8", "qmo1zzkg", "r6943zpb", "l9u3c1dg", "vzloj6b3"]
299	["o29hjkca", "93b2ivio", "lgptgv72", "vjpf1fk6", "reigmh19"]
301	["hi4a02kw", "jmhexmet", "o3bp0837", "ykfidmzv", "uk67ac2r"]
302	["xf7k56sp", "itvjhlnn", "8bi9owk4", "hwpn7ti1", "xcs9podj"]
303	["24u6q3ae", "bw6a5gmy", "0zun27k4", "in9a3bvi", "095g2l66"]
304	["y7lrp0gc", "51c22b8w", "3ls0po4k", "pi1yzeqg", "lgnhlxgd"]
305	["nb5ayz0h", "rg5sd5ya", "rwevmwcr", "43eh69dx", "37gpov43"]
307	["ua7hsfma", "8dgahmka", "wnpmwne1", "2r0a357c", "n040i865"]
308	["hqod7v2l", "y98m15aq", "93b2ivio", "1ktrjzha", "vjpf1fk6"]
309	["mw0wb8a8", "xcsl2evz", "dnxhtbxn", "69fmtury", "8dc7andx"]
310	["mlo8zypy", "9n7bkayx", "bti9aw8g", "vgk1sgcp", "z9vtw3r2"]
311	["ii2fmi39", "6ki9km50", "dx3ez40b", "bkbjlos2", "uv9xdp5f"]
312	["lwhy2spw", "npbzxwgu", "y74qhqw7", "357sbvyt", "a8065dca"]
313	["vdup9q7v", "i8byjktt", "1zd3hjpo", "7axeex76", "n8x0ab22"]
314	["uuy94dwa", "eje3i558", "38d6gb7o", "hcooar1n", "fcb8egak"]
315	["udtoutew", "3oetrhdh", "wyn09ag4", "pw51kd1r", "jmdrupds"]
316	["4aps0kvp", "4unn3fmu", "gobik7kl", "iu6epm2i", "ro3o27pv"]
317	["3oetrhdh", "jmdrupds", "b1w9ns78", "wyn09ag4", "udtoutew"]
318	["wzqdo1st", "l4y7v729", "9b6cepf4", "ike8mgh6", "f96qs295"]
319	["w0ebmg16", "z86g8dzs", "mnjy6bq2", "itxde5mw", "xtraspw2"]
320	["iwdklgyp", "w3fxltzw", "06fhiu9q", "js91utss", "2r0a357c"]
321	["ohfi48d6", "dcfqvp4p", "yw8a1ssd", "qv6oxjwd", "n2kn7o67"]
322	["w301ofxi", "5a5a8ifz", "9n7bkayx", "ypls4zau", "6g7eeyjd"]
323	["ox59xb6z", "oi8epg9m", "ro3k6q06", "bzzln9kc", "urv9o2f1"]
324	["7xnga86x", "2j11uxmx", "t3dzso36", "rb20ge7e", "nt1e70dv"]
325	["cj3cpn5j", "8l5i1z27", "1f6kq8co", "7wu8bfo4", "u5nxm9tu"]
326	["r6pn17no", "sybr04qy", "r4q0zqam", "eahv0nxf", "zu8dg7ma"]
327	["qkg8fwbp", "bw6a5gmy", "7wu8bfo4", "01q4pu9k", "u5nxm9tu"]
328	["ikon1ktb", "06yjv1ae", "gg5c8v7d", "l9u3c1dg", "vbnke2q5"]
330	["x220pjeg", "cnz7jlw4", "mz1bof2x", "evuixig8", "auo73dv7"]
331	["ufcheghf", "boqygpow", "trlni6iq", "1h9ewx5j", "0d77ojnb"]
332	["oe4bzale", "qv31t2vh", "t023li1a", "dz6nv7h1", "4dsq1dds"]
333	["tra5ewc5", "763v4duh", "0r0zdpds", "0hbyplqq", "f96qs295"]
334	["zycgczqy", "cd5m77rd", "wzqdo1st", "3ttyxjgi", "f96qs295"]
335	["cgxs9uam", "1igydu3y", "mj9xc5fv", "unx1pv2k", "e8mk04uf"]
336	["xl0zb9zj", "mfop9fne", "unx1pv2k", "ndn6iwre", "x4crng5j"]
337	["630w2rtn", "xhkjbeam", "64qt0w2a", "pmcjm9hs", "2r0a357c"]
338	["7xnh53x0", "cmeiqnng", "xdtvmekq", "incbwgua", "6twwcp47"]
339	["9195zweg", "z1l6oyjh", "g8tckoxj", "jj2u35z4", "vaeh5z4z"]
340	["wrnooffp", "1pplybpr", "g1w6w5tm", "m5s67z8x", "i0bc6k81"]
341	["01c1hxav", "p0brp6qd", "x208624q", "tppfqvtf", "ww2767gn"]
342	["tweqie5k", "4ohgr8j7", "aj64338q", "bnhwbaqj", "i9nchww2"]
343	["fedv6m9o", "8w43qkqu", "o99l5oh1", "5txhcr7h", "7klqhnr2"]
345	["f96qs295", "mja2qlpk", "tra5ewc5", "dt2pew66", "w1bx4a7v"]
346	["vrate482", "pxpghfhq", "bnrmh1qs", "8ko2lc1b", "l2ak5ygj"]
347	["vrate482", "pxpghfhq", "8ko2lc1b", "ywusapij", "bnrmh1qs"]
348	["4jyltfus", "oe4bzale", "ovgk0wsn", "tmgmqtjq", "k1adcls8"]
349	["3u3i5myh", "jgcv1wf3", "70s04wty", "wpuf4ofo", "19skljon"]
350	["sv48gjkk", "3sr2exq9", "z795y51f", "k0f4cwig", "xlczcgfy"]
351	["5053t5ki", "yn7e3do9", "dhy80rkn", "eoumpu50", "gi3vfi68"]
352	["8fnis63j", "jvqlmqsy", "mdc8trdh", "p0kg6dyz", "xjrhd6ee"]
353	["n5bqf6rj", "84z7jgcl", "hiw576og", "h1wycwxc", "jgq968f6"]
354	["8je46886", "mfziqu80", "z86g8dzs", "w1bx4a7v", "mcmqx7og"]
355	["r58aohnu", "auy3c2e0", "ksgdjdh1", "vjtwipu9", "13kzv4b2"]
356	["vdgu6h0a", "llcit7x2", "gqwwfpch", "idtt3frp", "3ybiysp4"]
357	["jvqlmqsy", "hpyzi04z", "3l3zs90e", "g4pd6g4j", "ku59o299"]
359	["zpxnr9s9", "gap91mwc", "mbwo1m1o", "ek5zfb8f", "1l7hldfh"]
360	["jk5tczo0", "yk872yaz", "d6wkv2rc", "lsiy3quw", "sb3y2w6c"]
361	["1u532bz9", "4ohgr8j7", "7omyaap8", "fsid4a39", "tweqie5k"]
363	["rog2h4g7", "6tlzij5v", "xxy10tcl", "asrkuts7", "usfvulc2"]
364	["hqkrer9m", "sdij1d90", "wmpjfc02", "8f83k2ce", "jisznsr3"]
365	["3f0pgo4z", "6d5tp5hy", "6d7zzgqy", "9lu2stp4", "ufzjvdho"]
366	["bzo4x7bh", "zbusl6pc", "jw42gokv", "8796x4ne", "bzxa0ajy"]
367	["km0yzqqq", "hhuu7ol8", "wgbyqfrx", "omrb959r", "l8bs2km2"]
368	["jgq968f6", "s2hp3sat", "9169o29b", "56rn6d6o", "qkjieod9"]
369	["gtp5daep", "lp0r7j5c", "trrg1mnw", "fxwszm22", "vh3qs9xv"]
370	["sh9w4ipq", "43z85jsb", "cuw2sx2e", "v06kyana", "2y1onwiy"]
371	["qeqd4soe", "fq5nayxt", "wtb51big", "1ef8ac5c", "fuvyeq3k"]
372	["3km6yfr6", "6gqxf34l", "vzdu9jwn", "yg2voc65", "jlrzu0wl"]
373	["t0l6mlm5", "jfdwo189", "6g4oclln", "qnuphz59", "ce1a9k8b"]
374	["z1y1zgo8", "rpjg4a9i", "25bdifv6", "6ukt0gbn", "cfd1x420"]
375	["ncbjncfx", "ln6t374j", "6entp07f", "bgiyvqgw", "0cybfr2n"]
376	["z4s7u17l", "hqjphv5g", "xi20pdvy", "pdd5wepz", "upq41f1z"]
378	["mja2qlpk", "f96qs295", "w1bx4a7v", "ropgq7tr", "x9sfgtim"]
379	["os0sslxc", "jswlq6wp", "mi6bdisx", "m46vdpv6", "yb9uyov3"]
380	["6t92yhti", "3p8rdaoj", "xjl11qzh", "u4doukk7", "ok33bqqg"]
381	["d44561hh", "63b7yidq", "suqkidrm", "yb9uyov3", "jswlq6wp"]
382	["8hkxbxz9", "91gytlg2", "iwc72ymq", "b8ipstv2", "veeavho5"]
383	["d2pzezq8", "8g70j0qw", "msxp1qkx", "60en5zy7", "dnm7s947"]
384	["ysf5k0ky", "nlnkgkjo", "fmgj3noh", "nsflghc5", "u6a65x9h"]
385	["8cd5z4di", "5kchpjx0", "uba4wym6", "7oipjzq1", "e49rdu76"]
388	["wa4gt5sy", "1a5oy6fr", "5kz2s7ag", "91ea40nz", "g9rs9cx8"]
389	["w1bx4a7v", "f96qs295", "tra5ewc5", "dt2pew66", "1s8jzzwg"]
390	["78d7vub4", "zdfslfmb", "b6lq0aue", "xd292vld", "apqzyln2"]
391	["puu8wib8", "yt7xnkaf", "33g2xvvr", "vlhlmn8t", "6srmh9qf"]
392	["q1nye2ih", "snlukr6c", "leg5ntvu", "lav0kp21", "9nyfz7s2"]
393	["1iclw0nt", "sgezc9kx", "43eh69dx", "irgnrr0j", "y2bsx8p2"]
394	["u30uz8sk", "jgcv1wf3", "th7gbzw4", "j5b0f3uk", "j0uojajt"]
395	["tra5ewc5", "0r0zdpds", "l4y7v729", "0hbyplqq", "lr20prun"]
396	["qn6wawxk", "gatxuwz7", "rtus1qyw", "2w6p6jji", "byvsuvn0"]
397	["msb6wgnv", "6ovv79ia", "nerxtetr", "qhrwngde", "3jn7tdaj"]
398	["urv9o2f1", "yx0u0iyw", "lnxsblg3", "e7gq365q", "376x58k1"]
399	["rr0v0ju1", "4et61my3", "evf9nz05", "kq6rups8", "lv5s1bko"]
400	["cfbj6ize", "xj1nw76b", "5c1e0770", "z218oii3", "waerqfzu"]
401	["g5uu01aa", "ep9moftg", "d60chk12", "6entp07f", "uk0hlynp"]
402	["mo23hpe1", "00xnsdt9", "lm73oj21", "8o2xddof", "r76tqrwz"]
403	["3nxmw97e", "ir874dkj", "m3t1hx5o", "6vqf2n5j", "a0q61mpi"]
405	["2my9o9fy", "xmd8fh95", "1hlqov6m", "vuzbni5m", "wuojo19n"]
407	["7f5nywod", "x44oc1k6", "pi9ndj9p", "4co920gp", "3qtxnbb2"]
408	["ikon1ktb", "gg5c8v7d", "ivug325f", "ncfvllzi", "06yjv1ae"]
409	["brt4zrhe", "208w0eyz", "1u532bz9", "7omyaap8", "opogstc5"]
410	["mru0mcup", "5525dp31", "dfhxcqr8", "wl4n02rf", "wvfw94n1"]
411	["a0dvzhc8", "929rrh59", "6mzqk12f", "3u3i5myh", "z6sjfdb9"]
412	["828eqxla", "ldbscq4s", "gs9lga7d", "y26bsn0n", "0rftk787"]
413	["rn8eezep", "qbp5nid8", "kk7rlevl", "kxi5qpxw", "xxy10tcl"]
415	["k1n00gir", "93y40vnp", "byvsuvn0", "6hehg1yf", "ypxur24q"]
416	["lypptk1l", "9wn91fj2", "r1wh54q1", "8rn7q32f", "edr7hrhp"]
417	["jihyavm1", "s245n3qw", "hcuxj2k7", "wf72fra8", "i5cfk52j"]
419	["i4p0n7d6", "o6rgoe9t", "4d6az41t", "zd8c1no7", "lq1qndxg"]
421	["w7gr98j9", "usr8hzcw", "raz9veem", "jmu2cfnd", "6bgquqa1"]
422	["delciztu", "am2vzj11", "of16ewcj", "0c03fjk5", "ls4ojc7m"]
423	["mzon01fd", "sts48u9i", "fnojlsnj", "3kjckx8o", "htn03ms0"]
424	["8je46886", "w0ebmg16", "z86g8dzs", "9pb2eqoa", "0ve5b28s"]
425	["nbdk83ok", "j7ltjn4k", "6xlk1n4e", "vsphu6ih", "4xs9avr0"]
426	["u7ao9dwx", "f07go7nh", "wk4zxmz9", "3rxsplrl", "jlnt1pdd"]
427	["5b9jytph", "knbngla3", "mnjy6bq2", "9pb2eqoa", "2f7wqamp"]
428	["o29hjkca", "6lsgwvsv", "xkqajjgw", "fa05sovj", "ihler8r0"]
429	["t5wzsjxc", "9ds4ot1q", "xpwv8xlv", "vxv7pq8v", "itqi22lv"]
430	["2hkdhwaw", "s1dert6n", "8t4rnfyu", "9jsx2z6e", "gxu62u9i"]
431	["n3xm6c0y", "std4jddn", "4mjg7jul", "039k70vs", "1nqbqmum"]
432	["0vy5yifk", "wcmxmahq", "yx3j6373", "ftjrg3dk", "wknaotjt"]
433	["1nmzo9at", "78d7vub4", "htn03ms0", "f5bs391p", "j4p46aiv"]
434	["wbk363w1", "zuc538yd", "6p0j6rsa", "5iwgutxo", "jlkpeh4j"]
435	["726t123x", "vrs88dcy", "cpbu3fv3", "vc6j8ao2", "agpuilt2"]
436	["styavbvi", "hg3xpej0", "jrqlhjsm", "82y56t7d", "3qvh482o"]
437	["5a5a8ifz", "g9rs9cx8", "orddpgl3", "8gub6wmy", "1a5oy6fr"]
438	["6pn9jwfn", "li8kvzdh", "eu2vjpw9", "iff8cuum", "121p2shq"]
439	["2my9o9fy", "wbsl6n67", "1d49odsq", "j9xlhtko", "d06npvro"]
440	["tra5ewc5", "763v4duh", "ximw03ej", "fmgj3noh", "0mwz8kwo"]
442	["fnguelau", "c18arb6s", "7xnga86x", "2nj7rn4q", "2j11uxmx"]
444	["v7ckvxjp", "l5nncxqo", "tv014ubp", "6bwd99d9", "i55203bt"]
445	["x60fkihk", "jlr943nv", "moe0bi1g", "h0iynw2w", "566pbuic"]
446	["1adofojj", "6qwj922f", "l63d9lyd", "iucrorzh", "bnrmh1qs"]
447	["i88ccp9w", "xqcs4j0g", "ckx305ue", "ssicvtv0", "8796x4ne"]
448	["pxo5uh4w", "2tan64hc", "7fua7kgs", "y1nrc138", "daj5g788"]
449	["s599iazh", "ai5dfdfk", "3aa6kd3j", "868txjrw", "ybpce7dn"]
451	["r58aohnu", "0cnjtxyq", "xxlvyp5c", "lgmdpxcl", "ra3clbbr"]
453	["tra5ewc5", "0r0zdpds", "l4y7v729", "lr20prun", "ximw03ej"]
454	["i95dnfw3", "qxtcbksp", "i4p0n7d6", "m79zl7ka", "g1zce6p9"]
455	["jbom8iq6", "s245n3qw", "llow5xll", "w094r17f", "asrkuts7"]
456	["1ad18z11", "z3o3ib2f", "2xjv2fb6", "14he8n3u", "0y4f1sgn"]
457	["7vsv726x", "zcxxk9hd", "zcnr1e2f", "5wlbalzu", "bdkr3s9t"]
458	["4hmecfi0", "i9wjpbe7", "ne7e12nj", "b8c309hj", "rvygtpvb"]
459	["g5h4tazp", "tuqmar6w", "dzkf7c7l", "kmkeetl3", "mvm1t0y7"]
460	["296ilxyg", "0sn7itog", "v4ubd1l6", "4hmecfi0", "ez1l3m4o"]
461	["di7hfghi", "1w3x0g42", "byh09alo", "5wg2clq7", "k36rymkv"]
462	["g5h4tazp", "dzkf7c7l", "flvz7qni", "v29jmh6s", "kmkeetl3"]
463	["y6ufb4l6", "s3vaa0yc", "xnxn506o", "k4ubol2x", "43c1vind"]
464	["f5twvg9g", "gtp5daep", "soz9p0yd", "dwgxrbag", "33cmymur"]
465	["fnojlsnj", "34j9n40u", "io8mozoe", "1k0xqhda", "cymppa7g"]
466	["3igk81h8", "n52kx0y7", "zxe95qy9", "w0i3oy97", "4mjrpjit"]
467	["irhizn0b", "25jq098w", "qkg8fwbp", "u5nxm9tu", "y98bleop"]
468	["e7uvbra5", "2f09vauy", "ljpeq5aw", "2e02uktc", "uyzalds2"]
470	["ywvk6gu6", "uru7bkr4", "5t4twnpm", "yj3yisum", "li8kvzdh"]
471	["1peg3502", "q7vv128t", "tbio295u", "fpexa30s", "wv2gzahy"]
472	["vf7xj5qt", "yr7ow4m4", "tcby6780", "hlv5zb0s", "zrnxq5uq"]
473	["9195zweg", "kr4sr1ae", "z1wwlea2", "vllhupzp", "n1q1wr9s"]
474	["n5sei1oc", "0gn3b98n", "e0a1t2ig", "bwmpamea", "srfypn7j"]
475	["hezheq49", "kczhrxxd", "3bbiyucq", "ep9moftg", "q10pvwf5"]
476	["qn6wawxk", "yk2th44f", "xl9rwld2", "wrsk5vh9", "679ds029"]
477	["wt6azxc1", "6qai5sev", "yx0u0iyw", "y4eyse0y", "rhnr430g"]
478	["nih4l4ok", "ndcg3o7a", "euyvqz2q", "y74qhqw7", "hpcqbohs"]
