post_id	top 1	top 2	top 3	top 4	top 5
1	j0bu0upi	1fxb5vru	gatxuwz7	8fkzc445	jqwoxfsc
2	evf9nz05	f6vau5s6	5vp2r2bd	6q9zmieo	5iudn4kq
3	trrg1mnw	25aj8rj5	ocl5qf9o	est5jx7g	ldcim3cw
4	ru2ty1y9	wabd3b9z	enlj85zc	bnkggl84	b39i4v0t
5	f5p37j7g	nzat41wu	jnz5by5w	uoj3sclr	v1egyqt4
6	vdd8uuv8	on53pegz	svxbesi4	u43jmpyx	az9zt5xx
7	leqluxpl	2a12nsnl	zyrvgaql	x5htdsbn	nrl6jkpc
8	0pcgcbjw	tstx42h7	sgo76prc	121p2shq	gk3wr6s1
9	atnxkvy6	3ybiysp4	611ih9pl	kq0cu73r	ngpl6xs1
10	5z0xwlxp	iu1d9i57	w1bx4a7v	uyb0of5p	g57r3son
11	gtbegs4r	l4u01fzk	5pe3wag3	jp80u828	1aruw47h
12	yzn6jibu	l6bnxi40	a66sszp2	yztfkwkc	7kxi7px1
13	idhbd102	vxv7pq8v	cxqzo58q	mwvcd5eo	8tauux2o
14	geo7ac5i	25aj8rj5	7j5zmg8w	b52pn8t9	cgnofutd
15	nbdk83ok	8jbisapd	9p2pzsx0	eomtjrgc	d02grfth
16	reigmh19	7c0844ui	1m2mp7o7	b2w95zcb	4bbapd1t
17	ccxnsmia	h2uc7ria	k2qj6o7j	oh23px9c	4lk6gdc6
18	1s8jzzwg	w1bx4a7v	h7ftu3ax	y43prnko	pdfl15fz
19	fff0swre	y0mbzzx0	ncfvllzi	ysd9pmq1	0o43v17h
20	1aqf98e0	e1mnj7bf	wn98fql3	w0ebmg16	9gn4jcu9
21	jgq968f6	ykxr9q1j	wnlse824	dgng39yd	s2hp3sat
22	hgpiig0g	7vsv726x	jnmpyovl	1cpjqav4	zjur5j95
23	t1vom8f3	7xt894vr	jp80u828	630w2rtn	xhkjbeam
24	wk61uyrt	dt7hip0z	raw2mt47	j0uojajt	e0pz0z4j
25	uzry86hi	n9nu5n44	4z8i83p4	ezrarusj	p7rpfsph
26	i0bc6k81	7fyhx6c2	8393t8xl	aktcrflj	d81rq6b9
27	q3h8afld	3akrube4	kl3mfkoh	ge8o93rh	0v55vvfd
28	9gn4jcu9	a0q61mpi	r58aohnu	iu4p5k0w	lh18omnj
29	r5iu5nr1	9iomlhpv	akkwvf36	q9d88fxx	zmkvs7e7
30	vw8a1994	7i4ssxac	yc7cvbii	h1ubsx2h	d1pgjtjh
31	is9a77dk	gatxuwz7	cdr032lw	g6elhxzt	v7udqoi0
32	mt0c57cp	mcmqx7og	h7ftu3ax	vvmb92wo	o7qytdl5
33	7zngkwoh	iylmvmv3	fj6l76hq	y43prnko	hcwuv519
34	psaq958v	24wfokhg	dptapovm	hgpiig0g	a0q61mpi
35	7tp8z7n8	yvbmbnjw	yaad1ve4	zv351n3d	71c9w51t
36	383sp7f5	8d5gl6l7	u31ixcwa	sm0112e3	ktjfs3s7
37	8l1vfsbc	6g4oclln	aqke0012	ppe8br4z	6zfeeuy3
38	2tax8ajw	4vvuye8u	tn8houmc	isc330rk	z71bquck
39	fynl88p5	ekgqdjlk	qgzc1moh	ihler8r0	lr5lumdr
40	wr6qa1vr	gha1wg4w	eoumpu50	snlukr6c	5tkxucuw
41	y0u00y67	1blzi9r3	w01dub6y	dqlay9br	c7g2ah72
42	ike8mgh6	l4y7v729	3eq34w2u	m5udbs4f	gqmicba6
43	52lf5gzr	djev6er7	gcsew8u3	eza5qh47	ib17jyva
44	fub50lvt	1l4o9pko	7esjlc7i	7th3d6wk	z514v0um
45	s2vckt2w	07cica09	nmmayjcp	2s1io2fg	bttme4wn
46	r0nmq9ne	xegy9krj	08d9t9ex	la2wvnb0	yx0u0iyw
47	0extp6r3	0si51n85	mut94ov1	jdo7afuh	zzf2i2k2
48	6vqf2n5j	6xxm7hcs	5m23wtpi	f6l0hwyw	yuw7dvcn
49	bqy5eo3p	zb7ge4b8	il4wa97x	xthxesgk	e8m2n9v6
50	4hmecfi0	h13p6ogs	mom4y7cl	296ilxyg	ksjkypzx
51	uj5deryi	0pptqw7o	kdxoyvsv	uexahhdr	y4eyse0y
52	dzkf7c7l	3ubithu4	9b6cepf4	w7owso28	zghh0zbd
53	jfvq2gfx	u7ligk1k	q1nye2ih	vprj63y2	asdcpvhx
54	4ehxnzc7	cpqeo65g	68d30i8k	xthxesgk	jlnc3u6q
55	vvmb92wo	2bupc5jh	w2c01295	ys7azmv7	ktjhr028
56	vc6j8ao2	ex3s7ytv	r1tp27z8	ycklcks9	ipon95io
57	zq6oe8w0	30pl5tx3	3et2u6sq	855atuue	th64ca79
58	cj6o6ady	lvbutmio	4i19gysg	opda8pjy	msg9j0lb
59	ezrmuw48	fgab2fu3	dljqpvyk	8rp0v8yo	c2a07zg0
60	3mfwweyr	qlwergum	uto9q6s2	5g02ykhi	ksvw62gl
61	0eftiyuw	9aw78s63	trmwm9qq	sygm6irl	dqhdws5k
62	6fpw6y8t	jzosdlu7	c0ipfbeg	3dconbli	ozmgm5bx
63	tdlcb9bf	5o9bbspc	n5ogyxz7	195h4ofw	iz74o9de
64	bnhwbaqj	vp2t4xkn	6buxpp8x	gsgbhqwl	o7qytdl5
65	xmd8fh95	u7ligk1k	faxm9rhz	5w4cc534	nc60nlq7
66	uejtwgar	kwqdyhn6	lehzj4d8	37ricask	qk8e2ac1
67	jo38hjqa	79m3sdfe	q1qqm9e6	ekal5251	cvkdpnn3
68	65efipbi	ky5env7t	rxx0w56j	fxwszm22	5ifrkb75
69	kayh0v56	lpar7tc8	b9nqcbf7	eq5qqshb	zvlbs4cc
70	7f33cu6l	4gxff3rd	idlmau69	jswlq6wp	vwrhypnl
71	6c47sm6i	9k4pwc2h	53t1mhnb	jvo0nk3w	d0s3vl2w
72	fgdzfr39	wtovv1jy	d6ow67k9	1b5hb0g9	vpqwkmlv
73	qdmkx03t	3tfof5nd	8lnjbxe5	v4pkwd44	3u3i5myh
74	w3ls1d7w	dhd9e9bn	y43prnko	4wi9lln9	k6cumncp
75	0bh8i14e	5lzixulv	s4xintwp	uohbxoeb	o476dtgd
76	isivkz8b	cgc0v1dg	05djnz4p	ngywgodg	f6i46t3h
77	i6mdlf36	yadb7gwj	a0q61mpi	tiqksd69	1adofojj
78	5q8k71et	r5nzz1j0	9xpbwf9c	q17jutw0	c4h0x85r
79	2rx84imv	2f7wqamp	607lsqlg	xtraspw2	g57r3son
80	7qxs79qy	d6mt6nze	jc26e39s	cbp4o6ou	5jwuluy9
81	7yocj24n	kgmugkmw	cy8vyb6j	kq6rups8	h8ykn6ut
82	d0cd89hs	5t5l5rrx	33cmymur	s1jrb2tn	t0l6mlm5
83	g3ny530a	dti9o5x3	g15tvzn4	ro29tdt8	rlphji4q
84	ca3h96bx	octtj2vf	hi4a02kw	5azti19e	fq9wx29o
85	hpbcwiwf	5m23wtpi	w0i3oy97	bn22k0p3	29z4q4fs
86	opjfy3xr	wq92nfnd	y43prnko	0yysikc1	ai60maqz
87	hlulg3wf	24ie3mhq	d3530i86	rqqyym05	mp6ijj8d
88	1ef8ac5c	wjktna81	g15tvzn4	yynwksqt	n6d6ebhm
89	i5j4nmjz	mim419b8	ptd57hee	nfx86mkj	f0judfwn
90	1b5hb0g9	2s1io2fg	4gj7qdtw	m41w2007	sv6rhlkb
91	2zbm4iwn	4qgfjczw	2kh4iw8h	tc21pcjw	s86zb5up
92	vg96f35h	lvvw1npq	po32j519	fgj2lvbg	i0swl50w
93	w0ebmg16	hqod7v2l	3fiqpart	wq92nfnd	kt47i60w
94	8gl323hs	q7pieq3w	3mk8dwf9	bumpnp7q	bx7vz0r7
95	1l4o9pko	aakzdkcj	9wnkmn27	ax3e82js	l97yi8l9
96	ukdylwb7	uifnjio5	nswj8x43	ruegzkoo	3tfof5nd
97	8bihly91	4vq9ljlg	bu5kfsfi	mkl7rvr6	oijl3pjt
98	dbxufi3m	yqx0xqz9	v3h2nxpt	b4dz1lnn	pmd1n2l1
99	atloc9th	jgq968f6	wr4r7jd8	asj7352n	2rx84imv
100	47p4g80o	k7vjqzx1	y4m987yn	ghabnnv0	kt47i60w
101	u95kg3m0	4img2we6	8wqii0nd	urk8aa5b	h1ncnt2c
102	aj885nl0	hkk23tqt	z92xqedn	1yvsae2q	f1utp08a
103	6y6e5qgj	a3i3t6od	to9ixrwr	ypqusgs3	8lnjbxe5
104	ike8mgh6	tra5ewc5	9mn6trtn	763v4duh	1s8jzzwg
105	7qpwux9w	k8wb51i7	y047cuxp	ej7pj7d2	ogrlupbx
106	hunepli1	78wu4kgv	hn21zwy1	mpthhazv	a0q61mpi
107	suw0h7s3	2jwuzfan	v34r4tix	u6a65x9h	cr2cute3
108	sxi0tpsf	y43prnko	vx1hjh26	ys7azmv7	bkm8k9ud
109	hgqohdct	iwc72ymq	lvvw1npq	33znyrn8	ljt9rn8z
110	zjnry1ny	o47v5vgw	z35xw2p0	6kbdxhxv	ut1k8xe7
111	vi1jl4po	7momt81r	8ztv34hs	iy8pp5ey	jihyavm1
112	3tfof5nd	qdmkx03t	x924tb4t	b36vq2pj	park7t3g
113	72f64kpf	ylvgmdwh	hzv51czu	8wyfvk1k	wbso4fci
114	8r8586br	osol7wdp	4haf8aaw	y6zisciu	acfa95vw
115	qtzhfnr6	il3g34k6	65ois1qn	bwmpamea	hunepli1
116	rc5d6wi3	1992wisb	o3cr0xvm	auy3c2e0	vu1f1hp6
117	479wkesk	yrbgdica	sjqt01gr	kt47i60w	qlng0zvn
118	opckeugf	lpoxaetv	7fe2vdm7	sok0cyd3	jgs4jszx
119	iha9gjt4	9gn4jcu9	607lsqlg	ys7azmv7	eg5snpzs
120	q17jutw0	tb538rkv	79xnx9gr	f0t6n2j1	yhun6hid
121	k3mz6lf1	zbkx78mm	td3drkgw	cc23zega	p3ytwqeg
122	913sln1q	tki4l0gb	gat4jwsu	7nssge06	r9datawi
123	8cvjsisw	l375v2my	zt5alyy2	m9i9gu5g	vgk1sgcp
124	4budtw8s	8v9chk6j	eje3i558	i8byjktt	oc7koh6s
125	o8gdpf0i	2lk2vm5r	3ehm118t	m69ceq2t	ujy4i5uu
126	gw6qnwe3	ulmyc9su	5frs2nhl	5dbuxvc4	am11yqbf
127	k6cumncp	35xqlryc	iyi2fwhf	uyzalds2	a0q61mpi
128	qj1v04cf	9e6g15iw	1adofojj	3a7utmsd	xzuynia2
129	j3avpu1y	q92unteg	xuiswu2l	d6wkv2rc	3jrb0sn8
130	aaznc5qi	tlfvjcy2	jki3gdxl	8nil3u2k	0phf73r6
131	qv6oxjwd	o7ww2prj	pl6dpxkz	yn7e3do9	vori28fm
132	1otgdo19	yewi7l9t	koybwabx	uef0bbh7	bxjmeqgp
133	93amoypt	anu3pahh	9im9gqw6	1ifm3vgj	s0aqouwa
134	2jdlavwj	kde51mn0	vmmwtdia	fu685z9a	7jwqm0b2
135	wslsqytj	utak6i4e	hpbcwiwf	gha1wg4w	y4m987yn
136	hfbi7sk5	828s0mtz	zkb1zbvq	8udyoutb	o29hjkca
137	mjb3ip7a	8gl323hs	5dgggmv6	s4xintwp	hhuu7ol8
138	wk3fh9ke	vprj63y2	vdgu6h0a	4unn3fmu	0ndauq8m
139	bmrxgkz7	9hru3tuh	xkmy79p9	rej743ia	wyn09ag4
140	3w5ouagx	9n28nniu	4iuxm6z2	3wg6flz0	snlukr6c
141	jtwb17u8	ip9geldg	o877uul1	06yuz5pn	o47v5vgw
142	rmyy6fni	5gldyo2d	nfem3htm	mjm2kap6	qfrabyp7
143	spohl5ey	mqzus147	j4pgpxoe	wa4gt5sy	pmd78j61
144	tra5ewc5	i1yf8fgk	9mn6trtn	1vcc1khg	8hvve871
145	vu1f1hp6	yb9uyov3	oa81rhdb	zjujs11q	ksvw62gl
146	9wnkmn27	iu5ndsxn	407va85q	q8l3ra55	lm73oj21
147	nz976qc6	vrjibtfi	186wyg7t	407va85q	2l883zhe
148	xee6npr3	n86w4vkx	x84su3ki	wtovv1jy	w3fxltzw
149	4jjhc5zo	v3lcyzj5	ffyavhm0	il5307pl	l69kwh48
150	q5f98qzk	5zeqfohd	1xycng32	2my9o9fy	p5nte83n
151	8ihlm3fw	2a12nsnl	leqluxpl	250glj07	m8hkj1dm
152	5zt4qx4q	s0374olh	jw6kh8os	35vfjer8	fk62t9ym
153	fq9g84wc	jjiiutd5	asj7352n	zc10b6j5	wdvuweiq
154	ler0t9o0	8wnnao8o	ge8o93rh	1u38iqip	0bczgiyy
155	dcfqvp4p	trrg1mnw	tqx25jad	0o7rm667	idhvf9vr
156	hfbi7sk5	42i1i6br	828s0mtz	r440fw19	5sfojk7y
157	xnrb0byz	8o2xddof	fub50lvt	a45f2qtl	d21lvneh
158	hqapg5ow	j884ppwq	ximw03ej	eay6qfhz	b0dzhsrh
159	zcnr1e2f	zcxxk9hd	fyy42zaf	lhe82at0	9qo95a1c
160	jz6o9gnb	lm73oj21	sywxrxmf	l97yi8l9	7th3d6wk
161	2q6qmex3	ezrarusj	963hkkiy	uzry86hi	owbv8ua4
162	h7ftu3ax	mdewdbqs	5u63aqo5	1vcc1khg	mcmqx7og
163	7qpwux9w	pvrp8u8n	7tto4hr7	32ua8wb6	lr5lumdr
164	ojr558x6	wl2iuup5	4zxfghz3	qt3kk30m	hyezouy8
165	eauby68p	smagtwzs	anu3pahh	8xpenaxt	c2a07zg0
166	supf8vel	6wsa54w2	x84su3ki	d6ow67k9	32ua8wb6
167	2bupc5jh	ai60maqz	icejfmzr	hqapg5ow	95e1kuux
168	wi1slkpf	wzz5ioek	ithv0k5k	wpabett8	qbj8n8h6
169	uxz185vr	ny7wkswf	klh90lvp	knlc3bxh	jfvq2gfx
170	4img2we6	u07jsjmf	qexarxjl	72f64kpf	4jjuwc9r
171	bkbjlos2	qt3kk30m	gqmicba6	q1nye2ih	630w2rtn
172	mnjy6bq2	2f7wqamp	xtraspw2	knbngla3	2gjo4oqn
173	7kxi7px1	vge26qe9	7tto4hr7	umui2dn0	yn7e3do9
174	qbj8n8h6	cn3d6j6z	fe72aj3a	krh63hqp	5b9jytph
175	gzk9xbzk	am2rrgrb	0zun27k4	iyi2fwhf	ach2lhhe
176	s3vaa0yc	ksf2tpdw	edz3up3a	vge26qe9	9p2pzsx0
177	x1uc10m5	yhap30qx	xcsl2evz	69fmtury	mw0wb8a8
178	s01g5wxg	gbpfypmn	a7blklzz	1kubts7j	2jfo2csi
179	4hmecfi0	v29jmh6s	entkqcn3	di45k0dp	fiicxnty
180	gtp5daep	122yi9np	5tpkcd5z	2jdlavwj	f5twvg9g
181	ktjfs3s7	k2f667sc	rcaxap24	z22g03v4	y0u00y67
182	y0qrxya9	fnim10e5	y98m15aq	fjuehj70	7clr6hbf
183	rytalfyx	8cd5z4di	jwei2g97	gnh6ukge	j3avpu1y
184	mo3y3mau	30pl5tx3	58nmdd4f	u3832seg	1cpjqav4
185	hert77y1	s0ca1r5s	9briyvuq	9xpbwf9c	wpu6vkj3
186	8t5r7ts4	fofw6fmx	dxks8jiv	1mbtt8z9	gd19rkm2
187	7momt81r	jnmpyovl	qv1xdqau	jki3gdxl	b52pn8t9
188	ba9uog5m	ptnpgh3j	4ehxnzc7	tgstsac6	rtczfklg
189	rpa2v44v	ysu5rwmi	6gq5obgs	wzyj4y30	4bvxj7u3
190	ny7wkswf	uxz185vr	q9qtteqs	f14zbj4o	pfc31r4o
191	hqapg5ow	iu1d9i57	2gjo4oqn	qsyqnwn5	ktjhr028
192	r9yzx0pk	v0y734lu	gcsew8u3	ryj83uw3	vryngrq8
193	z2jtzsl6	n5kgdoln	723l0buc	w1pv8dsg	n0zppf8v
194	nli8ccyv	ronhrs29	121p2shq	8g70j0qw	35xqlryc
195	h83qgmnq	86auifl6	ouno4jpl	6e444g2z	sgiuqs6z
196	tdwkxwod	efm6zj9r	4vzdk69c	p7cbnrji	hkk23tqt
197	cbhlzemx	s0374olh	vblfew3o	qiyd67z3	o43e6aid
198	sgo76prc	3w5ouagx	05vmhjjp	ga1fks7l	9pb2eqoa
199	4haf8aaw	944pn0k9	s0w95qdn	32v44sw9	e85xdrcw
200	8xgp6nhy	fdkwklzj	rr0v0ju1	t3qn61pn	vo6jdb65
201	3kjckx8o	h0q93in1	6xxm7hcs	7a8ym7uj	5t16srpn
202	amw2c96l	r7aqsyfl	qa1tbu6t	rcb943w2	dkfohub3
203	25aj8rj5	hunepli1	ky5env7t	ws3tfs1j	92f2xg0y
204	t3dzso36	ixhaq0az	q4zuslmp	b35rzdga	nxu1xoax
205	30pl5tx3	hgpiig0g	8xf8u6bg	xii14gan	20xgqvxc
206	2f7wqamp	2rx84imv	mnjy6bq2	jjiiutd5	95e1kuux
207	qu7ddcw9	y4m987yn	nt1e70dv	z3ock8ar	vp2t4xkn
208	4zd58eqy	aqutzlx4	d8lmft7i	6fmc5mbs	q1yn89cq
209	utak6i4e	dlwfu274	xjc0l0tv	j4p46aiv	1ha9cubv
210	rr0v0ju1	evf9nz05	4hmecfi0	296ilxyg	tve01g7i
211	1k0xqhda	go0tueah	yrdzg7wz	33wpjnko	mfop9fne
212	wigakw9h	d4upbc3v	eu1dgkw2	4ercv3oy	17km3arw
213	tgqcnfa0	rdmmnnjd	jm4dmnxz	6eivv0d9	f0wzxv39
214	37gpov43	k4ttbbix	4u3v4vyu	97msfh4l	sg1e404x
215	nli8ccyv	dyrn6z9a	rtus1qyw	uddwc4tu	qxwjpv40
216	6pruwy09	24wfokhg	fhxgzm2i	v1uoy0sd	acfa95vw
217	svsib7yj	4gxff3rd	71ixs3y4	f60z8jo2	b0wy5zz4
218	7fociv5v	08p8ns2d	tov6uq27	dtbmznld	ldcim3cw
219	4yi9iup2	7wz030vg	duqgd4gs	7axo7k51	h8tv2u77
220	1xycng32	5yscqct1	s0w95qdn	nosh8awp	y62zkfom
221	c59vfq1o	jjiiutd5	l8zfuhzk	ohkki0ke	wdvuweiq
222	3o5c0l24	f74g59b0	xfcqbfse	fq1am5na	hranq899
223	5a5a8ifz	obhm5mc5	ypls4zau	t0zphgfl	4qp083h4
224	l6kcpnbj	ce1a9k8b	frxriw9v	i3ahtzdd	4pyx0xps
225	foy3dsq4	wdfzrzkt	3urmf3ie	zmc0kl4r	4rsvcbnz
226	qlwergum	ssmw2jef	fmwb9abq	nl1ud0rz	7qz1o6aa
227	36flecmg	y12veqre	zoipx650	1vj9p7vm	195h4ofw
228	uxz185vr	ny7wkswf	cn0hqvsz	3i82sxk8	ws75gpsc
229	fkbup9qh	c8rgn7e9	859q36i1	s1jrb2tn	sdsmy0bw
230	sygm6irl	1l4o9pko	dqhdws5k	o1xkgkn1	ultl3rpu
231	fj6l76hq	ybjnep46	ximw03ej	l8zfuhzk	itxde5mw
232	egn81atf	fai1kymu	9wx4ltyd	yfpioqi5	l3a3polk
233	vvuaegse	9wn91fj2	deas7kr0	n0cros71	5w2yxjvx
234	us518bwp	br0hhzmn	ler0t9o0	met50keb	8efdzlc0
235	u4doukk7	xzuynia2	uitc2tru	jrgeasqy	dczcruim
236	5i0m18nt	ler0t9o0	rqnvo9t2	0klbjvrj	6hl55c60
237	eeev3k9x	s2jop0z4	ny6zepe9	2kft1r3l	8hz4go45
238	8ko7mmu3	1vcc1khg	xtmn1n0r	usyduiti	92z77upt
239	1l10diya	zspewf3p	mpkli2xf	41jqgsv0	rl5g8iqm
240	2xzntu5c	1vmicejr	01bjz2qq	j80mp0kn	o6zww1rr
241	6sgeraws	222c1jzv	40vsmpfv	l5ogbl5p	zsra2yz3
242	8iqs6jko	mnjy6bq2	w0ebmg16	2f7wqamp	2gjo4oqn
243	zj0yxy2z	o4vvlmr4	t2gxkxxd	zecuhkcd	nnxlzxdt
244	xokujzbl	06fwhyac	93y40vnp	x64zft78	k4ttbbix
245	x9veckdi	2ax0z8r6	mqu6d8sp	b4161ynv	apx6a4yb
246	6rpm4phy	z5493bye	2s1io2fg	nf6n6afo	p97kgjmp
247	hqapg5ow	sxi0tpsf	3lzm42wq	gha1wg4w	r2hovw0y
248	9aw78s63	nvbt5gxl	gha1wg4w	wf72fra8	aaxhrecp
249	t9hbbqay	cfi5zhgu	vpih1wvs	6wsa54w2	32ua8wb6
250	zp3efdn7	m6svwukk	9z6k1hx8	n51qbkas	ach2lhhe
251	mxg2q1vd	q23a5txz	nuu9l5kx	ro3k6q06	l4ahii9e
252	kiq6xb6k	a66sszp2	iwc72ymq	d2xc1hew	ekgqdjlk
253	1gbq9j88	3eu5n942	ssicvtv0	xli7wyg4	umyojne2
254	yxkub54e	o78vcy90	0tn06al2	m8xfza1d	2tax8ajw
255	wdfzrzkt	foy3dsq4	3urmf3ie	zmc0kl4r	4rsvcbnz
256	zqekxlz9	r5v2gi3v	3724854p	qun2lfcv	3jrb0sn8
257	b4dz1lnn	entkqcn3	p1ayih2z	lrqt2gcw	mg9kypvn
258	wcq3qqt4	fxvro3wl	5zn5mgi9	od5nnxvg	3fiqpart
259	n1q1wr9s	3lfmmfp2	69wuny3p	9ei6ubx6	umg0ms2i
260	v1ei9im8	glpca9u0	cnz7jlw4	kiq6xb6k	mg7dfs1r
261	353wr671	ogchq8gz	frx9hfxg	tljydrnu	ajzl3y46
262	mup5hr7e	7aaiyppx	4img2we6	8vk15klh	u07jsjmf
263	jki3gdxl	r4q0zqam	zl4ixyg1	jw42gokv	5yscqct1
264	me08w1ir	td8uwcas	82hqy612	lbkjxws4	qh6fqna8
265	jgq968f6	4p6fcy8f	ifovibzi	92ezdiap	xhkjbeam
266	vpih1wvs	c8rgn7e9	kkskmuw3	faxm9rhz	bgr4h7kn
267	xeb14weg	f2ypnls4	cjfn4dna	lnls2mhg	cv6no7nw
268	lm73oj21	nvbt5gxl	b7w2n36j	dt8h6a0v	9kfs73sr
269	efm6zj9r	0l5li1f0	s842zn9l	gk3wr6s1	ua7hsfma
270	oud5ioks	mo23hpe1	186wyg7t	8o2xddof	ultl3rpu
271	ef3warsh	w3ls1d7w	y43prnko	ropgq7tr	x9sfgtim
272	5tdmh0ac	2aoyzj2b	2yrgy2y2	d0cd89hs	vqswp96l
273	jkm496ip	dc8z4jzo	7momt81r	jnmpyovl	1cpjqav4
274	30pl5tx3	f96qs295	9b6cepf4	ordof7g5	y9fqa20z
275	kjr6dcqv	gdfvt4pu	grccu4kh	pva0xii7	n0p8osku
276	nxu1xoax	fien6nra	onlly1ga	1l4o9pko	joscglfp
277	o1xkgkn1	m0598zrc	3m9yonqe	1ov3eydq	c6lilxk3
278	u0jddsup	te0v91nr	hn6clwoj	o476dtgd	doi8buyw
279	186wyg7t	yt2fp8zl	lm73oj21	nvbt5gxl	dt8h6a0v
280	gruir7aw	9f5i6crg	h2uc7ria	7j4i6eud	9x5k7we8
281	353wr671	ogchq8gz	855atuue	wdj7o7kn	dljqpvyk
282	ldbscq4s	tgd6gy3z	l5kr2dw8	tmdwfr6x	rl5g8iqm
283	ozbmgd70	9rgv88qf	3wo90f5u	14alhxc3	zdfx3zo3
284	u2kjft6q	ko42qlzr	ws3tfs1j	c9fg1ni6	4gxff3rd
285	c00jgkpg	p3clfah1	3p3qqrtw	9gl8g08y	mjvst2is
286	6274gicp	7iuls8x1	6ajmuuld	hapw6lv9	1hlqov6m
287	1cpjqav4	o7qytdl5	jnmpyovl	n6d6ebhm	hunepli1
288	mkgszhkk	o6dd2vu1	8hchfgx6	uhkff67h	bhjwd01o
289	lty6oq3d	5aev7ltr	0oq0xmzr	z9jqbliw	bv7hvc1e
290	t1vom8f3	3jnhboif	hvp47bm2	kjf63oug	zu5mg2im
291	nmrxjal1	52qpcg63	3ubithu4	6d5tp5hy	l0p7kci7
292	pw51kd1r	y2ezdqhr	8d6vcqr3	i1yf8fgk	ragjcn97
293	f3mvdpq1	sgo76prc	b5eve7re	05vmhjjp	s23d5pns
294	toy8i1lm	tz2d3lff	ngbnnpni	qalficgu	ii0ceksc
295	pa000mr8	belhjr5e	s4xintwp	f0judfwn	xvctmmzt
296	cp6xu2ox	tzdgc3dw	95e1kuux	3kk1l0ag	6sy80720
297	55vu6b3u	fw211spn	n9nh9k40	awpwbcwt	yxu6d45m
298	uohbxoeb	0bh8i14e	x7ybnese	no45mgyd	u0jddsup
299	fbsrggog	gof2of9o	nhkd88yv	lvvw1npq	vh3qs9xv
300	mnjy6bq2	2rx84imv	607lsqlg	g57r3son	knbngla3
301	y43prnko	1iago9rr	9kfs73sr	ys7vovie	ovel2jln
302	mim419b8	8l5i1z27	8fkzc445	gha1wg4w	snlukr6c
303	l6bnxi40	gunn55f9	7kxi7px1	4qgfjczw	k36rymkv
304	la2wvnb0	8aosx41e	ikz8ui8y	q54el8tf	v0y734lu
305	jveh2w09	m41w2007	6j45mmjh	7tto4hr7	6xxm7hcs
306	qpzg8lam	lzwgyzdp	x9zg7ulr	4jjuwc9r	prqrsb3c
307	te5qq8nd	msut5gyc	9eu792zu	irgnrr0j	d6wkv2rc
308	wbso4fci	pj7no3fe	oa81rhdb	h8tv2u77	72f64kpf
309	yr27lnq8	e0pz0z4j	2u5zxc2i	9ige2pwd	zghh0zbd
310	te0v91nr	h4cu63cm	8s7zy55f	5gldyo2d	e0pz0z4j
311	j8dtmy7k	8pli09ym	wz6446aw	mg9kypvn	n5qfwl57
312	8hkxbxz9	mwj0xc3q	kokfufba	vuxxerob	hgpiig0g
313	52jtd51o	82hqy612	7pqy0ejn	ga1fks7l	05vmhjjp
314	si5mxgrk	ez1l3m4o	uwc67iw1	6rpm4phy	g1tjpc9z
315	ok33bqqg	2tax8ajw	tn8houmc	4et61my3	1wkpkh84
316	u92vlatc	nt1e70dv	4j8efxsw	g0f4opa2	40ej9jg7
317	eztw9tx6	p1ayih2z	80t2ovkk	uwc67iw1	frr4vu0w
318	h35we3mn	myqli11j	ngzjvjlj	tah3jdw0	upf0ecx7
319	j7iis8h2	zue5hnal	r3w90vg8	u3832seg	hqapg5ow
320	tf5a48i2	spohl5ey	pmd78j61	6gj02k04	5nyc1cn5
321	bdb9g77g	nd5r4yt4	34ulkvl4	2qwv6wzq	snlukr6c
322	fqk8rmiy	pbhvq1nh	olhgu24h	7s79900j	u999bx7a
323	4vkkaqhz	6crputzl	6ejzpqq4	20xgqvxc	9l6yn8pe
324	5kz2s7ag	j7ltjn4k	eomtjrgc	vjg00epx	h4sbz3md
325	ghi0ekm5	tovfd9lw	m40kwgcg	0nhgxoim	w1pv8dsg
326	dsfbmhbj	fad1yyqx	h2u5w4a8	848jmwgc	0hmwg7io
327	8vx56qlk	rcrok8lr	gi21di4d	tpic8ddl	5ojyly05
328	ylqpkosd	vbx8khih	6gcahsgs	9xlp5uuc	9n28nniu
329	ihq8gdwj	awzozt7u	46no7uq8	s3mczqvx	hg1q14gw
330	3iz0ozpx	bpnqz1cn	yxe19kwe	urazxa6x	6j9x3pn5
331	10dkpj5h	3xvphg52	2lap3xy0	kuvdbr09	tra5ewc5
332	bzeqs5oh	oud5ioks	0bh8i14e	zrg21jgx	h4cu63cm
333	hqod7v2l	y98m15aq	ik4wen7l	1ktrjzha	il5307pl
334	hunepli1	4p6fcy8f	2p3l08n7	fypodr9a	20xgqvxc
335	iuy5a0bk	0d83u4ve	unl3n0tn	eie9cozf	89x5h0w6
336	j7iis8h2	30pl5tx3	jki3gdxl	a0q61mpi	extp8epx
337	ax3e82js	onlly1ga	jiunpwz9	o1xkgkn1	ultl3rpu
338	ocguwlam	oyr4klqk	s4xintwp	u1s6ciy4	plwoof39
339	w0ebmg16	wq92nfnd	opjfy3xr	w1bx4a7v	hqapg5ow
340	doi8buyw	t019zx7q	5ckds66x	c82i3u0j	okfsy72o
341	gtp5daep	9169o29b	tbio295u	t6rxsiat	fxvro3wl
342	djev6er7	ksf2tpdw	jpby8m6r	rrykpl0f	5xzn2myj
343	1uabldiq	nvtoxzka	9uxazk87	i1icueuw	ksvw62gl
344	t3wjpagu	w3jyovd2	qbbwvyn9	ky5env7t	kap7r6de
345	l6zsf85e	105ezycx	ekal5251	dljqpvyk	ypvzanog
346	65fwicjz	9ige2pwd	wtdzad90	hm332jqo	hbkl5cam
347	8s9l69gb	wxrv37ec	vu7bq4b2	rlvfk8w8	spfc0fc0
348	0iqdqcp6	drb8ipix	aqcllik0	bbs7zocu	9lu2stp4
349	edz3up3a	nj1p4ehx	jbmzvljk	yy77zuu4	ib17jyva
350	ropgq7tr	x9sfgtim	wtovv1jy	nom4z0tv	ghabnnv0
351	h1mo3bs8	h0iynw2w	hpj8gb4o	tki4l0gb	ckl3v2jq
352	ivxvry3u	l97yi8l9	b7w2n36j	d8lx9ffy	7th3d6wk
353	sm0112e3	u31ixcwa	40dsvwyb	z22g03v4	2qwk2z22
354	ximw03ej	w1bx4a7v	eay6qfhz	5yscqct1	ordof7g5
355	uzc6r1jr	tl16qf33	x1uc10m5	ec6ov0jw	6kbdxhxv
356	u20e82de	v72mveyu	wzfvqj6m	ruwmeau5	wg5cfp0k
357	hnx213kp	hsm75cww	i5j4nmjz	fu685z9a	vxv7pq8v
358	jvgq2p61	4gr6i8rf	tv228fha	9wx4ltyd	gk3wr6s1
359	xj1nw76b	cfbj6ize	nz976qc6	a40yhtqk	nvebqwwh
360	y04dub8o	b5eve7re	fwbabb3a	sgo76prc	ofgv3p8y
361	cymppa7g	bk3ss63e	1k0xqhda	vg96f35h	k6cumncp
362	pq6c0zia	y3c478hf	qxy2p79x	24m4rh9w	cc23zega
363	1nqbqmum	eza5qh47	bsq640o8	dti9o5x3	41yfx1ev
364	joy8utv1	otp1atui	e0pz0z4j	y1uk8yfa	q8l3ra55
365	ck338ifc	wpuf4ofo	td8uwcas	mx534xbx	mlrq0rjf
366	gtp5daep	g57r3son	w1bx4a7v	2r0a357c	tbio295u
367	i6qoo03c	s2tdo7bn	a2voobqa	7ouo6beb	3udfl0a2
368	wqicq5ry	geo7ac5i	zrg21jgx	gtp01rna	la9zgtzb
369	uohbxoeb	te0v91nr	mjb3ip7a	7objlrqa	jnmpyovl
370	twlupt3x	hvy73er8	5ngmdwgb	cv6no7nw	5yaj4o0f
371	tl16qf33	lnnsxwk2	dfl69g4f	zdlbsuys	5d1131zt
372	f18a3xiv	0l5li1f0	vk6rms29	2eo9woav	b52pn8t9
373	dq3qunwe	2bupc5jh	ai60maqz	xtraspw2	lvrdgpyr
374	i5vlkqvr	k21ltg5z	ppe8br4z	kjgyjk2g	h2vct9h5
375	8rgpr2lo	0vwspd6l	hp2ifk2d	kl2766oe	sxi0tpsf
376	7wz030vg	riltam7g	4qp083h4	8wyfvk1k	hzv51czu
377	v10454ns	td3drkgw	7hq10f2a	m4u4ulml	upf0ecx7
378	k8vjv3zy	fbcu88lv	6x33a6g6	ok33bqqg	it0yy25c
379	nvphu1fm	iez1j9jn	sdg65ple	ksvw62gl	1ufwrgc8
380	y6reys3r	ooagjxp1	entkqcn3	uto9q6s2	hg0lyy93
381	0njeeoc3	xvqemhnq	33wpjnko	r5fdn7uz	s6sp3rme
382	6ntvbee3	kbaqqxxr	2s1io2fg	79xnx9gr	a0q61mpi
383	b31ctbat	qp3cjql9	m2bmp8s8	vvxfq84h	un1wozy8
384	atwx0a2s	db8fl9d2	qdw86v8i	l4y7v729	8hchfgx6
385	06fhiu9q	ldqy66uh	slzh6uay	zd7a5v4q	dngs5tbw
386	vw8a1994	kxx3szjq	glyoiu93	4iubzi36	ijoyk390
387	q41elfwt	hed6x22m	w5rk8luy	wmeikzxs	k6ensjlf
388	1m1hi735	9zco6ofx	pw58gayr	ca3h96bx	607lsqlg
389	53t1mhnb	x73moqog	5jlohhmv	mx30g5w8	hz5vigp0
390	fynl88p5	bcttenl4	g15tvzn4	u6rt6zd4	6gcahsgs
391	3cr97dii	xxlvyp5c	b9vm3x3w	sg1e404x	n3nwra0o
392	35meen0h	93b2ivio	nqahx56j	reigmh19	3xup6glg
393	ql9cfh1j	oyplh9cn	2x2n8blg	rnvc43go	c9o7kbv5
394	n2rec4i8	yf3z913h	xxlvyp5c	68d30i8k	sg1e404x
395	5xki1ulf	2scp98u0	ubomj70f	2mtuw7gb	t0s5ufzv
396	7momt81r	q55l1chd	0mwz8kwo	jtn3y35w	dc8z4jzo
397	xtmn1n0r	hqapg5ow	l8zfuhzk	1nk1t5qs	unl3n0tn
398	t3vuwghp	g1u9yhig	6akx6xpt	bnzb1yon	2eo9woav
399	ciwozpc0	ud8nmm7w	hz5vigp0	vt4ougwq	34dmal99
400	bccrvapy	tl1o1wr9	2lk2vm5r	5nsayxwc	ujy4i5uu
401	30pl5tx3	l6zsf85e	y420tku1	32ua8wb6	q1yn89cq
402	4rzttwyp	t3xd28ly	ezrmuw48	25jq098w	bkf7zbg7
403	hsimf7wt	rc5d6wi3	vjvyjblu	mo3y3mau	buvtf527
404	jyxrk9bz	bgsbbszf	l9lj98b1	t7bonus8	y9kkl2lf
405	vqswp96l	rn8eezep	2i7zd1t2	ho832o9g	k93izuna
406	w1bx4a7v	ximw03ej	unl3n0tn	icejfmzr	ys7azmv7
407	a0q61mpi	eay6qfhz	2bpyvgv7	zue5hnal	iu4p5k0w
408	fqdv3ohv	e1rl383p	t024w7h6	y0wu60n4	vdfnrh9k
409	uxz185vr	ny7wkswf	styavbvi	cn0hqvsz	ws75gpsc
410	wgfdd3lm	3tfof5nd	zq4ty9rw	wbso4fci	ksvw62gl
411	5t4twnpm	i9jrobdb	4mat0psy	r1tl2hrk	rnfh9v1h
412	eo8rbcy2	32v44sw9	kfsuiz5t	iz5uzizo	w98847ai
413	mkgszhkk	30pl5tx3	844229sb	ra2njvcz	uhkff67h
414	tij7lakb	1nqbqmum	eza5qh47	uliopaz0	s7z1l3a9
415	1ujphwmi	sb5ce0g3	uef0bbh7	mfyurey2	2v6zigt8
416	usyduiti	xtmn1n0r	1s8jzzwg	8iqs6jko	ohkki0ke
417	jtwb17u8	ukca8cqw	iobpcfs5	eo8rbcy2	8co5gwkz
418	q1ay1u90	ptnjbhtw	v0frkv96	ucmzbezx	unql24hw
419	geo7ac5i	btao9cun	h1mo3bs8	1l10diya	rgmurgbf
420	cyfdvgvy	xwghd9ut	pa000mr8	vxv7pq8v	lvydhfej
421	q7vv128t	th7gbzw4	dp274ls4	psghawl0	f296patc
422	y43prnko	w3ls1d7w	ximw03ej	iu1d9i57	dhd9e9bn
423	8i2ryrfe	k0v1axmd	nvqv99ak	v3kzly7z	zjujs11q
424	f6i46t3h	vqlnd5rx	6d5tp5hy	ppuki7qn	ubvdzjkw
425	myqli11j	fnedip6k	ckl3v2jq	ykxr9q1j	pp373xuc
426	baodjrw2	fdn6h4gi	ysu5rwmi	geo7ac5i	sxx3yid9
427	kp4j9snc	2mtuw7gb	hltkddac	lcqxrcji	uohbxoeb
428	3724854p	2uy0jjdh	kt47i60w	vu8ao4pt	a0q61mpi
429	9phgag8q	2h3fqcs0	adusu6pm	tug2t7dm	69ly7gp4
430	53t1mhnb	q7vv128t	1gv3t5t0	25jq098w	y4m987yn
431	iu5ndsxn	onlly1ga	1l4o9pko	ml27mexb	aakzdkcj
432	2dvljm27	bgn6zrer	nbn44sxq	7vadpp3d	u8ptvem7
433	rjelshrp	uk0hlynp	yhmcx7ae	h7vqmlq9	p71adezi
434	1daa6fte	xthxesgk	1ke7wisc	3o7rd8pt	m9g1d7i2
435	9qklnvyl	gxvaric3	3ehm118t	du7ba2ky	fd4aag2t
436	ximw03ej	cnmawglq	umvrwgaw	cg6v3yma	zue5hnal
437	xtmn1n0r	usyduiti	ordof7g5	iu4p5k0w	a0q61mpi
438	g5sw7t8x	wqqt6jvk	8gogju5n	n2ozusvz	kq6rups8
439	fk16k9ts	xkmy79p9	knlc3bxh	mb18fj8a	irk1gxeq
440	pa000mr8	nmmayjcp	6i9yw83j	hfk8nikl	2sst2426
441	2iupb6gj	9enbrd6h	bpnqz1cn	oo4zwcdb	zv351n3d
442	4p6fcy8f	ykxr9q1j	ylqpkosd	848jmwgc	b3doorzq
443	cymppa7g	bk3ss63e	ba5h6uhu	4udv0zkw	zvmwubuk
444	65ois1qn	iff8cuum	56zhxd6e	f3mvdpq1	u2kjft6q
445	rytw6rfd	jvo0nk3w	v4y49n7i	fjuehj70	rr0v0ju1
446	35nshnn2	5zaw2iot	3w5ouagx	lcy7u1i6	lq1qndxg
447	hzn3qus3	wijqiktk	gbgcfa2o	6nt6msrm	7b570emm
448	qbj8n8h6	ge8o93rh	3akrube4	kl3mfkoh	1blzi9r3
449	hn21zwy1	1vj9p7vm	n5ogyxz7	zu5mg2im	pzqmg22v
450	b0545v23	qa1tbu6t	rcb943w2	pzak57w3	31idktk7
451	c9o7kbv5	2s1io2fg	yrowv62k	hhswage4	hcwuv519
452	92z77upt	iu4p5k0w	ordof7g5	m2z6k2va	jnwuu08w
453	121p2shq	c5be70t6	xcomjvaa	bvzi49hy	9g0lo2e9
454	hnx43l5c	2qcuygax	hakbt2zp	b5eve7re	sgo76prc
455	5i0m18nt	l07q84ni	xz7yzr2f	w3zic0on	xf7k56sp
456	stn5gl2b	9kq9o5wp	uoa7ug6f	4iuxm6z2	q473xazz
457	0oq0xmzr	j0bu0upi	uifnjio5	ruegzkoo	8fkzc445
458	6r79qt66	nrhk8ctf	skm4qtgx	p91dk324	gxk5t1yp
459	d4upbc3v	wrzmgnrb	tyqeguyf	nrc35akc	zmxmo1q8
460	b80todl7	gme1zk3n	b2iit1ef	tz48uje3	uk6whrhz
461	deezca5z	bx7vz0r7	20xgqvxc	vd1lldjj	lbyvgqp2
462	t3b2adct	9rczqcaz	rzoatp8v	p36ilfqj	xkmy79p9
463	svi7syld	sxi0tpsf	fq9g84wc	ohkki0ke	1adofojj
464	g4i4hkhz	58nmdd4f	7x9jzge5	ghabnnv0	445cz8gu
465	tij7lakb	8p0xdqba	eza5qh47	uliopaz0	wnlroru3
466	hert77y1	s0ca1r5s	o1xkgkn1	xnrb0byz	2v6zigt8
467	me08w1ir	td8uwcas	82hqy612	5lqjmqu5	h9nzxlaf
468	ledopkwj	l346qqwp	t3givxiy	hapu56t4	ci0hmkjk
469	bgiyvqgw	f15foaf2	vprj63y2	868txjrw	yr69ctrj
470	s0ca1r5s	jz6o9gnb	dqhdws5k	sygm6irl	65gedo6u
471	od5nnxvg	4p6fcy8f	ykxr9q1j	f74g59b0	848jmwgc
472	1pplybpr	e0pbs354	7s79900j	5q49qq42	848jmwgc
473	xl9rwld2	3h3ihfyq	uk6whrhz	nnxlzxdt	npd9wz3u
474	wkz2ammt	6hnts5l2	9ex61dl5	9ud32cvb	azr73w2w
475	o4vvlmr4	cr1rvy8u	7d3akn8u	43wbbris	yy7bcfzz
476	w1azm2mc	mlozjg9h	0si51n85	ouvq2wpq	hib9l7yz
477	1mx3jrup	r4cg50x1	fypodr9a	wtqwghon	pvrp8u8n
478	b8c309hj	9exmyy5a	mpthhazv	hu2lg6i7	tweqo3fp
479	3wg6flz0	imte5ong	xxeyogwd	x4zzt9oe	45y7jepy
480	8cvjsisw	104lecie	0qh8u82c	xli7wyg4	lm73oj21
481	n3yuvf8v	q3db7v16	eys1k8gb	8llmriik	91ea40nz
482	ppuki7qn	f60z8jo2	e56ivoz7	1peg3502	ua7hsfma
483	92tvskxw	ra3clbbr	zj3oixvk	o29hjkca	40ej9jg7
484	y349r3r6	8so80bf9	dksw5yzp	pq571myy	xthxesgk
485	yn9qcwvq	cj267zcl	iqe6sdq2	fff0swre	h4otzeah
486	43om0nji	8vx56qlk	h26a3h5f	gi21di4d	ihgxtu8g
487	4a7fzrxg	wda18u55	yq6jhupe	mevnb9v0	1syeo6ff
488	ngywgodg	24wfokhg	4rsvcbnz	b9b6ww9q	ib17jyva
489	mo23hpe1	8o2xddof	r76tqrwz	aakzdkcj	1l4o9pko
490	lxdcelk1	hpbcwiwf	0i12e4tn	65efipbi	20xgqvxc
491	9195zweg	n1q1wr9s	8so80bf9	9k6uqs2q	hxh085w7
492	je585xia	be4afbyo	dgng39yd	0rsbmh48	vo4csaah
493	yu2qzp18	s8oq2sj8	vl7eqzu4	cd7cfpx3	3a7utmsd
494	znainceq	122yi9np	vge26qe9	l6ksaaaj	v1egyqt4
495	uj5deryi	39u1luqn	hunepli1	hgvqjtfa	gk3wr6s1
496	2tax8ajw	4gr6i8rf	6xxm7hcs	wt6azxc1	8ubugbn3
497	vxavox24	j23pvlj9	6zfpcm4j	tc1exm56	ukca8cqw
498	yaedocvp	ct4licep	9ok153yl	09jbs6mx	7a7oi5dt
499	x88qugn9	m4hwwhux	ow1n47ui	7gqkyq1j	c3wkwn0u
500	x14iywtr	tv6t7v34	6teavsk5	8f83k2ce	xhkjbeam
501	296ilxyg	ej9qbrt8	u6a65x9h	u5rbvc3i	k886vcj1
502	7wz030vg	9exmyy5a	pj7no3fe	pbb9nrba	94w1sbsb
503	zoipx650	9ljou3ag	7c0844ui	sgo76prc	smagtwzs
504	d4eae8g3	5h54azyy	hg1q14gw	rzrrnypq	cvkdpnn3
505	0gier0lu	s6u194yd	8jhwamfv	ozj6zju8	aq2iz9tq
506	w1bx4a7v	1s8jzzwg	pppb83nc	dhd9e9bn	xtraspw2
507	7g7sgabs	r1tl2hrk	4xs9avr0	rsrupgx4	vjg00epx
508	gw9hkw00	dc8z4jzo	0mwz8kwo	kbaqqxxr	lvw0cnwj
509	2s1io2fg	su028g3j	3lzm42wq	46no7uq8	7tto4hr7
510	dsz66r4u	az4ew9is	1aruw47h	xvctmmzt	llo64qbp
511	bh8zshy9	02p4et0u	y203109o	tk0iwpnb	mi6bdisx
512	oyr4klqk	zbi0llig	a40yhtqk	dij3wy6q	oud5ioks
513	m5s67z8x	43eh69dx	93y40vnp	k7smwz6w	24t0lunz
514	so6irh9b	0pptqw7o	amw2c96l	r7aqsyfl	rcb943w2
515	7obhnmah	3h80bn0k	xtmn1n0r	lr5lumdr	vpih1wvs
516	nzy970he	isk5cu0k	sjkni2uc	d2s3170w	xhkjbeam
517	i9jrobdb	jjgfgqwg	ljpeq5aw	b5eve7re	0njeeoc3
518	onlly1ga	jiunpwz9	rp9opdmd	mpkli2xf	14alhxc3
519	7f33cu6l	ocxl6cf4	5zeqfohd	mi6bdisx	yhun6hid
520	iu5ndsxn	1l4o9pko	aakzdkcj	r76tqrwz	7th3d6wk
521	ky5env7t	hdk02l2r	bqdvx458	ws3tfs1j	b52pn8t9
522	vprj63y2	on1y4mdw	yr69ctrj	bmgfoine	xi2whtvr
523	toy8i1lm	wb601nx8	tz2d3lff	ag5coipu	gnhvvpn6
524	g6kag5ij	y8i60bm3	cbp4o6ou	jctz6fbg	y9urkfnt
525	ifovibzi	hpj8gb4o	vszlmtf4	gwb8l3f2	tn8houmc
526	bbs7zocu	q7pieq3w	lkrh3svp	v34r4tix	6j45mmjh
527	9pb2eqoa	w3ls1d7w	xtraspw2	itxde5mw	w0ebmg16
528	9mact9br	hnx213kp	i9jrobdb	4mat0psy	yn2aylru
529	e0pbs354	9169o29b	7pcnf2iv	asj7352n	hqapg5ow
530	j67qgjbj	2vs7geu6	b9evh1l2	pfgloqz5	pg50i2ql
531	iu1d9i57	h7ftu3ax	1s8jzzwg	rpwmcqbg	qi1henyy
532	y4m987yn	cj82xu0w	kt47i60w	vt4ougwq	hg1q14gw
533	ocguwlam	4wbkis5w	9n7a9g78	u1s6ciy4	6buxpp8x
534	lpoxaetv	opckeugf	95e1kuux	307rt03e	ykxr9q1j
535	zjur5j95	u5g1twfg	0x3uihto	y4rhmd8t	alc0jsh9
536	yn2aylru	o3bp0837	cq6mivr9	7kxi7px1	zd8c1no7
537	slzh6uay	0u14wypb	9xlp5uuc	g15tvzn4	s2811lpo
538	ueb7mjnv	yoiq6cgt	bwmpamea	r6gzbnu2	q00ihic3
539	gorp9n1g	utgnwox8	dwcu6vyp	cfi5zhgu	kyoa5gsf
540	5dbuxvc4	q4m2uj6r	car394ou	kmwfce00	onbq7hia
541	q473xazz	f07go7nh	nrl6jkpc	2bupc5jh	ksvw62gl
542	3u3i5myh	ijzoa0yn	ruewzstg	unhrmzn5	7momt81r
543	0aqww7cz	pdd5wepz	3qgwoblb	72jwlfqr	iepagac8
544	1y79i676	tgrh7ap4	ho6qjkyr	yf3z913h	xmqdk2wz
545	1gbq9j88	49jkx2hc	9wx4ltyd	s4cfdgbv	egn81atf
546	amw2c96l	tl39u0h9	rcb943w2	wdtrpnkn	akbq0ogs
547	o4vvlmr4	wqu8dm15	fu685z9a	b52pn8t9	3q36knqh
548	gcsew8u3	mopk56p5	52lf5gzr	bla8a6uw	8bi9owk4
549	zu5mg2im	iz74o9de	4pcv1i3i	8zm7n7j9	2qwk2z22
550	vj2z52vg	2kt35rqn	dksw5yzp	jnmpyovl	ptnjbhtw
551	um4v5qr3	vjvyjblu	aaxhrecp	gnh6ukge	zmxmo1q8
552	5d7erbr4	rzahax88	4vtad2ve	q4q06pzc	tpswy2g5
553	vs730te0	deezca5z	h9nzxlaf	qv1xdqau	qfq1nfcn
554	h5xvrtfy	9getsuci	dntzzcue	nerxtetr	qhrwngde
555	8dbjycgt	68d30i8k	osrqh33g	62xdiz68	ofw7lnr5
556	uto9q6s2	qlwergum	3mfwweyr	sjsaw6yv	wbso4fci
557	iz74o9de	hnj1jqr1	p7foay4k	1omv4r30	jisznsr3
558	8f83k2ce	d4upbc3v	tadojzoj	osrqh33g	td8uwcas
559	ebgu29uh	hp62t734	c3a85ld0	18b6ikq3	ofw7lnr5
560	33wqmdnk	l4y7v729	db8fl9d2	qdw86v8i	2tre0wat
561	ywi0a8s1	l07q84ni	kzl1dx8i	6hl55c60	1daa6fte
562	abmrgpbm	7wsumadw	y1uk8yfa	flqdf8vd	e0pz0z4j
563	myeiu66g	1l4o9pko	2v6zigt8	cntmsia6	aakzdkcj
564	9eu792zu	e8fhlo37	k4k3kcrh	wbsl6n67	1px7yvew
565	ny7wkswf	uxz185vr	0g3pro4v	tdwkxwod	aj885nl0
566	8qcovhtk	ptnpgh3j	yhyeywvc	x4ix852w	42i1i6br
567	2yrgy2y2	tvhn7lnu	tn8houmc	cj3cpn5j	8l5i1z27
568	1nk1t5qs	010vptx3	unnrflmr	fsid4a39	w2c01295
569	ocguwlam	5lzixulv	s4xintwp	0bh8i14e	o476dtgd
570	em2uatlm	hg0lyy93	ragjcn97	pdiyqdb3	wr4r7jd8
571	jo489zm2	ufzjvdho	5g8u35f8	x800xxj2	98t617oo
572	b2w95zcb	8lyipugh	54jnv4ki	oi5mqxso	zvmwubuk
573	3p31ei4k	330hn7ap	mg8uyeuh	h2l70h1u	3wg6flz0
574	lxdcelk1	hg3xpej0	0gxjjqpd	acfa95vw	8dgahmka
575	be4afbyo	dgng39yd	s19w1p2i	fz14yjvm	fxvro3wl
576	5s1zz2lm	nvebqwwh	hd0axs5o	uoa7ug6f	5i35zdmv
577	lzgwxshi	87fruomm	5al7jmeb	e9vvjv8w	pjh2lr22
578	yqx0xqz9	7e0x1525	pmd1n2l1	i2anrjmq	v3h2nxpt
579	sygm6irl	trmwm9qq	dqhdws5k	9aw78s63	2l883zhe
580	4gr6i8rf	m8xfza1d	tzp03hmr	4vjpu9t1	u6a65x9h
581	q1yn89cq	x34ygu8i	y2715f19	nh4dw75x	bkm8k9ud
582	vblfew3o	azgerpo8	hbyxy4ln	eys1k8gb	t90pvtad
583	k3vs6vhz	bqdvx458	6bbqvkvn	ziyzdcmg	lr5lumdr
584	dlwwcryb	toy8i1lm	czhdn71f	x7ffgtrd	gdyntyxk
585	3u3i5myh	8l5i1z27	0nw9oots	extp8epx	bx7vz0r7
586	xzy98hm3	qub1i1bl	vpoqfm7d	ebgu29uh	hp62t734
587	uom5r1pf	gg5c8v7d	zvmwubuk	q1nye2ih	b006vbfi
588	dp9x046e	mim419b8	d0s3vl2w	0bbxyyea	iy20s5na
589	0qy6hcgp	hcw0cisk	14alhxc3	jz6o9gnb	o1xkgkn1
590	ropgq7tr	x9sfgtim	w1bx4a7v	1s8jzzwg	3h80bn0k
591	l4zku2e9	kgt61kcu	8hvve871	u42d1p1j	wf72fra8
592	dlpgq0rm	4ylmj9ub	pwvcwlh8	zq9ehv7a	52lf5gzr
593	t006jnl5	4ehxnzc7	wt6bp8os	5tkyir3r	wffv669t
594	ocl5qf9o	58r5wcwd	jwei2g97	oh5wm5qc	1na6yp9b
595	4vkkaqhz	5nr3j1ew	6msw06fb	jfvq2gfx	u7ligk1k
596	z6cdyy0w	a0q61mpi	0mwz8kwo	5iudn4kq	cv7tb3u1
597	t0iw2vod	y43prnko	0imnd2q5	w2c01295	vx1hjh26
598	uxz185vr	ny7wkswf	llo64qbp	enttjhgb	eyhgtpe0
599	5f95gve3	jo0m0w68	x73moqog	l6ksaaaj	cn3d6j6z
600	11xjl53c	k0v1axmd	9gw8z8zm	a3i3t6od	g9r1fdm4
601	vf1vku8s	d3pxk5tr	pc2cnhjd	dq3qunwe	of996ayq
602	e3e48idb	yyfsnthj	on6ss822	0zphhxxh	nq79qw82
603	z77wg8j9	mo7oq5t8	1ma4hp52	wr6qa1vr	b7llp5r7
604	kjf63oug	dgnddq80	hvp47bm2	ajmelb8a	nwifmuu2
605	kjf63oug	hvp47bm2	t1vom8f3	jisznsr3	re8fstqw
606	f80cfjrn	f3swmk24	1aqf98e0	3fiqpart	xtraspw2
607	5z0xwlxp	w0ebmg16	gtwg0m54	ys7azmv7	ovel2jln
608	di4p48ax	y98bleop	iez1j9jn	ocwetgv6	4ffyrw1k
609	hitaptnp	rhgl6vss	55wqowbq	36flecmg	ocguwlam
610	53zopedx	i5j4nmjz	x14iywtr	wun5rwsk	b2w95zcb
611	f6vau5s6	x84su3ki	k18k0kuk	k1w2wxnu	hbvwm62l
612	3h3ihfyq	sniabjhu	qp3cjql9	az9zt5xx	nf6n6afo
613	ftjrg3dk	0vy5yifk	wd7drbky	dpyz8uh4	htitgh0v
614	t7bonus8	h82s5xst	hwpn7ti1	6entp07f	oah1to9w
615	o4vvlmr4	styavbvi	bqn29m9k	h82s5xst	8xf8u6bg
616	q44yuued	i6o608fm	2jwuzfan	53zopedx	lx77ln0h
617	pg50i2ql	1y1ik2u9	9169o29b	dq3qunwe	ghl2a25n
618	mlo8zypy	9n7bkayx	5t16srpn	xxlvyp5c	wf72fra8
619	ximw03ej	w1bx4a7v	9pb2eqoa	dhd9e9bn	w2c01295
620	lt7qsxxh	h1sura49	nxabdur3	pq85mvab	thiofu57
621	7mcfehzc	mrsya6wz	944pn0k9	vrl9gtcp	0rsbmh48
622	hert77y1	fqdu9uo0	c3wkwn0u	dcx6cv2q	extp8epx
623	37hn7u3f	cfkeqgj3	qbbwvyn9	t3wjpagu	w3q41awj
624	4vtad2ve	u89jd28e	6a6tyvtz	u92ruhjj	hakbt2zp
625	vu8ao4pt	o877uul1	o47v5vgw	k2qj6o7j	j3avpu1y
626	dzlqe7n5	3qtxnbb2	gdcqu3nb	zkxrjk3p	lda1tyuh
627	17km3arw	nbqne4wp	x11ntaqf	y1vjka66	nhsci5oh
628	cfhu5246	m39qdgey	qfrabyp7	gihjcu73	6o7q57xl
629	hunepli1	86qczmbt	01q4pu9k	ysrte29b	y047cuxp
630	0clp6zt6	iu1d9i57	l8zfuhzk	xwghd9ut	i69uuezd
631	yj3yisum	a242g5kg	iff8cuum	zbzrxuoh	5t4twnpm
632	104lecie	ii3di3dz	jpenhh92	xs0kxf25	p3yxqgpp
633	o6i5ca7h	5t72hl4l	klj710h2	ptnpgh3j	6l7h3zxv
634	s3o9v1fl	whkfvd7l	dfhxcqr8	509h7pnh	vkbsxz7r
635	f3swmk24	dt2pew66	qi1henyy	l8zfuhzk	121p2shq
636	55lbj72e	zy48nad1	klqji8gj	8js7f9a3	q1yr7cnl
637	rob84q03	vpih1wvs	bttme4wn	630w2rtn	xhkjbeam
638	lnls2mhg	xuug2eyn	cjfn4dna	nbqne4wp	xeb14weg
639	9pb2eqoa	2f7wqamp	w0ebmg16	2rx84imv	xtraspw2
640	ezrarusj	n9nu5n44	3kk1l0ag	uzry86hi	ikjfv4oh
641	xolflz8g	kt47i60w	ylqpkosd	0i12e4tn	bttme4wn
642	9oejm9sc	octtj2vf	wcq3qqt4	80yu5aiv	s96beqsh
643	eflyypev	focpnnks	46c98cvm	8brfph9v	p9qeaedh
644	7momt81r	7vsv726x	jnmpyovl	vkr0766i	ordof7g5
645	b3ui95vx	w3gt0w41	059oj76m	wrsk5vh9	yk2th44f
646	byw8jsqv	1k0qpuys	5yscqct1	rfv0omd6	qi1henyy
647	f1ckv4bk	ixvtt3g8	mqu6d8sp	3jrb0sn8	7jwqm0b2
648	0h2x79ye	r07mv2ka	56zhxd6e	32v44sw9	yuppix3r
649	2sp8nm0i	d7eshkim	cixdw87l	fyy42zaf	6xs4y2uw
650	2v6zigt8	8o2xddof	1l4o9pko	2l883zhe	3sclz1lq
651	0rsbmh48	ovel2jln	5oy0q6ca	lmzkseiz	zsra2yz3
652	0pcgcbjw	l4o7nicc	vvmb92wo	wtqwghon	slzh6uay
653	uyzalds2	ljpeq5aw	tmnfcs7r	y04dub8o	2f09vauy
654	s0ca1r5s	7esjlc7i	nxu1xoax	e5flh0af	i8byjktt
655	kztdc8vv	eu2vjpw9	d8gx7xbj	3jolt83r	tki4l0gb
656	en0obmna	gap91mwc	knlc3bxh	42wcyjuk	01h205jf
657	pdiyqdb3	ewf1z1ee	fo9uq389	ledopkwj	qxjwsp8u
658	oo6ba081	dc8z4jzo	8rvhqd9b	vmmztj0a	jnmpyovl
659	3nf5bxv3	33wqmdnk	mkl7rvr6	dq6iyabh	9oejm9sc
660	x5m6u9pg	hkh1crxr	19skljon	9g1wvhi8	k6txwaul
661	f2ypnls4	xeb14weg	cjfn4dna	24ie3mhq	rqqyym05
662	zqzs6vtf	tq2vdo88	7wsumadw	mjb3ip7a	spfc0fc0
663	20xgqvxc	4vkkaqhz	mqu6d8sp	5tkxucuw	2firaix6
664	f97doeoj	xp2qkk52	bzn7wd36	am2rrgrb	4vq9ljlg
665	gln6e0t4	no7n99cg	9lwtmn6c	wg5cfp0k	2cv0vuin
666	u5rbvc3i	ntra3jhs	lv5xjfk4	0jl6qu0i	05lgp662
667	j4p46aiv	tn8houmc	8th933g4	vz8eu3vc	sxl49cs3
668	in69fhw9	pfbgojxr	gi21di4d	5ojyly05	s1gdbsfx
669	6gxw2mhq	0r580il2	ax3e82js	r76tqrwz	d21lvneh
670	bfm45zas	lbrpbhpg	6a728le9	6j45mmjh	xvphsdg7
671	1vcc1khg	ef3warsh	m2z6k2va	8iqs6jko	qsyqnwn5
672	9f0bjknz	2rcngljf	rg3iygo4	k7vjqzx1	3cyo993u
673	sywxrxmf	cqi3r0xz	roe6g61u	hert77y1	b7w2n36j
674	8ko7mmu3	9qsqj91d	1vcc1khg	y43prnko	h7ftu3ax
675	bre2ijbb	k5jkntul	dblqryhy	q93luiw2	ktm0akxd
676	0retx7ty	o877uul1	o47v5vgw	69fmtury	eecwjrdc
677	h7ftu3ax	9pb2eqoa	71ywsj3a	r3w90vg8	bmmdygbs
678	4r96f92d	hf79cbuq	sok0cyd3	92z77upt	bmmdygbs
679	52jtd51o	xkqajjgw	sgo76prc	05vmhjjp	7pqy0ejn
680	16qdfits	dz6nv7h1	y8boml8i	uom5r1pf	faxm9rhz
681	p37dnoj8	630w2rtn	idtt3frp	wzqdo1st	t8xyrsif
682	1gbq9j88	49jkx2hc	abjt5vfd	6cttilm8	cz8lw23l
683	wjktna81	u6rt6zd4	yynwksqt	1ef8ac5c	8fbsaocw
684	v4y49n7i	hbyxy4ln	0ho4f5wg	4qp083h4	0r3l3b88
685	nyvmlxqf	l00jvzth	0l5li1f0	ghabnnv0	2hfkrl8m
686	me08w1ir	3w5ouagx	k457kqlo	daj5g788	5ogges89
687	b9jcuwu5	t9hbbqay	20xgqvxc	ky5env7t	5tkxucuw
688	vprj63y2	to9ixrwr	axa9cqk6	zwil22bs	xe29akkm
689	eo89w6qp	ppuki7qn	9ei6ubx6	tf5a48i2	f60z8jo2
690	x996e0cn	j7vm8h9t	0iqdqcp6	wxor6kg3	c9cenvt4
691	6cx33se3	ucmzbezx	f2zgrgva	ohfi48d6	9g0lo2e9
692	r7kvv48s	9btdjktj	nphdtsbt	5g8u35f8	z3msyl45
693	pcekcvwr	o0m20894	y26bsn0n	uk6whrhz	2sb905jt
694	k7smwz6w	aqbhxv1f	3xzivp7d	b0dzhsrh	tiqksd69
695	z22g03v4	ajlpb9li	d6ow67k9	p5nte83n	8dgahmka
696	zecuhkcd	9ljou3ag	ucmzbezx	925f5ucu	0qu9kwm1
697	ky5env7t	est5jx7g	wtovv1jy	ocl5qf9o	bqn29m9k
698	fu685z9a	qp8jxcdl	b9b6ww9q	ioclf03d	9f0bjknz
699	xe8t3uqp	dc8z4jzo	oo6ba081	d6ow67k9	jnmpyovl
700	53t1mhnb	d0nacth6	di45k0dp	muiasgwn	l6bnxi40
701	vrhrc7v6	belhjr5e	rwgqkow3	uj0k84vk	9cds5g5u
702	y12veqre	zoipx650	h82r1ttc	8zm7n7j9	195h4ofw
703	944pn0k9	jtwb17u8	f1ckv4bk	ch7nna59	32v44sw9
704	4unn3fmu	xk6rp4e7	l9bswegi	yg2voc65	5351oj7i
705	f3j0g82b	lsiy3quw	sb3y2w6c	e8fhlo37	8w2t6u96
706	9bhi3rqu	v8ujnrbi	j1kzjre0	cvbxv7h7	zq4ty9rw
707	2vs7geu6	llcit7x2	wq4jsc4x	39mfts0g	1foh6k53
708	c5be70t6	zd8c1no7	121p2shq	3kng7qea	e2rtzymt
709	ivy95jpw	2v6zigt8	s0ca1r5s	oqhmvpjm	x8erq4pc
710	vndj6f7w	tra5ewc5	f96qs295	2tre0wat	33wqmdnk
711	n6lwnct5	leqluxpl	yrdzg7wz	r7bmtloy	mamtxi9v
712	208w0eyz	en0obmna	01h205jf	wp3rwdum	s2811lpo
713	nln6pl3h	n0actmsc	dx9hez38	4d6az41t	xy4m6x8d
714	4gr6i8rf	m8xfza1d	aky3bja0	u6a65x9h	eg5snpzs
715	n3swuykg	l6yr6ang	3v240tcz	iyi2fwhf	s7v66pvg
716	f6l0hwyw	bmgfoine	nle4axad	r2hovw0y	l2i3aa3k
717	78kbutc3	f6i46t3h	71ixs3y4	vge26qe9	vjg00epx
718	b4hl6fnw	sjkni2uc	i1yf8fgk	bn22k0p3	9jqafpkp
719	6h83xzqe	na3c21pf	t2gxkxxd	6buxpp8x	32ua8wb6
720	dx53hxej	m6poosn3	gap91mwc	zjbclhj3	3udfl0a2
721	l56c020a	93b2ivio	o29hjkca	hqod7v2l	3xup6glg
722	m4u4ulml	ivug325f	upf0ecx7	wf72fra8	pxhetma5
723	i4op2jkl	ow39tpxn	wwt7mn55	5zzlhyga	vkf5njfz
724	n1ysi7qc	qfrenkb6	h6b8xuvs	dztaijzu	ktwazcrd
725	y98bleop	a0dvzhc8	rc5d6wi3	amxqlx2t	frx9hfxg
726	z795y51f	0l5li1f0	fe72aj3a	1l3b0hqj	c7g2ah72
727	l4zku2e9	8hvve871	kgt61kcu	n5qfwl57	24m4rh9w
728	6zjzy0ft	fa05sovj	25bdifv6	ra3clbbr	fypodr9a
729	8xf8u6bg	9enbrd6h	cfkh0ypy	tb8k979g	x996e0cn
730	1l4o9pko	aakzdkcj	9wnkmn27	o1xkgkn1	lm73oj21
731	xtmn1n0r	32ua8wb6	1d49odsq	daxv3reg	9g0lo2e9
732	4socpj73	a68y6qsf	il4wa97x	fety7g0q	et1ekgdl
733	kff7ho04	qa1tbu6t	5u7py7ca	75cnqi4v	y77rbrnd
734	fjzhe9tp	o68mentl	1ma4hp52	1rxw5xro	mlozjg9h
735	35nshnn2	5zaw2iot	3w5ouagx	2aslzgdk	toy8i1lm
736	tp7wthiv	tk0iwpnb	12yshnt5	wt5qxe0j	7hh0pffh
737	egn81atf	9wx4ltyd	s4cfdgbv	zzscey1f	ybyk54ts
738	ashxoaav	f4x16qyh	03gs6o4y	hzn3qus3	dqhdws5k
739	iid4bnvw	qt5qv3zx	arcz8ku9	1b5hb0g9	1315iz0v
740	drto66xt	rwevmwcr	x64zft78	5fg1keua	8393t8xl
741	ucmzbezx	58nmdd4f	445cz8gu	0clp6zt6	q55l1chd
742	sgo76prc	b5eve7re	7pqy0ejn	ofgv3p8y	z7o5vt6p
743	4cy3er3y	e5y8pp5b	s0ux3xzk	7xt894vr	ca3h96bx
744	tfpa12kr	yy8mbw1a	ijdk1nnc	zmkvs7e7	ax87r0bj
745	s0ca1r5s	mo23hpe1	80xhhcpm	sywxrxmf	7th3d6wk
746	du7ba2ky	tah4bpj1	xiaj8ofb	3xw4qjoy	wffv669t
747	vu8ao4pt	9g0lo2e9	y4m987yn	k7vjqzx1	u3832seg
748	nom4z0tv	1s8jzzwg	x51jorbm	a2voobqa	dhd9e9bn
749	j5b0f3uk	p7cbnrji	rmyy6fni	7cakttlp	6oi8s315
750	52lf5gzr	6rpm4phy	djev6er7	gcsew8u3	nf6n6afo
751	oaq5a5i3	3mk8dwf9	nzy970he	ca04j8sc	isk5cu0k
752	t4y1ylb3	7a543f7v	o86wki37	ruewzstg	m2id6kxw
753	r7aqsyfl	amw2c96l	qa1tbu6t	dkfohub3	kff7ho04
754	ngbnnpni	gcku08s7	zctjkag0	yy77zuu4	ksvw62gl
755	hg3xpej0	ny7wkswf	styavbvi	o4vvlmr4	hn21zwy1
756	sxi0tpsf	1vcc1khg	wq92nfnd	usyduiti	w0ebmg16
757	gw9hkw00	umg0ms2i	8fkzc445	3cyo993u	wnpmwne1
758	li8kvzdh	121p2shq	l9lni5d3	c5be70t6	o5k6mqid
759	kd3as3b9	cc23zega	nnkul2r2	ce9jq0hq	hjmjav50
760	onjgfr4j	8pdlynuo	4zd58eqy	h89eb6pd	2isgi6sl
761	wbsl6n67	2jdlavwj	ocl5qf9o	styavbvi	7jwqm0b2
762	gha1wg4w	7f33cu6l	ko42qlzr	4iuxm6z2	y203109o
763	gw9hkw00	2uidarm3	31idktk7	fnok2eoj	u8t64wmg
764	y12veqre	6buxpp8x	u66awao9	dpt7sh4h	deezca5z
765	vl7eqzu4	v0dkbn5l	l6zsf85e	fe72aj3a	859q36i1
766	ohfi48d6	o7ww2prj	6e444g2z	y4cqgbm2	5fg1keua
767	ximw03ej	eay6qfhz	d6qr2abi	w1bx4a7v	9hpkmjvu
768	5ojyly05	in69fhw9	gi21di4d	g6i3x433	3xx7rw6y
769	jo489zm2	ufzjvdho	x800xxj2	wdfzrzkt	98t617oo
770	b1g23kz1	dayqtzfq	grm6kfx7	8lnjbxe5	lur9d6ji
771	78wu4kgv	7tto4hr7	fiicxnty	9od5fthg	yy7bcfzz
772	g3hujz5o	duwr9b5b	xk6rp4e7	lvbutmio	jekx1czw
773	l5nncxqo	0jm3j3vc	hpj8gb4o	fmivg2cb	bsiwkixj
774	sgo76prc	ngpl6xs1	3w5ouagx	mlrq0rjf	hws1e4tv
775	8gl323hs	ogdqq3dl	hib9l7yz	bx7vz0r7	977caq2c
776	w0ebmg16	dt2pew66	cg6v3yma	wq92nfnd	opjfy3xr
777	jghu52qi	mrc41hu0	dcx6cv2q	i6zofi4g	vxmamhkx
778	95e1kuux	52x62y5l	gu4mz2vp	dztaijzu	1r9975o8
779	z1wwlea2	edsrpgjo	mmr04tsm	yjm6asp5	wf72fra8
780	dx9hez38	hhg2nyoz	8i2ryrfe	q473xazz	lmo2t4ho
781	ocl5qf9o	ws75gpsc	ysu5rwmi	efbj3uur	nvbt5gxl
782	fg9cy17k	jnz5by5w	k2zrdjyo	6akx6xpt	cvkdpnn3
783	6r79qt66	vmmztj0a	rc5d6wi3	itqi22lv	az9zt5xx
784	mkgszhkk	30pl5tx3	ra2njvcz	844229sb	uhkff67h
785	wubcq0xx	vxmamhkx	0vjxc1bm	u5nxm9tu	8dgahmka
786	ajqbljai	8xvqq5eh	coh92gm3	0u4nmrq4	x220pjeg
787	s0w95qdn	iobpcfs5	tvzn0112	ukca8cqw	e85xdrcw
788	3cnmj21f	34ulkvl4	cv7tb3u1	b2w95zcb	qa6za0yf
789	4cqf9v2v	58r5wcwd	7j5zmg8w	zkxrjk3p	styavbvi
790	9svrz0vj	bzn7wd36	4vq9ljlg	88vj8czi	l375v2my
791	6j9x3pn5	rytw6rfd	2aslzgdk	1diftm9p	nl1ud0rz
792	3otvtwbb	h2h4bnd5	xs7vkm19	qfrenkb6	95e1kuux
793	fw211spn	nles7ymd	u95kg3m0	9dnj4ppj	oud5ioks
794	43ocdbp5	1b5hb0g9	jlqpwfwm	1315iz0v	wwjeu8ie
795	dsfbmhbj	bh8zshy9	x0kcrmol	o8aosx2q	ultl3rpu
796	9pb2eqoa	y43prnko	1vcc1khg	au78rob2	5gldyo2d
797	1gv3t5t0	9th9mm7e	tf5a48i2	onhhjbbt	xli7wyg4
798	xtraspw2	2gjo4oqn	mnjy6bq2	atloc9th	knbngla3
799	hb3wcm04	m45teajz	d3530i86	0eftiyuw	vg96f35h
800	ylqpkosd	844229sb	c2a07zg0	2f9vpqej	630w2rtn
801	wnm89gfo	8x3lqokw	98ejxivc	t90pvtad	dptapovm
802	vprj63y2	snlukr6c	otawq1c8	nkx5zdfg	uaccs7k9
803	ub3kjqkv	4mjrpjit	ler0t9o0	vkf5njfz	z94005i4
804	g17lp8ch	ximw03ej	hf79cbuq	w1bx4a7v	w2c01295
805	8mmau2lz	tafg1xoo	5esyjt0l	tbojvfq6	juofmvz2
806	2kh4iw8h	9mdf927z	ipon95io	5tdmh0ac	d0s3vl2w
807	5rsxnrdr	gvn2v6rt	s7v66pvg	84sgz59h	faue5ywu
808	v29jmh6s	8twdx4g2	aspn870c	z5rwznmv	bpv5wgm5
809	rnvc43go	65fwicjz	cmx0rkvl	9g0lo2e9	jnmpyovl
810	rr0v0ju1	uaccs7k9	geo7ac5i	pppb83nc	lr5lumdr
811	k9xhphpl	80dfqjql	vpqwkmlv	tjplc5j6	ltwo2mf6
812	h7ftu3ax	8ko7mmu3	fj6l76hq	1vcc1khg	2199ydle
813	jisznsr3	195h4ofw	8zm7n7j9	iz74o9de	zu5mg2im
814	extp8epx	47p4g80o	186wyg7t	zghh0zbd	delciztu
815	ngbnnpni	gcku08s7	zctjkag0	o43e6aid	94w1sbsb
816	ybpev0vi	zt5alyy2	tloczjn5	uk6whrhz	296lr317
817	q4m2uj6r	5dbuxvc4	p6uliadr	uexahhdr	cpc1yefj
818	gruir7aw	h35we3mn	dfyshke7	9f5i6crg	4ylmj9ub
819	rbgoabfk	5aev7ltr	llow5xll	j0bu0upi	ix4zo0ha
820	8xrccucr	q8l3ra55	isxasd9b	72s5lbz1	1n2r829p
821	e1macqqm	kfn2q7wt	0fpa1f30	9oui0l6v	i8byjktt
822	gg2swy7i	u0vhs2d7	h7hj64q5	fx2ikn2t	fqdu9uo0
823	eef8mem7	zx9wt8wi	sdtr6yla	vpz3o29f	s1r8guqm
824	n2wqalcu	jbmzvljk	6d5tp5hy	hn21zwy1	9n28nniu
825	s23d5pns	d7tk12u2	mt61b7o7	jf9whlu7	tmdsyzyt
826	0o3wjvpx	o476dtgd	f3j0g82b	6bnj8pcp	32ua8wb6
827	121p2shq	5azti19e	i6mdlf36	y43prnko	yw5lzibk
828	zoipx650	m5udbs4f	iayyox4r	mc77aqbq	sm0112e3
829	dgnddq80	su41e4vo	vbayngh0	re8fstqw	sm0112e3
830	6a728le9	xq525smx	qbj8n8h6	gtp01rna	1blzi9r3
831	0aqww7cz	kit7dfi2	c6p7hgh4	jdo7afuh	ko42qlzr
832	v06kyana	kugpzkyx	97vw83zu	ibnudp1x	cuw2sx2e
833	7tqxng6p	nkx5zdfg	kayh0v56	zbusl6pc	ylvgmdwh
834	0aqww7cz	0pptqw7o	iy8pp5ey	wtovv1jy	f0judfwn
835	1ad18z11	hgpiig0g	j2t0ofgt	4bbapd1t	ua7hsfma
836	n311ptne	05vmhjjp	njgbom98	aawjla6h	z22g03v4
837	f72i7wxu	so6irh9b	trpbkat0	bcttenl4	ryfz5xsj
838	qeqd4soe	fq5nayxt	ultl3rpu	9wnkmn27	ax3e82js
839	y6zisciu	jnwuu08w	xe8t3uqp	xneu8glk	1cpjqav4
840	5tpkcd5z	6g4oclln	t2gxkxxd	s1ypdhzv	bdlhd5i1
841	o1xsjx2p	97vl2cfl	ky5env7t	y89e2dju	m45teajz
842	tgstsac6	1b5hb0g9	gy0kfhy6	9getsuci	a0q61mpi
843	oqhmvpjm	fien6nra	m0598zrc	nxu1xoax	jiunpwz9
844	k2jzadwq	ztxfa5b8	amw2c96l	0pptqw7o	so6irh9b
845	g4250q6l	8sb8brew	34ulkvl4	0rrhgz26	zvmwubuk
846	04vbjlab	a4kjk836	j5vhny44	k9xhphpl	80dfqjql
847	bwmpamea	x14iywtr	b3ui95vx	pp6ktvv1	y4m987yn
848	vbx8khih	vgmzb03s	zsra2yz3	0o3wjvpx	ylqpkosd
849	mim419b8	sdij1d90	jp80u828	gk3wr6s1	22b3rl2s
850	dgnddq80	4ckob7b0	sdij1d90	vbayngh0	fyyibj9j
851	w1bx4a7v	mcmqx7og	r58aohnu	d6qr2abi	p0kg6dyz
852	tk0iwpnb	nrhk8ctf	lclxe7i9	tp7wthiv	12yshnt5
853	m2id6kxw	6wpyxcuy	u7tqolyi	frx9hfxg	j8dtmy7k
854	5xk20hs5	nk8m2dxt	p8xpavbg	yjm6asp5	hsm75cww
855	wgpty5w3	zkb1zbvq	l72grjbg	prqrsb3c	lsgm7y5t
856	aakzdkcj	1l4o9pko	14alhxc3	o8nf7nd0	rfchb7ar
857	pm3ck1gk	0g4xxy3j	4ghn6zbd	w0lgteil	r5rctvul
858	idtt3frp	8acldtv2	lpoxaetv	opckeugf	pbhvq1nh
859	ok9o9tta	10l6kx3e	1y79i676	p7cbnrji	efm6zj9r
860	nrhk8ctf	tp7wthiv	tk0iwpnb	lclxe7i9	7hh0pffh
861	2rx84imv	w0ebmg16	dxrltm25	8iqs6jko	f0judfwn
862	sdtr6yla	7mc4dq6p	k0eheo71	eef8mem7	yc7cvbii
863	9h74xlvv	6gb1za5h	fiicxnty	wqri0z4p	buswbfd5
864	8g70j0qw	039k70vs	zj0yxy2z	6x3qopgt	gk3wr6s1
865	zuc538yd	eknllnci	ygn9oiir	gw1pr7fw	ptihe6fu
866	js91utss	stew8m7u	hzbtd39j	pxulu0hl	dngs5tbw
867	1iqfm496	0i12e4tn	e4xw6gyp	snlukr6c	32ua8wb6
868	flqdf8vd	q8l3ra55	p0jht22m	raw2mt47	h4cu63cm
869	8gl323hs	0oxo2awm	gk3wr6s1	tm9jb7bq	0lk8eujq
870	qyj6y9jc	tbojvfq6	rg3iygo4	gcv4lmsr	oa60fwht
871	wdfzrzkt	foy3dsq4	lbd6hn57	asygd3yx	4xs9avr0
872	r58aohnu	w1bx4a7v	92z77upt	a0q61mpi	ordof7g5
873	dt2pew66	zycgczqy	pu12u627	tra5ewc5	ii0ceksc
874	1vj9p7vm	tl1o1wr9	4ij9t0t3	ujy4i5uu	w036x5gr
875	m847xdzk	yr27lnq8	j0uojajt	2u5zxc2i	y1uk8yfa
876	65efipbi	lkb09vs8	vkr0766i	cxqzo58q	pkn7kc0l
877	wnm89gfo	t90pvtad	tk0iwpnb	y203109o	9h4zzo5q
878	6a8j7hjt	e49rdu76	z4cq9klm	ixhaq0az	555e3ndo
879	cucrqa16	0eftiyuw	dptapovm	34hbc1w9	8pli09ym
880	2jdlavwj	fxwszm22	h0spcvjl	jbs3d5xo	bqn29m9k
881	8iqs6jko	w0ebmg16	x7ffgtrd	x51jorbm	mnjy6bq2
882	45y7jepy	zql4zhyk	6srmai2o	33xgu2rw	h8x5cpz4
883	dgnddq80	4ckob7b0	v13kzr5y	2xjv2fb6	4jjuwc9r
884	w1bx4a7v	y43prnko	wq92nfnd	0mwz8kwo	4p6fcy8f
885	v6w9mlsa	bn0fegqg	h0q93in1	azl5dj74	jnmpyovl
886	dc8z4jzo	oo6ba081	7vsv726x	jnmpyovl	v5beddu4
887	5o9bbspc	tdlcb9bf	195h4ofw	0ojzssli	xshqu7qm
888	7n4t8i2n	d1p8zo23	ot1uz6vc	y77rbrnd	xvctmmzt
889	b5eve7re	sgo76prc	ztwemu74	8ztv34hs	sjsaw6yv
890	lsojoa7c	ppsk31u8	wdn5skh2	ogrlupbx	7as9f1n6
891	ex3s7ytv	wq3ulivi	u4doukk7	cmx0rkvl	vaeh5z4z
892	3jgm3uhs	p2gzup4w	4hmecfi0	i6mdlf36	0l6ruql9
893	nvphu1fm	iez1j9jn	b8c309hj	ez1l3m4o	uwc67iw1
894	ebgu29uh	hp62t734	97msfh4l	vpoqfm7d	4u3v4vyu
895	j4pgpxoe	nkzweuft	lfk6e8hy	o71p89nb	6274gicp
896	t9hbbqay	5tkxucuw	20xgqvxc	vprj63y2	8hlhp8i7
897	bidvx8hy	9k4pwc2h	n4hw9cvo	kyt14ufu	park7t3g
898	dfl69g4f	a793bgc1	pqt10xzt	zdlbsuys	uk6whrhz
899	awfgfmx1	i1icueuw	wa4gt5sy	y930bpqt	3huh7iwn
900	hitaptnp	rhgl6vss	cqv2cv9r	3r418rss	xh723tgl
901	29ph2eai	pj7no3fe	pbb9nrba	pqt10xzt	b8c309hj
902	1fdnbq1f	rhnr430g	81rxs247	v47publm	fypodr9a
903	4vzdk69c	pggf4wyo	msra1ghp	zy48nad1	od0y5ruh
904	7xt894vr	s7wykoze	630w2rtn	smagtwzs	xhkjbeam
905	yjsxen4d	pibg1iw7	2cq5vpyd	0ockdyh0	qk8e2ac1
906	yr27lnq8	tgstsac6	gbpfypmn	n5ogyxz7	if4c0h8a
907	6xxm7hcs	vymre7uv	f8ah4lzx	0hbyplqq	t2gxkxxd
908	z9vjo98p	itxde5mw	k36t200n	ygvg9jfe	6o7q57xl
909	ycklcks9	s3qkscw7	918wd3ez	zq6oe8w0	elj952zc
910	ssskg86y	bqdvx458	thcl0eza	o3bp0837	o7qytdl5
911	rytzyf1j	a7frertc	ionhyrbf	idlmau69	fe42i4pf
912	uohbxoeb	bzeqs5oh	a40yhtqk	zbi0llig	0bh8i14e
913	qnuphz59	jwei2g97	svl5ks44	jfdwo189	kt615lm4
914	ii3di3dz	jpenhh92	y12veqre	zu5mg2im	t1vom8f3
915	8e9f9ssj	j3avpu1y	ixhaq0az	z795y51f	yw5lzibk
916	4pgish5x	qowp861l	vwvzxlqh	ki93iltt	ppe8br4z
917	9bhi3rqu	7fua7kgs	v4pkwd44	dptapovm	h8ykn6ut
918	0si51n85	bu5kfsfi	b68c8qwm	6o7q57xl	d3530i86
919	fnedip6k	kojb8efv	i1rzeir6	bsq640o8	d81rq6b9
920	vg96f35h	8lyipugh	7e3kiox2	lvw0cnwj	zpxnr9s9
921	ebbaw3td	ccy8gf0k	jiunpwz9	0l5li1f0	r7s2ezb4
922	lorpo8uk	znpc5jq2	rgmurgbf	jv3u1c0e	y9fqa20z
923	9n7bkayx	mlo8zypy	obhm5mc5	qalficgu	8mxj44n3
924	e1rl383p	q1qqm9e6	tu1vevx9	1d8sb9rw	far6giyb
925	sgo76prc	7b570emm	mlrq0rjf	q1mq5f2t	7s79900j
926	lgnhlxgd	nvbt5gxl	gk3wr6s1	byc8b44e	c6w7eucp
927	rcb943w2	amw2c96l	dkfohub3	qa1tbu6t	i1icueuw
928	52qpcg63	itwp8mlj	6d5tp5hy	b9b6ww9q	s82tyeis
929	7ddw02f7	zrjvpoq0	hinu974s	wdtrpnkn	m1bvurwi
930	o43e6aid	f5s0ntps	6r4jyop7	wxor6kg3	m1bvurwi
931	tnejo5wc	j1lhgciv	z3msyl45	2uwnamao	3v240tcz
932	pbb9nrba	07a30kd9	0vhy44iq	yadb7gwj	rwbciyze
933	64qt0w2a	faec051u	auvehdq5	wnpmwne1	ua7hsfma
934	ir20eiqr	jqueo6zg	5t16srpn	g2u1f0ly	8a8eheip
935	hbyxy4ln	wz6446aw	7bhue8w5	x924tb4t	mg9kypvn
936	ekgqdjlk	d0nacth6	zpv5f8pr	d8vo0ncl	inc5b12i
937	z22g03v4	sm0112e3	0lk8eujq	x9sfgtim	ropgq7tr
938	bxuwx1jj	gysvo8e9	3fagnql8	d3530i86	s842zn9l
939	zqzs6vtf	tq2vdo88	s0ca1r5s	3m9yonqe	d21lvneh
940	gtp01rna	yn7e3do9	0eftiyuw	6qai5sev	20xgqvxc
941	4py6l839	6oi8s315	aceu86at	xzps65et	unnrflmr
942	n5c0hcwn	3cr97dii	ga5z3via	y349r3r6	mi6bdisx
943	ro3o27pv	8d90mc54	oz1dkdu7	kq0cu73r	grccu4kh
944	nxu1xoax	onlly1ga	fien6nra	1l4o9pko	joscglfp
945	0u4nmrq4	nzfpgxa0	ybaxa1vg	597wavq2	vqswp96l
946	xigbp7vh	la2wvnb0	wt6azxc1	s6kdchlo	u1tv6n5s
947	a3efmczu	von13s78	y203109o	qy4gsvac	0ctlde8w
948	7qxs79qy	d6mt6nze	zbbh6wl3	e6miaabh	jc26e39s
949	65efipbi	jjgfgqwg	ds7qon66	mof7tf6m	wtxhbzr9
950	u42d1p1j	dx2cx9lx	gg5c8v7d	h7n8w2k4	uom5r1pf
951	xcsl2evz	mw0wb8a8	h2uc7ria	dnxhtbxn	k2qj6o7j
952	t4y1ylb3	a0rvtsog	kmwfce00	mrc41hu0	uvhzw6c9
953	5hxsagx6	ix0xi5jb	mamtxi9v	ngb7pbyl	qw5rpzws
954	gw9hkw00	vxv7pq8v	5vp2r2bd	ag18sokf	8ggucrp6
955	ff6amr0c	skm4qtgx	w1bx4a7v	2lap3xy0	kuvdbr09
956	5aev7ltr	lty6oq3d	qgwu9fsk	uj0k84vk	8hbll61z
957	xavegbty	ywne437k	hqkrer9m	samf1kwn	8b0bjxdt
958	dksw5yzp	hunepli1	p3cxk8gd	kt47i60w	jnmpyovl
959	hn6clwoj	8hbll61z	zbi0llig	5aev7ltr	dtja6m6w
960	fu685z9a	jfvq2gfx	vmmwtdia	dwgxrbag	yg0ovmu5
961	t4os33em	jnmpyovl	dngs5tbw	k36t200n	859q36i1
962	qvj36vut	5lqjmqu5	ashxoaav	oa5yvpn7	2bzq2ayq
963	ey0r1py7	dm6pznm2	t3givxiy	mqu6d8sp	r2hovw0y
964	zq6oe8w0	121p2shq	65efipbi	hsm75cww	knlc3bxh
965	nnkul2r2	g0za5fqi	h8ej5w6j	h13dq0x4	iuziorsk
966	vymre7uv	x9veckdi	v1egyqt4	en0obmna	xo7q4dqr
967	w74mx03c	k7b8wj56	w750idb5	7hh0pffh	p40x3cxr
968	xavegbty	h2sryzwn	9miesbf1	td8uwcas	w7wdq05u
969	lehzj4d8	aqutzlx4	j8dtmy7k	2ierk83o	jowowl0v
970	ej9qbrt8	aky3bja0	4hog76lx	4gr6i8rf	u6a65x9h
971	08u566ia	psk1lnff	ihgxtu8g	3c1fujrd	agvrw27o
972	0j4ind0z	27thc6m4	6ywpbdny	186wyg7t	vxv7pq8v
973	3l6ipiwk	fiicxnty	9h74xlvv	ybwwmyqy	mjvst2is
974	rxx0w56j	zbr3kfv2	k6txwaul	8rvhqd9b	ocl5qf9o
975	f1utp08a	1yvsae2q	i55203bt	s2e56ety	0gn3b98n
976	0ho4f5wg	rlhayt20	pbb9nrba	gnhvvpn6	e37oh29c
977	i6mdlf36	wz6446aw	mg9kypvn	ssmw2jef	dptapovm
978	8o2xddof	xnrb0byz	fub50lvt	186wyg7t	28lojtvu
979	b5eve7re	kutc6ts0	sgo76prc	ofgv3p8y	fypodr9a
980	otp1atui	8zm7n7j9	bjycvoxw	rn8eezep	e0pz0z4j
981	eyhtf6mv	n5ogyxz7	yr27lnq8	195h4ofw	1vj9p7vm
982	w3d33mq0	pf2wsny3	yr69ctrj	vprj63y2	d3530i86
983	ximw03ej	wedh0kvs	pu12u627	3h80bn0k	4mx9t5td
984	mu2vqjnv	5zhjn3u2	4iuxm6z2	h35we3mn	c2a07zg0
985	4u3v4vyu	24t0lunz	i5h0gm3u	lcy7u1i6	1tlduxz2
986	y6reys3r	nxws3pzb	p7rpfsph	jw713e2n	jvog9dpj
987	ueh60bz2	zonv6csa	t2gxkxxd	fdsaajpy	auvehdq5
988	gjk8kc8g	5tpkcd5z	0illlel7	tat66vxm	8hlhp8i7
989	9195zweg	n1q1wr9s	8so80bf9	9k6uqs2q	hxh085w7
990	8acldtv2	jgq968f6	y7s6qt6j	vvmb92wo	ykxr9q1j
991	lwpvyy49	mzekhyu0	vpoqfm7d	y9kkl2lf	i5h0gm3u
992	jcq5omdq	b03s7wsw	5hhbdzam	ckx6wxxk	a0q61mpi
993	3p2cuxk0	0illlel7	5nncqp3z	kxdfnykd	qv1xdqau
994	y43prnko	9pb2eqoa	0mwz8kwo	xxlvyp5c	ys7azmv7
995	bgr4h7kn	qgzc1moh	j8dtmy7k	5sx04n3x	xhh4vgvn
996	so6irh9b	dyxfsojh	8drlvdkp	wt6azxc1	o7ww2prj
997	kgggepu0	pfh6nm9r	cabmmgg6	1vd4j3qc	mi6bdisx
998	jisznsr3	t1vom8f3	sm0112e3	zu5mg2im	jpenhh92
999	tloczjn5	033phqmd	o0yvgmgh	pv7tgwcg	v2tehu35
1000	w1tdg8bb	fk62t9ym	d2xc1hew	o9mq3auf	mttosjh7
1001	j8666ial	74fh51hd	b2w95zcb	xezpzl91	v0frkv96
1002	z6cdyy0w	ruewzstg	t4y1ylb3	6akx6xpt	844229sb
1003	55yxh5er	yj25zkx6	ravcm60e	8p81kc9z	5jrxr2pm
1004	74o2xil2	4b6jrycu	jtn3y35w	q1qqm9e6	8d90mc54
1005	s4cfdgbv	9wx4ltyd	ulwirxeu	egn81atf	fvvotkjc
1006	b4mjo92p	plzklj7c	aq8ckfv7	dobxp4uy	s842zn9l
1007	1z1tces3	56uzzrh8	eo1uz3g2	0aqww7cz	1yrhikew
1008	65efipbi	3qgwoblb	jjgfgqwg	ds7qon66	e7uvbra5
1009	vp2t4xkn	oa81rhdb	wt5qxe0j	pq571myy	6a6tyvtz
1010	3eu5n942	qv31t2vh	tk0iwpnb	hsm75cww	7rsp9vu0
1011	2w80hys9	adhj5e5s	cv6no7nw	tyrgtwo7	h6imcb1b
1012	geo7ac5i	3qtxnbb2	6j9x3pn5	4evznllv	p4ejdth1
1013	9dlaaye8	i88ccp9w	a8065dca	h0ex5siq	x9veckdi
1014	w3gt0w41	0leez9la	juofmvz2	qv1xfrg6	91ea40nz
1015	9pei109o	avmfz0z7	7x9jzge5	hc4zu9t5	yy77zuu4
1016	79m3sdfe	30pl5tx3	ex6dyr77	db8fl9d2	1cpjqav4
1017	gw9hkw00	ztxfa5b8	mqyu72nc	kt47i60w	wzp7hpgc
1018	ny7wkswf	uxz185vr	efbj3uur	bqn29m9k	llo64qbp
1019	acyexmyq	nvebqwwh	bkm8k9ud	soybk2i2	xd5uhah4
1020	6xxm7hcs	zpv5f8pr	6wb18u6w	dc8z4jzo	jnmpyovl
1021	2v6zigt8	nxu1xoax	tbojvfq6	s0ca1r5s	0w7robfb
1022	wtdzad90	yr69ctrj	1ik8lrid	vprj63y2	g266ttng
1023	soa71kwx	6pn9jwfn	noale9n1	3kde69wy	p36ilfqj
1024	h6b8xuvs	lsfnkpcb	zoipx650	cyfdvgvy	vzloj6b3
1025	atnxkvy6	kq0cu73r	ws7lp560	z8jbxag1	09vzcqyr
1026	2fyo2q4n	3w5ouagx	sgo76prc	ga1fks7l	5zaw2iot
1027	gtol0evh	s96beqsh	eq5qqshb	tgd6gy3z	iu4p5k0w
1028	ximw03ej	fj6l76hq	h7ftu3ax	y43prnko	e1mnj7bf
1029	rfbihylo	fk62t9ym	b3m11ppy	5ogges89	3kjckx8o
1030	ximw03ej	5g70w76j	hqapg5ow	lr20prun	s2811lpo
1031	e1macqqm	yidait6a	1yvsae2q	f1utp08a	8hz4go45
1032	fx2ikn2t	zx9wt8wi	2um2wbcs	du58xx7k	1bp33rmc
1033	fu61afkg	1smwxs2r	039k70vs	dksw5yzp	awx9lcfk
1034	nwb7qf9l	lvw0cnwj	zc10b6j5	jjiiutd5	snlukr6c
1035	d8gx7xbj	48ay8yl3	3qtxnbb2	ld7lhdi1	8bi9owk4
1036	vszlmtf4	6aku7ghk	fvcyqzgb	f5ehif2w	l07q84ni
1037	0loj2fsm	qowp861l	8gh3q7p3	32z7b3fp	urazxa6x
1038	yt2fp8zl	tq2vdo88	lm73oj21	rp9opdmd	03z4u9v4
1039	zpv5f8pr	ko8lyoob	3oetrhdh	it0yy25c	trpbkat0
1040	x4zcpr02	4py6l839	b3m11ppy	3kjckx8o	o9mq3auf
1041	iff8cuum	li8kvzdh	faec051u	be4afbyo	jbpmbm9m
1042	xsqgrd5l	b2fwktld	06yuz5pn	k886vcj1	54fmvcl5
1043	krh63hqp	v056i6g7	at5pcnrq	t3vuwghp	yfdcgilr
1044	33znyrn8	78t2h7st	kt47i60w	azr73w2w	b9b6ww9q
1045	195h4ofw	1o5y5zma	m847xdzk	dcli6uaq	relolneg
1046	fdkt6moe	qp3cjql9	g63ed05i	hnwtz96p	jcueu1xh
1047	v5beddu4	7e0x1525	11d18w9y	mwvcd5eo	f18a3xiv
1048	uxz185vr	o4vvlmr4	gvtp8s8b	llo64qbp	h9nzxlaf
1049	w0ebmg16	9pb2eqoa	bfcz49t9	xtraspw2	mnjy6bq2
1050	b2iit1ef	46c98cvm	qt5qv3zx	mjm2kap6	5rlmaggu
1051	cjmmwl2q	ovpfh7sh	ncayc5zj	l346qqwp	1wcfrvnd
1052	niw61l9r	d1pgjtjh	ho6qjkyr	78qsuc5l	styavbvi
1053	08bw0h8m	7s79900j	m26sn2qg	4bbapd1t	snlukr6c
1054	9n7a9g78	5gldyo2d	ehqk1d63	neqeedtr	o6zww1rr
1055	t0s5ufzv	f8ah4lzx	1hobsclz	2isgi6sl	hcwuv519
1056	cqv2cv9r	rhgl6vss	z9jqbliw	o6dd2vu1	8ggucrp6
1057	qcssljgq	idg7c8wf	1a1zb9p5	7pbrnn2g	jtaq9p6r
1058	r5v2gi3v	fypodr9a	extp8epx	3vx85o8n	r7s2ezb4
1059	38d6gb7o	b31ctbat	qci7khki	5f95gve3	taa380l3
1060	4pcv1i3i	l8bs2km2	fsl4veps	1mz44ole	etriddkx
1061	7zngkwoh	1vcc1khg	w3ls1d7w	iu1d9i57	dhd9e9bn
1062	t9hbbqay	ej9qbrt8	ydcu8f2k	7368psat	20xgqvxc
1063	keaxietu	b0g8y96j	9xpbwf9c	38d6gb7o	uitc2tru
1064	24u6q3ae	78kbutc3	d78zcfls	imheos0p	64sdgroi
1065	cmp1bvhd	ffy19pp9	2lanvyia	es7c7szs	5sauy21h
1066	0bczgiyy	ipon95io	qhbuvt1l	n9kf6jgk	17km3arw
1067	gk3wr6s1	34ulkvl4	pc2cnhjd	nmdlet38	r9datawi
1068	xchvlphf	cbhlzemx	fdyfg0kf	isniqv6b	ekal5251
1069	mom4y7cl	shfkl0bs	6x3qopgt	wslsqytj	9psiqhpy
1070	fep6qm4d	9v6f2274	xtmn1n0r	knbngla3	ohkki0ke
1071	unhrmzn5	5tpkcd5z	8ti6r0eh	vllhupzp	li5cw8xx
1072	rjelshrp	mut94ov1	1992wisb	gha1wg4w	w7owso28
1073	353wr671	ogchq8gz	tljydrnu	17km3arw	ptn9ntoq
1074	qalficgu	gnhvvpn6	pq0t6x88	1a5oy6fr	wbso4fci
1075	aclcbxkd	g0cgjlok	ks0zkp57	5ojyly05	d19v8qca
1076	ogdqq3dl	hsm75cww	x2a32lml	t2gxkxxd	bzo4x7bh
1077	3kde69wy	vmmztj0a	6pn9jwfn	25aj8rj5	qpgvrtee
1078	uw0rrel5	rwbciyze	0loj2fsm	q2i328sz	lht6lhry
1079	1ik8lrid	7xb7hj9u	vprj63y2	yr69ctrj	fxwszm22
1080	q5veu992	uvhzw6c9	yj62tnz6	yf3z913h	54743usk
1081	rob84q03	z18owc90	rqnvo9t2	tqpvjhb6	tve01g7i
1082	w9zyshzb	kmwfce00	tsyl7crt	car394ou	cpc1yefj
1083	vsinwqnr	ajmelb8a	ymbfoqfa	lsojoa7c	acfa95vw
1084	vg7dvptg	8d0p6qpc	dm6pznm2	kk47kxwf	otfb69ft
1085	a7frertc	jbmzvljk	dnm7s947	xi90m4jk	j3vpbk4q
1086	me08w1ir	td8uwcas	5lqjmqu5	qh6fqna8	gvtp8s8b
1087	wkl3jyzn	dptapovm	52jtd51o	ot1uz6vc	7obhnmah
1088	zbr3kfv2	u6a65x9h	8g70j0qw	prqrsb3c	vxmamhkx
1089	vbayngh0	rv26qfmf	8gh3q7p3	rwbciyze	su41e4vo
1090	7kxi7px1	zcvumy78	gwaqh4dd	b52pn8t9	5s1zz2lm
1091	xof56j98	t97pdl4u	2l883zhe	nfx86mkj	h8h8xkfx
1092	121p2shq	x73moqog	445cz8gu	vkr0766i	l2ak5ygj
1093	ec3pmvih	ylqpkosd	2u44c7oi	2la3hkzv	msb6wgnv
1094	t2gbeb3c	omk29wlq	f5ehif2w	ywi0a8s1	h87bv6gd
1095	2qwk2z22	u31ixcwa	195h4ofw	xshqu7qm	sm0112e3
1096	mxg2q1vd	uliopaz0	ot1uz6vc	lny446a3	f5d8fazm
1097	8hvve871	zvmwubuk	h2sza0if	8iqs6jko	pxhetma5
1098	f4jx3b2q	lr20prun	7xx57cwo	mkl7rvr6	oijl3pjt
1099	aqke0012	0vy5yifk	wcmxmahq	1f6kq8co	8wpfjxci
1100	8co5gwkz	2uu19itv	osct0lj6	w0j0n8mn	vdfnrh9k
1101	a7420by2	r9yzx0pk	8jbisapd	jurqttdg	pdfl15fz
1102	y43prnko	wq92nfnd	opjfy3xr	w2c01295	vvmb92wo
1103	km2uxj9p	x7ybnese	446p4tbc	sikgdopk	ujy4i5uu
1104	b5eve7re	sgo76prc	la2wvnb0	np1y2fkt	55gugbs8
1105	2q6qmex3	7mcfehzc	b3ui95vx	ec6ov0jw	iab4qya4
1106	30pl5tx3	2bpyvgv7	a0q61mpi	4r96f92d	32ua8wb6
1107	h2vct9h5	o7ww2prj	hj8z4nk6	adh6j7m1	6lsl7ahj
1108	me08w1ir	td8uwcas	lfqi7jsa	b5eve7re	7b570emm
1109	5ckds66x	h65g7bf2	8xpenaxt	efox6z5q	nvbt5gxl
1110	2sp8nm0i	ncbjncfx	p9qeaedh	jgq968f6	6mpxu6r0
1111	9hpkmjvu	763v4duh	uyb0of5p	0clp6zt6	xgfk6txz
1112	36flecmg	y12veqre	0ojzssli	gk3wr6s1	s3mczqvx
1113	61snvddh	lo4swmnc	3nxmw97e	nji5ek3q	2qksxqmb
1114	mxg2q1vd	u2kjft6q	c6p7hgh4	ws3tfs1j	b0wy5zz4
1115	2iupb6gj	j8d47de9	imte5ong	1y79i676	p7cbnrji
1116	lclxe7i9	5ojyly05	dfpmbtqk	9jsx2z6e	hgvqjtfa
1117	u89jd28e	1992wisb	o3cr0xvm	ii0ceksc	3jrb0sn8
1118	gi3vfi68	0shy9q2l	nemkary2	wtqwghon	apqzyln2
1119	p3dex2to	zvngy7zz	pc2cnhjd	h6dsjkvz	b9evh1l2
1120	ny7wkswf	uxz185vr	v9y1iw3o	vjubia8r	eyhgtpe0
1121	kyoa5gsf	1fgnfh62	ce9jujij	zuc538yd	4zd58eqy
1122	e0pz0z4j	pbb9nrba	yr27lnq8	9ige2pwd	adusu6pm
1123	08bw0h8m	dhd9e9bn	tn8houmc	y43prnko	8fkzc445
1124	ji3s6rnu	5r0ubg5g	xhazsa7r	jvood8ur	8g70j0qw
1125	f0t6n2j1	k36rymkv	19d29mnp	sq01hlaa	bsf7arhl
1126	t2gxkxxd	feohcey3	8xf8u6bg	hsm75cww	fxwszm22
1127	1qwq3jme	c187k4yc	h365e9gx	hbyxy4ln	spicb5h2
1128	uexahhdr	5dbuxvc4	q4m2uj6r	cpc1yefj	kmwfce00
1129	b2fwktld	wslsqytj	wt5qxe0j	jjsr5u2i	mi6bdisx
1130	pz3e9y4i	e4y6l4lx	yaad1ve4	k0eheo71	wfa5fb3r
1131	kwutlh8k	iu1d9i57	3h80bn0k	ccat4lyb	d0pawki3
1132	hiw576og	ue58uvot	4fzzoj14	52x62y5l	wdvuweiq
1133	bw6a5gmy	24u6q3ae	cgc0v1dg	dr067qlf	z4cq9klm
1134	5azti19e	wqu8dm15	idhbd102	o6i5ca7h	b4tqd8wx
1135	0pptqw7o	kff7ho04	so6irh9b	pvw9t7zd	qa1tbu6t
1136	kczhrxxd	bgiyvqgw	rjelshrp	uk0hlynp	e1mtdo7v
1137	25jq098w	1wkpkh84	wb1apvn2	oc7koh6s	t1ho5c9h
1138	7ld7hyaw	kmwfce00	gme1zk3n	ob10sxfv	jhsqrto0
1139	cf3l8uzq	lorpo8uk	n119a7fx	dyxyab5g	998jcj18
1140	ike8mgh6	dgcawqyk	137662w0	pg0l92zb	6b6v39uy
1141	o7ww2prj	41uuzzpg	ys7vovie	bs5hcx6l	yn7e3do9
1142	hjuftxwg	721ofhsv	y2739974	z1uz0awb	itwp8mlj
1143	n6ro088v	92ezdiap	eza5qh47	supf8vel	afytjnny
1144	geo7ac5i	h7vqmlq9	snlukr6c	wxc5g9l2	cddya0r7
1145	ybcr7clp	1wkpkh84	tn8houmc	q77tr31d	kmwfce00
1146	n1ysi7qc	zhg1hvsq	f96qs295	prqrsb3c	vxmamhkx
1147	gbpfypmn	gk3wr6s1	g63ed05i	far6giyb	a0q61mpi
1148	e0pz0z4j	zq6oe8w0	ex6ktyl6	xxlvyp5c	xvctmmzt
1149	2l883zhe	407va85q	d21lvneh	fteydbm8	yy7bcfzz
1150	4uieqidm	q1yn89cq	3eu5n942	5aia1f36	89r29l8g
1151	nz976qc6	186wyg7t	2l883zhe	vrjibtfi	250glj07
1152	iylmvmv3	7zngkwoh	1aqf98e0	7zdi0y2s	y43prnko
1153	5g4smxpv	5tpkcd5z	6g4oclln	zbr3kfv2	0041cay9
1154	32v44sw9	bctb0ewu	bawgldfi	of9wlhga	9rczqcaz
1155	r58aohnu	wn98fql3	9gn4jcu9	a0q61mpi	ohkki0ke
1156	m89wmmxd	721ofhsv	ybcr7clp	cvbxv7h7	v8ujnrbi
1157	ssdqobqb	ngbnnpni	wr6qa1vr	gha1wg4w	j2oo4hoo
1158	w19729nl	hunepli1	9ljou3ag	yi2m5ukw	sxx3yid9
1159	hb2lieh3	7xnga86x	fnim10e5	cwreauh8	j8666ial
1160	0z7ey1nm	dblqryhy	jqueo6zg	5t16srpn	hfk8nikl
1161	5g70w76j	wtovv1jy	pxhetma5	zvmwubuk	630w2rtn
1162	jisznsr3	ii3di3dz	hvp47bm2	0lk8eujq	pi1yzeqg
1163	5z0xwlxp	w0ebmg16	zl4ixyg1	x51jorbm	1l3b0hqj
1164	8vk15klh	7aaiyppx	mup5hr7e	oe7fzahb	lsgm7y5t
1165	dbwew1op	oud5ioks	d8lmft7i	89r29l8g	6sy80720
1166	kff7ho04	nrhk8ctf	vo6jdb65	9y9lkt4x	v0y734lu
1167	dx9hez38	rcaxap24	oo4zwcdb	0u330d2u	k2f667sc
1168	b4yj7vw0	8r8586br	osct0lj6	7hvbbq15	32v44sw9
1169	xchvlphf	rk9hsw2b	fdyfg0kf	l70ghm8g	0d121e1c
1170	h0spcvjl	x3f1yyjk	3eu5n942	qw2ct68h	xhh4vgvn
1171	01h205jf	r4j1rcm5	ff6amr0c	skm4qtgx	0lk8eujq
1172	8ncc6d2n	7ld7hyaw	gme1zk3n	gysvo8e9	wnpmwne1
1173	znwa2kig	8pislcjr	d1pgjtjh	h1mo3bs8	o6zww1rr
1174	iu1d9i57	ktjhr028	dxrltm25	wn98fql3	607lsqlg
1175	86qczmbt	w1azm2mc	rnq3k34m	n51qbkas	a40yhtqk
1176	3tlv2b5x	qy4gsvac	vwrhypnl	0ho4f5wg	4bvxj7u3
1177	g2j4uqem	jfuwelzt	md0drb25	y0mbzzx0	ipsjsf0y
1178	y8ibpd1g	63en895x	hkh1crxr	adusu6pm	1adofojj
1179	pfh6nm9r	7f33cu6l	0ojzssli	6buxpp8x	xpqfpizp
1180	95zrth5d	4pcv1i3i	58nmdd4f	7tto4hr7	445cz8gu
1181	y4m987yn	3cnmj21f	lrqt2gcw	hqod7v2l	3ul4yoec
1182	qun2lfcv	wtovv1jy	kl3mfkoh	hg1q14gw	z22g03v4
1183	bns5eb1t	sxl49cs3	8p0xdqba	w4m9agd0	1hlqov6m
1184	jtgpzrf9	oud5ioks	u0jddsup	pa000mr8	spfc0fc0
1185	di4p48ax	t9hbbqay	pm825xn1	p9fhtjen	lkb09vs8
1186	m1sf159a	35vfjer8	qexarxjl	9sv03cqa	c0ynezgy
1187	h7ftu3ax	a0q61mpi	dhd9e9bn	onlly1ga	wrsk5vh9
1188	c4m63cr3	a3fvifax	whkfvd7l	ovuh3qoh	dfhxcqr8
1189	pdiyqdb3	fo9uq389	icgsbelo	ledopkwj	u7ao9dwx
1190	y9fqa20z	gtwg0m54	f0judfwn	xvctmmzt	lh18omnj
1191	u8mu4yga	1s8jzzwg	f96qs295	8hchfgx6	l8zfuhzk
1192	mz7b6ey3	cgz5ot21	il3g34k6	gqwwfpch	gdyntyxk
1193	texmsvyt	m6eotnko	6xxm7hcs	ex6dyr77	w1azm2mc
1194	9gn4jcu9	wn98fql3	a0q61mpi	ohkki0ke	f0judfwn
1195	n2wqalcu	znainceq	122yi9np	5tpkcd5z	est5jx7g
1196	36zu137v	9n7a9g78	5gldyo2d	quhnesbr	j7j4bk9t
1197	h6gdck2u	kmwfce00	s6kdchlo	ob5bs4wr	jfvq2gfx
1198	w04z2f0q	n4ildbuc	ps5crd29	0u4nmrq4	hzn3qus3
1199	hgpiig0g	79m3sdfe	b3nv1vl6	r5552ql7	ccj1dt86
1200	wslsqytj	ziaiufzs	t90pvtad	zq4ty9rw	a4klrp3h
1201	ydcu8f2k	r2hovw0y	zl4ixyg1	4888p05u	b9b6ww9q
1202	ki93iltt	8brfph9v	zvlt168l	09fmkhu5	81c2mn2c
1203	lzgwxshi	4sq7t6hg	2a12nsnl	w036x5gr	orddpgl3
1204	tij7lakb	uliopaz0	x9lxyrgw	ks0zkp57	1nqbqmum
1205	jk37ej4c	jtwb17u8	8tqm4k6k	3xw4qjoy	vt4ougwq
1206	3u3i5myh	a4klrp3h	ruewzstg	ypqusgs3	qdmkx03t
1207	xui25c83	ruewzstg	irhizn0b	tn8houmc	a7420by2
1208	1omv4r30	bl96upg3	irk1gxeq	jdo7afuh	dy2bl1p7
1209	seuh82zy	qydo3yr9	crqqrtj9	v5sflan9	0hhdwq68
1210	4ag4oune	snsjrjx3	8w43qkqu	d5sxycaw	8co5gwkz
1211	zyrvgaql	24ie3mhq	7097q0r1	vprj63y2	6vkab51a
1212	obhm5mc5	721ofhsv	cj7tcpsz	hinu974s	lfvvfzi5
1213	v2gsp5ui	2mtuw7gb	kp4j9snc	hltkddac	lcqxrcji
1214	08mfxvql	4ylt5rhg	hhg2nyoz	xui25c83	irhizn0b
1215	4wi9lln9	gr3tnp3c	tz8gc3cz	rpxw3a01	ohkweon9
1216	dq3qunwe	2bupc5jh	95e1kuux	1r9975o8	lvrdgpyr
1217	avmfz0z7	v0y734lu	9pei109o	94w1sbsb	29z4q4fs
1218	o4ri7t16	2hfkrl8m	9sub2wtu	v47publm	dsvmh7t6
1219	0n51j2jo	r0taoqsw	lk3wcmm6	hia647nr	rr87vhd0
1220	m1d8znrs	snxjuzta	zp3efdn7	w4dyadpa	ca3h96bx
1221	gjustwrb	xi90m4jk	a4klrp3h	qdmkx03t	fbyq0nco
1222	1uabldiq	hapw6lv9	79xnx9gr	w750idb5	1iqfm496
1223	fsid4a39	1nk1t5qs	010vptx3	mgtxchud	unnrflmr
1224	ut1k8xe7	6kbdxhxv	unnrflmr	dfl69g4f	m1tv7mgm
1225	1a7ugd24	cgxs9uam	mfop9fne	unx1pv2k	vabb2f26
1226	3jrb0sn8	5jl2whuu	vc6j8ao2	ont0nz76	9ppg80x4
1227	y6zisciu	yaad1ve4	0bk9jmdu	6b6v39uy	ssicvtv0
1228	qeqd4soe	9wnkmn27	r76tqrwz	oqhmvpjm	dqhdws5k
1229	2qwk2z22	iz74o9de	8zm7n7j9	40dsvwyb	u31ixcwa
1230	h7ftu3ax	9pb2eqoa	w0ebmg16	mnjy6bq2	xtraspw2
1231	so6irh9b	tk0iwpnb	tp7wthiv	12yshnt5	qa1tbu6t
1232	mof7tf6m	9g547s2n	st3fyb64	lsiy3quw	a9lw6vrs
1233	aakzdkcj	1l4o9pko	9wnkmn27	o8nf7nd0	bk3ss63e
1234	o78vcy90	sfm82h0g	8glhd9xe	5nncqp3z	7oipjzq1
1235	7vsv726x	07scv3kv	l00jvzth	20xgqvxc	0gxjjqpd
1236	bfmefxxe	7vadpp3d	bgn6zrer	1pg77f6t	446p4tbc
1237	hf79cbuq	vpih1wvs	hunepli1	5tkxucuw	gha1wg4w
1238	p7cbnrji	4ercv3oy	p9c3g251	pxpo8jni	5epugrai
1239	fteydbm8	dlwwcryb	y442ugst	d6ow67k9	h5xvrtfy
1240	6uli512b	rob84q03	jki3gdxl	a6gczznx	plzklj7c
1241	q4m2uj6r	5dbuxvc4	p6uliadr	uexahhdr	cpc1yefj
1242	u89jd28e	6a6tyvtz	pq3n18ae	dlwfu274	bsiwkixj
1243	yhun6hid	t1ughb9b	7a7oi5dt	d19v8qca	q8aee7g0
1244	lxdcelk1	x84su3ki	mo3y3mau	xokujzbl	rbau5dc2
1245	hfk8nikl	dcli6uaq	0u4nmrq4	auo73dv7	597wavq2
1246	fdkt6moe	o78vcy90	3a5965df	ob5bs4wr	jbmzvljk
1247	wigakw9h	11d18w9y	8dbjycgt	q7vv128t	irhizn0b
1248	0r580il2	9wnkmn27	407va85q	yx0u0iyw	jz6o9gnb
1249	5xfgmi2n	yaad1ve4	rjjc30lc	ea78sjcs	ubjd0052
1250	ximw03ej	u8mu4yga	0yysikc1	hqapg5ow	2bpyvgv7
1251	7omyaap8	8r6hln9b	2hfkrl8m	xli7wyg4	msut5gyc
1252	k9xhphpl	80dfqjql	vpqwkmlv	tjplc5j6	az7f7zgr
1253	763v4duh	jjh1z5c6	i1yf8fgk	ximw03ej	iu1d9i57
1254	7lli72ph	58mdhe5v	p8ckcvyj	7gxlioiz	fx2ikn2t
1255	tmgmqtjq	ycklcks9	qhbuvt1l	ipon95io	on6ss822
1256	9wnkmn27	onlly1ga	aakzdkcj	1l4o9pko	iu5ndsxn
1257	13kzv4b2	9jfclm9c	1ke7wisc	wu2dyleo	8i7v13e8
1258	s7wykoze	t8xyrsif	6ulvk9hv	iy1enazk	630w2rtn
1259	gdbr8zwr	8pemlz7a	khrzwlmi	jlnc3u6q	geo7ac5i
1260	6hehg1yf	oj278zls	8w2t6u96	msb6wgnv	xhkjbeam
1261	me08w1ir	xe8t3uqp	wtqwghon	bu59aji5	dblqryhy
1262	3mk8dwf9	nom4z0tv	uuvtlycz	c0i45oix	pggf4wyo
1263	ktm0akxd	dblqryhy	cpfnva0v	7objlrqa	tpovr13h
1264	yfpioqi5	0bjl60gl	xgfk6txz	0vjxc1bm	p5ceve0x
1265	v14gqr6q	qxqo23i9	7ru6tapp	5lqjmqu5	oynbwas9
1266	gg2swy7i	ne816kr4	zuz2992q	1zd3hjpo	tbojvfq6
1267	psaq958v	qqbe2bop	pxo5uh4w	pq571myy	vp2t4xkn
1268	hdk02l2r	14tv9r5q	ncbjncfx	08bw0h8m	awx9lcfk
1269	iff8cuum	eu2vjpw9	lx77ln0h	ntxr1ivx	ueb7mjnv
1270	82hqy612	sgo76prc	la2wvnb0	fypodr9a	zcvumy78
1271	755ym7vl	0njeeoc3	q54el8tf	cfi5zhgu	i6zofi4g
1272	6msw06fb	tah4bpj1	x800xxj2	dc8z4jzo	7vsv726x
1273	r1tl2hrk	5dbuxvc4	9rhydy8u	opjfy3xr	ki93iltt
1274	wa5rxe76	a5av0dq8	97msfh4l	xn2zi1uq	43eh69dx
1275	w1bx4a7v	ylqpkosd	jgq968f6	y1uk8yfa	307rt03e
1276	q8l3ra55	36flecmg	8zm7n7j9	raw2mt47	t038136e
1277	ppuki7qn	vsphu6ih	4xs9avr0	jurqttdg	eo89w6qp
1278	slzh6uay	5h54azyy	ptnjbhtw	qpehyolt	akn5hk7p
1279	1vd4j3qc	mi6bdisx	gha1wg4w	vjg00epx	vp2t4xkn
1280	pgasbdpp	ogrlupbx	4z8i83p4	qj1v04cf	5aia1f36
1281	uk6whrhz	x6sdpk6v	0fpa1f30	kxdfnykd	mtq19xku
1282	u42d1p1j	8hvve871	vzloj6b3	tpmb397f	h4otzeah
1283	lm73oj21	64qt0w2a	zsra2yz3	zqekxlz9	wnpmwne1
1284	qjfe2t9v	lcqxrcji	hltkddac	xk2inqjm	kp4j9snc
1285	70inem5k	fedv6m9o	c8krivoj	supf8vel	1blzi9r3
1286	6h83xzqe	53joafkg	5s1zz2lm	2eo9woav	wtxhbzr9
1287	98ejxivc	3cnmj21f	hgpiig0g	zvmwubuk	lr5lumdr
1288	kjr6dcqv	gc9eg5j3	xli7wyg4	pva0xii7	fdn6h4gi
1289	vpih1wvs	72s5lbz1	s842zn9l	8f83k2ce	8dgahmka
1290	yjm6asp5	g4hlvnmq	byrpj1g2	jnmpyovl	pa000mr8
1291	gkf3wez8	10dkpj5h	5sfojk7y	byh09alo	hhg2nyoz
1292	k6cumncp	0rsbmh48	7fapl71l	660gckc7	k7b8wj56
1293	l5kr2dw8	h7vqmlq9	azl5dj74	oah1to9w	hcwuv519
1294	f8yphpxl	gw9hkw00	atji1xge	5jl2whuu	qxy2p79x
1295	vrjibtfi	oz047qmf	8m59whf9	9ige2pwd	yc7cvbii
1296	zq9ehv7a	gqwwfpch	vdgu6h0a	3fiqpart	vvmb92wo
1297	5m23wtpi	jmhexmet	r0taoqsw	39mfts0g	ss7tac1i
1298	55gugbs8	mo3y3mau	u3832seg	k7vjqzx1	fypodr9a
1299	hkk23tqt	z92xqedn	v13kzr5y	ewm8j8hg	prqrsb3c
1300	q58dzxwc	i3ahtzdd	jswlq6wp	yb9uyov3	r1wh54q1
1301	mnjy6bq2	2rx84imv	2f7wqamp	iu1d9i57	2gjo4oqn
1302	me08w1ir	glpca9u0	td8uwcas	6nt6msrm	lfqi7jsa
1303	4c7ug40v	19hzn57b	tmwt9yd6	5351oj7i	j9xlhtko
1304	h5fvf5ja	5o0ihd3f	qd73h1ie	nxh1su1i	0iy8clcm
1305	g4nto9kf	xi90m4jk	71ixs3y4	vqlnd5rx	cdsj5ba9
1306	vvmb92wo	5b9jytph	usyduiti	knbngla3	wdvuweiq
1307	z68tl88x	ooy5nf1d	juofmvz2	d8lx9ffy	pqt10xzt
1308	5nxcmedx	t3b2adct	rcb943w2	7ru6tapp	29z4q4fs
1309	wfa5fb3r	3cl3q80m	rdmmnnjd	idhvf9vr	g6elhxzt
1310	ixvsemvw	a0q61mpi	32ua8wb6	7tto4hr7	784gmskn
1311	p9c3g251	w5rk8luy	q41elfwt	oh5wm5qc	1adofojj
1312	jisznsr3	195h4ofw	8zm7n7j9	zu5mg2im	4pcv1i3i
1313	dobxp4uy	8gogju5n	4bbapd1t	snlukr6c	msut5gyc
1314	5q49qq42	mo4luyx6	lme6vcqs	s2hp3sat	uqfwx4nk
1315	cnz7jlw4	f0kcf2y0	mz1bof2x	70inem5k	hhen3xjx
1316	dhd9e9bn	fypodr9a	hs2q61gw	7ddw02f7	fj6l76hq
1317	9ixpj162	v5beddu4	xzuynia2	l63d9lyd	xzps65et
1318	l97yi8l9	186wyg7t	fub50lvt	2l883zhe	nvbt5gxl
1319	h7ftu3ax	w1bx4a7v	sijfzd2o	nom4z0tv	vkr0766i
1320	xee6npr3	d9b814yp	gw9hkw00	6crputzl	xokujzbl
1321	zweyxxg2	lh82rl24	3ubithu4	63en895x	uk6whrhz
1322	d0r09lj8	q4gattkk	ajidoq7c	n1r841sz	ikjfv4oh
1323	x7ffgtrd	307rt03e	9rxv6fy9	fyzmun11	wgbyqfrx
1324	1l4o9pko	5tpkcd5z	95zrth5d	6bgquqa1	0t5n87u6
1325	x14iywtr	ywvk6gu6	cxqzo58q	spiud6ok	afytjnny
1326	7w0e546g	pfc31r4o	tki4l0gb	tweqie5k	q6j7vy8u
1327	dgnddq80	0lk8eujq	t1vom8f3	e0pz0z4j	jpenhh92
1328	tk7eturq	h2uc7ria	qhqidit5	o877uul1	z35xw2p0
1329	fsid4a39	tr2139vg	qf5l56ch	poh3te9j	w2c01295
1330	lty6oq3d	0oq0xmzr	5aev7ltr	zbi0llig	z9jqbliw
1331	kl2w6yiv	164yx77a	5tpkcd5z	umg0ms2i	eo89w6qp
1332	mkgszhkk	30pl5tx3	844229sb	ra2njvcz	uhkff67h
1333	36flecmg	jisznsr3	sm0112e3	fcjpfx3v	h1mo3bs8
1334	jc5ik84m	egzlstrz	z6gyw3um	l16a5nq7	0o43v17h
1335	qlng0zvn	c4g3vlrs	wc6e0pxf	0val27ca	afytjnny
1336	6x8xp62f	pecyac7l	4fhegc0z	sjqt01gr	jfuwelzt
1337	rp9opdmd	14alhxc3	gcv4lmsr	trmwm9qq	75m13rha
1338	0njeeoc3	8r6hln9b	eecwjrdc	9e3mxt1a	eko3rry2
1339	k450igys	cn1yfjwp	ylqpkosd	y5vucvev	qa4njmyt
1340	mdewdbqs	2bupc5jh	x9sfgtim	ktjhr028	ph7lkuus
1341	43joavrl	wq0mebm4	ka2kyqmk	6gj02k04	24wfokhg
1342	rhnr430g	9ok153yl	ocxl6cf4	t1ughb9b	l57v4wnr
1343	d3530i86	npd9wz3u	p7rpfsph	uxn85mir	1l7hldfh
1344	wcq3qqt4	dq3qunwe	ai60maqz	2bupc5jh	l2i3aa3k
1345	zecuhkcd	9ljou3ag	ucmzbezx	925f5ucu	0qu9kwm1
1346	hfk8nikl	dcli6uaq	0u4nmrq4	x220pjeg	597wavq2
1347	e7gq365q	55gugbs8	snlukr6c	20xgqvxc	zvmwubuk
1348	dc8z4jzo	7momt81r	jnmpyovl	1cpjqav4	1adofojj
1349	9jqafpkp	ueb7mjnv	0rrhiw9m	bwmpamea	8m59whf9
1350	hruge79z	68o7g6k7	whloioyi	1yrhikew	rybjc58j
1351	mkgszhkk	ra2njvcz	zmkvs7e7	d8lmft7i	5nt99kyu
1352	2w68g7cv	d5w0ecuy	htitgh0v	52qpcg63	r7kvv48s
1353	4d6az41t	pg69ww3a	b9nqcbf7	s8nx7wim	lpar7tc8
1354	s0ca1r5s	fub50lvt	7th3d6wk	dqhdws5k	s7sq53zy
1355	oyr4klqk	mo23hpe1	ax3e82js	4gof1yl8	s0ca1r5s
1356	2l883zhe	7esjlc7i	7th3d6wk	d6ow67k9	a0q61mpi
1357	1y1ik2u9	be4afbyo	3fiqpart	aawjla6h	fz14yjvm
1358	ordof7g5	ey0r1py7	vkr0766i	gjtefdxb	c2a07zg0
1359	gof2of9o	leg5ntvu	q1nye2ih	859q36i1	5a0yyowv
1360	mo4luyx6	dlpgq0rm	5ah2yf59	y0wu60n4	jowowl0v
1361	apfimvix	qa2pgjvj	supf8vel	u7ligk1k	n2ozusvz
1362	8hchfgx6	9gn4jcu9	5vp2r2bd	1fr7j93h	iha9gjt4
1363	q8l3ra55	e0pz0z4j	8jejswuk	7axeex76	zghh0zbd
1364	gtp5daep	sqxdwu6j	2r0a357c	ocl5qf9o	20xgqvxc
1365	5bl4h80v	ud8cz3sp	io9ggpf6	xcduaqje	zna49ifn
1366	8ihlm3fw	58r5wcwd	5m23wtpi	2ax0z8r6	6hl55c60
1367	uohbxoeb	d1w8xqvo	mcm8hvjx	qvf7wcow	wfpojxof
1368	7q2jd0mf	ibnudp1x	t84pu00z	lkrh3svp	3lzm42wq
1369	763v4duh	4ifkjkdg	xe29akkm	ptnjbhtw	qpehyolt
1370	wgfdd3lm	3tfof5nd	zq4ty9rw	ksvw62gl	wbso4fci
1371	hm332jqo	ea78sjcs	xcsl2evz	mw0wb8a8	hs9vv2gh
1372	0illlel7	kxdfnykd	ob5bs4wr	io6f6z3l	hgpiig0g
1373	d9b814yp	0pptqw7o	hunepli1	so6irh9b	5ojyly05
1374	cg6v3yma	wq92nfnd	7zngkwoh	zue5hnal	yyfsnthj
1375	7a7oi5dt	oa81rhdb	2hzq5o0v	tq41ioyt	sg1e404x
1376	uw0rrel5	bdlhd5i1	gjk8kc8g	ib17jyva	3da30lb2
1377	unl3n0tn	dhd9e9bn	1vcc1khg	astxi4el	8ko7mmu3
1378	gk3wr6s1	34ulkvl4	pc2cnhjd	r9datawi	kgznb7al
1379	y1ob8tcq	8wqii0nd	7aaiyppx	ouno4jpl	6e444g2z
1380	sywxrxmf	nvbt5gxl	y420tku1	ccjzc1x0	20xgqvxc
1381	utak6i4e	wl2iuup5	wkl3jyzn	9h4zzo5q	wmocjiwh
1382	ximw03ej	4r96f92d	hqapg5ow	1l3b0hqj	spiud6ok
1383	focpnnks	y1ob8tcq	getnq0ek	3v240tcz	tonemvd7
1384	n0zppf8v	0cuz6iho	g2j4uqem	01bjz2qq	gg5c8v7d
1385	0j4z4ez7	ayd59zpj	dayqtzfq	lur9d6ji	2tan64hc
1386	iu1d9i57	dhd9e9bn	rf7k079r	250glj07	1v7zkplv
1387	9wnkmn27	d21lvneh	lvydhfej	31idktk7	93amoypt
1388	icgsbelo	tu1vevx9	ng193dnk	ohyvuybc	0hqe4jb5
1389	xgfk6txz	b0qj7tck	2l5gc4x2	dx22ff46	p5ceve0x
1390	94to2qp3	d0cd89hs	t3dzso36	q4zuslmp	vw9jd88a
1391	sywxrxmf	aakzdkcj	jki3gdxl	4ip0yl0n	zvmwubuk
1392	unx1pv2k	cgxs9uam	mfop9fne	cpp2l8n5	rtczfklg
1393	urazxa6x	no7n99cg	3iz0ozpx	r69ivrej	7qxs79qy
1394	195h4ofw	y12veqre	u31ixcwa	bccrvapy	95zrth5d
1395	y349r3r6	9h4zzo5q	utak6i4e	bh8zshy9	y203109o
1396	bpnqz1cn	l19nsvun	qxwjpv40	qbhw96wv	vwgvlqml
1397	so6irh9b	pb25lrnw	z6elaxpc	qgwu9fsk	ot1uz6vc
1398	79m3sdfe	hgpiig0g	20xgqvxc	1cpjqav4	vxmamhkx
1399	2j11uxmx	x73moqog	7xnga86x	rb20ge7e	nt1e70dv
1400	zj0yxy2z	vbhijlmn	1d49odsq	tz0pgml3	72s5lbz1
1401	xnrb0byz	hert77y1	yfpioqi5	fub50lvt	lpoxaetv
1402	nzy970he	222c1jzv	entkqcn3	32v44sw9	snlukr6c
1403	zpxnr9s9	0dp28rsd	nfem3htm	1nmzo9at	dntzzcue
1404	dksw5yzp	0zjpvzof	5ojyly05	qlejjw9s	gi21di4d
1405	u31ixcwa	40dsvwyb	2qwk2z22	8zm7n7j9	sm0112e3
1406	ucmzbezx	0cnjtxyq	34ulkvl4	0qu9kwm1	v1cfaqyx
1407	xeb14weg	cjfn4dna	f2ypnls4	lnls2mhg	cv6no7nw
1408	erdcvj30	yfbg2n2u	bdvnwrd4	yeowvvqi	kztdc8vv
1409	lgtpeqhw	4kfbs7j4	zvmwubuk	cc23zega	n0zppf8v
1410	qjfe2t9v	kp4j9snc	2mtuw7gb	hltkddac	lcqxrcji
1411	71x3b75z	j7vm8h9t	0u14wypb	lnls2mhg	l0p7kci7
1412	64sdgroi	cgc0v1dg	cfkh0ypy	rkgrsiqf	p2cbfzmp
1413	y12veqre	pzqmg22v	jisznsr3	2qwk2z22	913sln1q
1414	mz1bof2x	n311ptne	68x50rni	v47publm	t038136e
1415	ybpev0vi	usr8hzcw	tloczjn5	uk6whrhz	296lr317
1416	rxx0w56j	25aj8rj5	ocl5qf9o	5ifrkb75	7jwqm0b2
1417	qi1henyy	dhd9e9bn	3h80bn0k	wq92nfnd	xtraspw2
1418	trmwm9qq	sygm6irl	9aw78s63	3m9yonqe	dqhdws5k
1419	9kfs73sr	ea78sjcs	v5eth1m3	st67fvgk	c84lpxrn
1420	y6jw3gws	vpih1wvs	an8957d8	121p2shq	fytashvs
1421	6xxm7hcs	vuxxerob	bu59aji5	jnwuu08w	1a5oy6fr
1422	m4vu77v6	509h7pnh	7k8nlea3	29z4q4fs	b3doorzq
1423	hgqohdct	jp80u828	pgek4scy	22b3rl2s	xhkjbeam
1424	s2vckt2w	f4jx3b2q	vrs88dcy	s96beqsh	qxxn1zf9
1425	g3ny530a	wp3rwdum	1be4l05u	cplyj4dm	aqbhxv1f
1426	3p2cuxk0	0illlel7	bfmcqcq1	kxdfnykd	x7ffgtrd
1427	m72i8vtq	alt4j58b	ocfqb3a2	sjqt01gr	etriddkx
1428	ko8lyoob	kjd2t69f	57qk34fx	m5siraig	ydcu8f2k
1429	irx4pcsx	9jfclm9c	3jigt8mk	us11gvdn	v5beddu4
1430	jmu2cfnd	b0545v23	ielatiaq	h0iynw2w	b3doorzq
1431	k0v1axmd	pl6dpxkz	o0yvgmgh	rbxesxf6	42wcyjuk
1432	ximw03ej	w1bx4a7v	xtmn1n0r	9pb2eqoa	w2c01295
1433	urk8aa5b	rr0v0ju1	ksjkypzx	xrgb9pve	d9egxof5
1434	ximw03ej	1s8jzzwg	l8zfuhzk	y43prnko	bkm8k9ud
1435	ebgu29uh	hp62t734	c3a85ld0	t13pehgc	vpoqfm7d
1436	hh643w7m	39mfts0g	qopfltoi	i94boetk	v0dkbn5l
1437	6r4jyop7	n9aqux5a	g2wpw330	1uabldiq	qgwu9fsk
1438	lgtpeqhw	iqe6sdq2	zvmwubuk	uom5r1pf	n0zppf8v
1439	uliopaz0	dksw5yzp	urj0nssb	f5ehif2w	5ojyly05
1440	bqdvx458	zdfx3zo3	a94at9dk	fhxgzm2i	vstwckpw
1441	ragjcn97	4jx0oq65	79m3sdfe	03z4u9v4	ghabnnv0
1442	ohyvuybc	x64zft78	06fwhyac	5rpd8d0t	93y40vnp
1443	32ut5vr7	pwb7rw89	7klqhnr2	yf3z913h	esizmxoz
1444	st67fvgk	vprj63y2	7ru6tapp	du8wmh6n	wtxhbzr9
1445	leg5ntvu	bnhwbaqj	f3eogz0n	qlejjw9s	2cwvga0k
1446	gk3wr6s1	0iqdqcp6	ib17jyva	y33jkc01	ob5bs4wr
