post_id	preds
16	['25aj8rj5', 'o4vvlmr4', '66g5lpm6', '6sy80720', 'trrg1mnw']
69	['r58aohnu', 'p0kg6dyz', 'yrowv62k', 'akvp7d3s', '9dlaaye8']
73	['cgc0v1dg', 'sgo76prc', 'sts48u9i', 'gruir7aw', 'l6kcpnbj']
93	['3sr2exq9', 'sv48gjkk', 'z795y51f', 'k0f4cwig', 'tx8ypqsm']
96	['vabb2f26', 'ybwwmyqy', 'ouvq2wpq', 'lzddnb8j', 'sxx3yid9']
116	['vx9vqr1k', 'pxhetma5', 'xh723tgl', 'zt5alyy2', 'u21glvb4']
132	['uyb0of5p', 'jjh1z5c6', '1s8jzzwg', 'tra5ewc5', '2tre0wat']
145	['yoiq6cgt', 'vmmztj0a', 'z807g8i5', 'df5n5v09', 'tjplc5j6']
150	['be8eu3qi', 'vzloj6b3', 'm4u4ulml', 'qmo1zzkg', '0a1m1niu']
152	['c0ipfbeg', 'wgbyqfrx', 'hhuu7ol8', '4cnk76lb', 'yiamrsba']
158	['iu1d9i57', 'z479u0e3', 'umvrwgaw', 'wn98fql3', 'w2c01295']
159	['9nostuqg', '6bwd99d9', '7cakttlp', '8f9auteb', '1mu1o8rj']
169	['ybxuykpz', 'j1lhgciv', 'z1wwlea2', '9qbq7hwy', '095g2l66']
173	['o78vcy90', '6r4jyop7', 'a0dvzhc8', 'orqulgfr', 'z6sjfdb9']
177	['m69ceq2t', 'oud5ioks', '675v58x8', 'u0jddsup', 'bzeqs5oh']
178	['21qgukm1', 'xli7wyg4', '4fhegc0z', 'zsygn29p', '1r2uvoqf']
192	['s3o9v1fl', 'ndcg3o7a', 'i57f9ayv', 'dfhxcqr8', 'whkfvd7l']
193	['yi1s6xap', '6yinwbfh', '9zg8q0gk', 'yfbg2n2u', '903pyh9v']
201	['1jtln8wc', 't6rxsiat', 'e9j4b00a', 'f0m3wuyj', 'yhyeywvc']
209	['asrkuts7', 'yi1s6xap', 'zqqp22y7', '3r418rss', '8pislcjr']
231	['7xt894vr', 'y047cuxp', '3nxmw97e', 'zd2mb7wy', 'qeqd4soe']
243	['gtp01rna', '6a728le9', 'xvphsdg7', 'xq525smx', '1blzi9r3']
244	['bc8xa92n', 'stlvi1lh', 'y74qhqw7', 'w9qei8zj', 'mjtrwbhs']
247	['ixnko86u', '41yfx1ev', 'geo7ac5i', '3tnual3u', 'ay69e8ad']
260	['d6a6nagk', 'cq5z8lqu', 'mjb3ip7a', 'hn6clwoj', 'uohbxoeb']
270	['hert77y1', 'ivy95jpw', '9briyvuq', 's0ca1r5s', 'roe6g61u']
272	['3u3i5myh', 'ypqusgs3', '6zjzy0ft', '8lnjbxe5', 'opogstc5']
276	['pspko62f', 'hgph0vx4', 'w4zab80p', '0cybfr2n', 'fs5100nn']
291	['utxzc0x5', 'uhtwkkk3', 'kzl1dx8i', '35fnrje0', 'il4wa97x']
292	['wr4r7jd8', '4p6fcy8f', 'i57f9ayv', 'c3xbw539', 'em2uatlm']
300	['gruir7aw', 'dfyshke7', 'ax87r0bj', 'h35we3mn', '8i1u1a9t']
306	['unx1pv2k', '0njpdbv5', 'irz0l5wv', 'm4fcw7lk', 'fz8ohqcb']
329	['dsfbmhbj', 'q9bwvh0t', '2my9o9fy', 'moplus2n', '9aw78s63']
344	['eywnnzxe', 'c187k4yc', '55gugbs8', 'rc5d6wi3', 'byw8jsqv']
358	['0mwz8kwo', '353wr671', 'ogchq8gz', 'mu2vqjnv', 'iu1d9i57']
362	['bfcz49t9', '2bupc5jh', '2f7wqamp', '8iqs6jko', 'knbngla3']
377	['qeqd4soe', 'sywxrxmf', 'y420tku1', 'jz6o9gnb', 'lm73oj21']
386	['41yfx1ev', '4haf8aaw', 'g0cgjlok', 'urj0nssb', 'iayyox4r']
387	['qeqd4soe', 'sywxrxmf', 'o1xkgkn1', '9wnkmn27', 'lm73oj21']
404	['daj5g788', 'u89jd28e', 'eo1uz3g2', '81rxs247', 'lcy7u1i6']
406	['daj5g788', 'y04dub8o', '5g02ykhi', 'u89jd28e', '3w5ouagx']
414	['wxrv37ec', 'mqk72say', 'zu5mg2im', '8zm7n7j9', 'embn75dc']
418	['ec3pmvih', '4r96f92d', '1vcc1khg', 'w0ebmg16', '8ko7mmu3']
420	['t6rxsiat', 'f0m3wuyj', '1jtln8wc', 'nxihvig3', 'mnjy6bq2']
441	['v1cfaqyx', 'bx7vz0r7', 'g9ao6ruo', 'oj278zls', 'a5w7tbtp']
443	['446p4tbc', 'sikgdopk', 'km2uxj9p', 'x7ybnese', '679ds029']
450	['3p8rdaoj', '6t92yhti', 'jw713e2n', '42wcyjuk', '3vccsofn']
452	['45y7jepy', 'xe2a9x07', '7bvwlis6', 'yg2voc65', 'wiei5dpt']
469	['08u566ia', 'ihgxtu8g', '9cswjm9y', 'rpglw6mm', 'hj3xxwru']
488	['k1n00gir', 'bdkr3s9t', '01c1hxav', 'geo7ac5i', 'shad8im4']
491	['rn8eezep', '7dyhyruo', 'atd6bg76', 'kk7rlevl', '6tlzij5v']
499	['nr0fu2qb', 'h7ftu3ax', 'qi1henyy', 'umvrwgaw', 'iu1d9i57']
508	['rcsohu4m', 'dm6pznm2', 'xdll3xj5', 'eq5qqshb', 'msb6wgnv']
522	['tc6btsdu', 'iyc8j5mr', 'xp2qkk52', 'g9pwxfd2', 'qydo3yr9']
530	['zo8stuvh', 'ywvk6gu6', 'zq6oe8w0', 'qhbuvt1l', '9wvlt53w']
535	['l2i3aa3k', '726t123x', 'qxxn1zf9', '1m1hi735', 'zew4tzy7']
566	['io8mozoe', '25bdifv6', 'bkf7zbg7', '82hqy612', 'deezca5z']
572	['9mvk86q6', 'yyfsnthj', 't9e774ed', '4jyltfus', 'llqpfhwg']
600	['z2jtzsl6', 'wjdif3r3', 'be8eu3qi', 'upf0ecx7', 'dx2cx9lx']
611	['0u4nmrq4', '19skljon', 'n6lwnct5', 'eauj21v4', 'leqluxpl']
616	['yslf5er3', 'qgxaekae', 'j9xlhtko', 'o6dd2vu1', 'pr1fd8mj']
628	['y8i60bm3', 'dql5n9k7', 'g6kag5ij', 'y9urkfnt', 'wfa5fb3r']
631	['yjm6asp5', 'jazfyjwl', 'mmr04tsm', 'u2kjft6q', 'amxqlx2t']
653	['np1y2fkt', 'la2wvnb0', 'sgo76prc', 'ztwemu74', 'j81mq3nr']
672	['iyc8j5mr', '0pcgcbjw', 'vjwu0fvp', 'kokfufba', 'xe8t3uqp']
675	['lwhy2spw', '7hsd4kde', 'eyhgtpe0', 'n2ozusvz', '2qksxqmb']
679	['7xb7hj9u', 'iff8cuum', '3kde69wy', 'a242g5kg', 'mp6ijj8d']
704	['r6r7k3zr', 'yuppix3r', 'ghi0ekm5', '7hkowm2y', '64qt0w2a']
707	['o7qibwzj', '17km3arw', 'w4m9agd0', 'kjc1jdvz', 'x0xtiwsm']
711	['e63j8gci', 'vndj6f7w', 'f4jx3b2q', 'octtj2vf', '9oejm9sc']
713	['krg8jvfz', 'vu1f1hp6', 'rng65ofx', 'pq571myy', 'zjujs11q']
717	['630w2rtn', '1adofojj', 'b6bl0xrc', 'w3zbf5k4', 'iwdklgyp']
746	['f2ayoefj', '5lzixulv', 'j9xlhtko', '55wqowbq', 'xysld7fu']
751	['x5btuxrq', 'hs2q61gw', '1umbwskb', '4h5a6qh1', '43uhmi0g']
771	['f3w4v5ej', 'zj0yxy2z', '0w9k8iy1', '9g0lo2e9', '6vk9mvv7']
776	['styavbvi', 'wku3qrtg', '25aj8rj5', 'trrg1mnw', 'rvzvibbt']
787	['jr92ou2e', 'y7v9zc6w', '5rdsn2mn', 'b9nsh19x', 'fdyfg0kf']
792	['ws7lp560', 'z8jbxag1', 'gywxvzm6', '6gb1za5h', '3ybiysp4']
805	['ag18sokf', 'xpwfoal7', 'r4j1rcm5', 'cht8xf0x', 'r457lo2r']
813	['tx3qbg32', 'o6dd2vu1', 'zcmaqar2', 'iha9gjt4', 'adv2siu3']
822	['x5btuxrq', '4h5a6qh1', 'hs2q61gw', '43uhmi0g', '1umbwskb']
824	['u5rbvc3i', 's10kzuf1', '05lgp662', 'q77tr31d', 't0zphgfl']
835	['bcttenl4', '6j45mmjh', 'gtp01rna', 'ge8o93rh', '6gcahsgs']
837	['eauj21v4', 'mi6bdisx', 'g0wujywh', 'rckwiqgb', '9h4zzo5q']
849	['ncfvllzi', '4kfbs7j4', 'g9r1fdm4', 'ksqxfx8m', 'o8nf7nd0']
850	['8llmriik', 'q732eylh', 'eys1k8gb', 'avmfz0z7', '9pei109o']
852	['bcttenl4', 'pn516wom', 'qbj8n8h6', '08z6z7d5', 'zouscolw']
877	['ywvk6gu6', 'i5j4nmjz', 'on6ss822', '9wvlt53w', 'rfchb7ar']
889	['on6ss822', 'wm3l1849', '0e97tdez', 'rk9hsw2b', '0uoiifs4']
916	['ms7hst7z', 'u0lvjlbs', 'b03s7wsw', 'yyhuctqg', 'ybaxa1vg']
935	['qeqd4soe', 'tq2vdo88', 'zqzs6vtf', '14alhxc3', '75m13rha']
938	['qeqd4soe', '1ef8ac5c', 'sywxrxmf', 'fq5nayxt', 'pn516wom']
954	['qtzhfnr6', 'gqwwfpch', 'be4afbyo', 'llcit7x2', 'c6lilxk3']
958	['t1a8vnms', 'q91h510l', 'rhto8dpf', 'd3owu2ob', '6i9yw83j']
969	['h4sbz3md', 'nbdk83ok', 'eomtjrgc', 'fpexa30s', 'foopvh5z']
971	['wpabett8', '88vj8czi', '39dqjlly', 'bgljm9q2', 'tve9hgsq']
977	['z3msyl45', '1jcvi6sp', 'fm9mdllg', 'g2wpw330', '2ui7z8wi']
984	['msra1ghp', 'zy48nad1', 'j81gogc8', 'spwtv7n7', 'go5a3i4c']
987	['tk0iwpnb', 'vwrhypnl', '9h4zzo5q', 'jswlq6wp', 'ot1uz6vc']
1039	['0oq0xmzr', 'sxq2063i', 'xy4m6x8d', 'qgwu9fsk', '48frs5mc']
1056	['lvw0cnwj', 'wtenvb27', 'jjiiutd5', 'dvwkh1d3', '95e1kuux']
1060	['ljpeq5aw', 'uyzalds2', 'p36ilfqj', 'tgd6gy3z', 'xsqgrd5l']
1062	['5t4twnpm', '6zfpcm4j', '53zopedx', 'li8kvzdh', 'zjur5j95']
1070	['lvw0cnwj', 'zueprmdz', 'usyduiti', '92z77upt', '64ugdvfe']
1072	['s23d5pns', 'mt61b7o7', 'd7tk12u2', 'vpoqfm7d', 'h2sza0if']
1073	['7obhnmah', 'oa81rhdb', 'q3db7v16', '6a6tyvtz', '0r3l3b88']
1075	['2uy0jjdh', '2w6p6jji', 'z92xqedn', 'hkk23tqt', '32e1uxhl']
1092	['qeqd4soe', 'sywxrxmf', 'wmocjiwh', 'jz6o9gnb', 'lm73oj21']
1103	['8rn7q32f', '2q6qmex3', '0ctlde8w', 'p3cxk8gd', '9pijmlpz']
1104	['yhk50383', 'vp2t4xkn', '5ngg5hm4', 'mqzus147', '2t1zzigc']
1108	['vp2t4xkn', 'qgxo9cr7', 'ksvw62gl', '4zcjjoc7', 'pq571myy']
1118	['ncfvllzi', 'jihyavm1', '4i19gysg', 'ikon1ktb', 'ivug325f']
1119	['y33jkc01', 'y6zisciu', 'jjh1z5c6', 'ipzn2sxb', '7j2nxop2']
1128	['ypxur24q', '93y40vnp', 'p9qeaedh', 'k1n00gir', 'pzbs8e1h']
1131	['e5v9e584', 'yr69ctrj', 'yrowv62k', 'ia8rou81', '6zfpcm4j']
1144	['ia8rou81', '4u3v4vyu', 'yvdaljz9', '5j1pce5e', 'i5h0gm3u']
1161	['qeqd4soe', 'sywxrxmf', '7esjlc7i', 'wmocjiwh', 'jz6o9gnb']
1162	['cfd1x420', 'uqeikj0m', '6ukt0gbn', 'qdw86v8i', 'rpjg4a9i']
1172	['bx7vz0r7', 'y9fqa20z', '4jjuwc9r', 'sdsmy0bw', '9enbrd6h']
1179	['gjsrfmj4', '19768np3', 'dti9o5x3', 'uliopaz0', 'kugpzkyx']
1184	['s9b631ee', 'ld7lhdi1', 'n5bnpzj6', '94w1sbsb', '1adofojj']
1189	['v5beddu4', 'l63d9lyd', 'plzklj7c', 'hg1q14gw', 'cddya0r7']
1198	['1f6kq8co', '8j3bb6zx', '08p8ns2d', '52qpcg63', 'd8lmft7i']
1211	['wyn09ag4', 'jmdrupds', '7tp8z7n8', 'tstx42h7', 'b1w9ns78']
1222	['vbnke2q5', 'ivug325f', 'xmtv0v6q', 'rxq2bgpp', '7hq10f2a']
1225	['90323yzn', 'nah1utm8', '9enbrd6h', 'r0nmq9ne', '6ki9km50']
1229	['aawjla6h', 'dq3qunwe', '4p6fcy8f', 'd3pxk5tr', '0vmxjil6']
1230	['yrowv62k', '5z0xwlxp', 'ledopkwj', '7xx57cwo', 'zue5hnal']
1237	['i1icueuw', '8pemlz7a', 'hwpn7ti1', '3o91v72a', '7ddw02f7']
1250	['9iz8papc', 'jfdwo189', 'jwei2g97', 'yi1s6xap', '36amafub']
1261	['y7082lr7', 'krg8jvfz', '1mu1o8rj', 'bsf7arhl', 'yr69ctrj']
1262	['oud5ioks', 'p6uliadr', '8f83k2ce', 'dblqryhy', '95zrth5d']
1272	['m46vdpv6', '02p4et0u', 'jswlq6wp', 'gxu62u9i', 'g0wujywh']
1274	['pl6dpxkz', 'b6yfgc8t', 'ay69e8ad', '4zd58eqy', '4evznllv']
1304	['i6u1x0xq', 'uyswj4ow', 'ci0hmkjk', 'ez1l3m4o', 'u999bx7a']
1314	['j4bfn87k', '1aqf98e0', 'ls4qfvwq', 'irz0l5wv', '8f2r1d14']
1319	['626ch774', 'a242g5kg', 'hnsv4ov0', '1ucs8zu1', '010vptx3']
1342	['oud5ioks', '7wsumadw', 'zdfx3zo3', 'te0v91nr', 'hn6clwoj']
1345	['1vd4j3qc', 'b0wy5zz4', 'ttpbs13r', '4gxff3rd', '3cr97dii']
1346	['ba5h6uhu', 'atn333j9', '763v4duh', 'i3jsvtwp', 'n6lwnct5']
1351	['25aj8rj5', 'ky5env7t', 't2gxkxxd', '8rvhqd9b', '3cl3q80m']
1355	['1vd4j3qc', 'n5c0hcwn', '3cr97dii', 'rckwiqgb', 'kgggepu0']
1365	['85jx7i06', 'su028g3j', 'g8tckoxj', 'djev6er7', 'z1l6oyjh']
1374	['ys7azmv7', 'v49l6txn', 'w0ebmg16', 'x51jorbm', 'mdewdbqs']
1381	['wb1apvn2', 'tx3qbg32', 'd0s3vl2w', 'xb4x2zjx', 'sm0112e3']
1398	['mkl7rvr6', 'wcq3qqt4', '9oejm9sc', '0yysikc1', 'octtj2vf']
1402	['tn8houmc', 'vhjzjdou', '7a543f7v', 'r9qtzdvk', 'qkg8fwbp']
1409	['8bjfoa9g', 'y14lw5b2', 'wtenvb27', 'knbngla3', '9v6f2274']
1410	['64qt0w2a', 'yn7e3do9', 'vi1jl4po', '0w9k8iy1', 'auvehdq5']
1428	['unhrmzn5', 'li5cw8xx', 'xre1l41y', 'f6i46t3h', '5tpkcd5z']
1430	['m46vdpv6', 'yb9uyov3', 's23d5pns', 'ehqk1d63', '7iuls8x1']
1447	['qv1xfrg6', 'utc0qrax', 'o5wugbzo', '2firaix6', '104lecie']
1452	['gu4mz2vp', '2bupc5jh', 'qfrenkb6', 'ach2lhhe', '2rx84imv']
1455	['riltam7g', 'zdlbsuys', 'nbghk20z', '0ockdyh0', 'u3ympejy']
1468	['q9bwvh0t', 'vpoqfm7d', '5ojyly05', 'ovuh3qoh', '53x6do07']
1471	['vprj63y2', 'qm0f590n', '5q7fmrqo', 'pz3e9y4i', 'xk2inqjm']
1476	['963hkkiy', 'uzry86hi', '8lyipugh', 'n9nu5n44', 'zmkvs7e7']
1479	['zjbclhj3', 'o3pvsjq2', 'ofw7lnr5', 'h9nzxlaf', 'r457lo2r']
1484	['ohkki0ke', '8iqs6jko', '3h80bn0k', 'xtmn1n0r', 'ktjhr028']
1490	['zycgczqy', '5vodag6c', '763v4duh', 'ey0r1py7', 'ygvg9jfe']
1492	['zycgczqy', 'ey0r1py7', 'h7ftu3ax', '2bpyvgv7', '5vodag6c']
1517	['ox59xb6z', '52jtd51o', 'awh8y9j8', 'lbkjxws4', 't4y1ylb3']
1526	['2hkdhwaw', 'tn8houmc', 'eohd0jjy', '8l5i1z27', 's1dert6n']
1536	['h2lnqvsv', '70nbsrl4', '32ua8wb6', 'mzn4jztt', 'k4k3kcrh']
1537	['ybcr7clp', 'kmwfce00', '8l5i1z27', 't4y1ylb3', 'm2id6kxw']
1543	['52cub1om', 'itxde5mw', 'zue5hnal', 'rpwmcqbg', 'm2z6k2va']
1555	['3u3i5myh', 'ijzoa0yn', 'xr70oiv3', 'jowowl0v', 'ruewzstg']
1559	['ssdqobqb', 'ruegzkoo', 'amw2c96l', 'y77rbrnd', 'mviiowbw']
1566	['n3i3x5pn', '7omyaap8', '8s9l69gb', '4jyltfus', 'rfchb7ar']
1598	['sljh3o2k', 'kiq6xb6k', 'yj3yisum', 'cnz7jlw4', 's2vckt2w']
1608	['5ax78ysz', 'tq2vdo88', 'qeqd4soe', 'ax3e82js', 'zqzs6vtf']
1609	['cxqzo58q', 'iepagac8', '227l4bzl', 'yo2lpdi4', 'klqji8gj']
1620	['s7z1l3a9', '41yfx1ev', '9sh9mk6p', 'aclcbxkd', '1mu1o8rj']
1643	['whkfvd7l', 'nih4l4ok', 'b4161ynv', '6aw8zrap', 'wvfw94n1']
1655	['wg0q628x', 'qgzc1moh', 'j7iis8h2', 'jowowl0v', 'daxv3reg']
1677	['jlrzu0wl', '9gqonmf5', '6xxm7hcs', 'h4fo8h90', 'pva0xii7']
1680	['xr70oiv3', '0chuwvg6', '0njeeoc3', 'q54el8tf', '9e3mxt1a']
1702	['w1bx4a7v', 'asj7352n', '8iqs6jko', 't0iw2vod', '5yscqct1']
1749	['jhsqrto0', 'gme1zk3n', '8pz6131o', 'sskqco38', '7ld7hyaw']
1769	['qnqh7fum', 'lricvxim', 'bv1v3awh', 'bk6ext3e', '9bzbab1s']
1786	['29ph2eai', 'eecwjrdc', 'eztw9tx6', 'zuc538yd', 'rlpzejjt']
1800	['swaf5pao', 'k3mz6lf1', 'ajqbljai', 'fedv6m9o', 'u39a6nwc']
1807	['oah1to9w', 'xo7q4dqr', 'nzsx8gb4', 'p3jvuj8k', 'kqhmul31']
1818	['0i12e4tn', 'cj7izin2', 'mo3y3mau', 'f6vau5s6', '1d49odsq']
1821	['khkw1hhv', '5g4smxpv', 'wqmscp6l', 'e7ntocgf', 'g5uu01aa']
1835	['h8w4q5ff', 'bn22k0p3', 'y07xjnpe', '7keaoi4d', 'p297b5oh']
1846	['lfqi7jsa', 's96b0s76', 'rnfh9v1h', 'u92ruhjj', '1vd4j3qc']
1862	['hu2lg6i7', '8oi7ptfj', 'jkff091e', 'fe14iohb', '3cr97dii']
1866	['8dh4xvph', 'x0cs571f', 'vwrhypnl', 'hu2lg6i7', 'y203109o']
1875	['p8ckcvyj', 'v9fz02es', 'clrlg58a', '58mdhe5v', 'v857wnfh']
1877	['p8ckcvyj', '58mdhe5v', '0vwspd6l', 'bran54ku', 'v857wnfh']
1904	['1l7hldfh', '9g0lo2e9', 'ek5zfb8f', '6bbqvkvn', 'gap91mwc']
1935	['hz5vigp0', '3o91v72a', 'rb20ge7e', 'q4zuslmp', 'nt1e70dv']
1958	['3oetrhdh', 'lxbnwed0', 'hzvqg674', '3fagnql8', 'xd5uhah4']
1962	['vxavox24', 'j23pvlj9', '60sbhzfs', 'f3mvdpq1', 'xcomjvaa']
1966	['j23pvlj9', 'cnz7jlw4', 'vxavox24', 'mz1bof2x', 'vkf5njfz']
1975	['e8fhlo37', 'sc40pmn4', '213bme3q', '40hd9tg2', '9eu792zu']
1984	['d4eae8g3', '8ihlm3fw', '57z0g4mq', 'er6t9vj2', 'ogrlupbx']
1985	['d4eae8g3', 'vt4ougwq', 'cvkdpnn3', 'y3a4czk7', 'v3h2nxpt']
1990	['sjrle2n0', 'trpy9bbq', '0gn3b98n', 'otfb69ft', 'e85xdrcw']
1997	['pn516wom', '92tvskxw', '6k0nhmg9', 'ijoyk390', 'm41w2007']
2008	['cxqzo58q', 'd2pzezq8', 'puttcvi7', 'yo2lpdi4', '8g70j0qw']
2057	['m46vdpv6', 'ga5z3via', 'yb9uyov3', 'jswlq6wp', 'ulfz0b15']
2067	['unl3n0tn', 'ktjhr028', '8iqs6jko', 'vkr0766i', 'itxde5mw']
2086	['66g5lpm6', 'es8l29ub', '28wn23nl', 'ce1a9k8b', '20nozop1']
2104	['b4mjo92p', '4ff2e17a', 'k36t200n', 'cwdtyr1v', 'wbhlwq9r']
2116	['3u3i5myh', '6zjzy0ft', 'qh6fqna8', 'p3cxk8gd', '6l3coibe']
2120	['eywnnzxe', 'byw8jsqv', 'vi1jl4po', 'ztwemu74', 'ngzjvjlj']
2123	['f9vxfk68', 'nwb7qf9l', 'd3pxk5tr', '3mk8dwf9', 'c3v7rf1m']
2125	['pgasbdpp', 'iuy5a0bk', 'l69kwh48', 'tx8ypqsm', 'ef3qmfxk']
2132	['6a728le9', 'yn7e3do9', 'qbj8n8h6', 'ike8mgh6', 'dica9bqx']
2139	['duqgd4gs', 'yadb7gwj', '2aslzgdk', '1mx3jrup', 'dng3ef3x']
2149	['9jfclm9c', '13kzv4b2', 'xoduxbst', 'c3955inl', 'l63d9lyd']
2154	['ffy19pp9', 'cmp1bvhd', '1nsrgv8v', 'faj85qxc', '2un9aggj']
2160	['r58aohnu', 'mttosjh7', 'iu4p5k0w', 'm2z6k2va', '5vodag6c']
2161	['ot1uz6vc', 'nosh8awp', 'taz8f384', '4iuxm6z2', 'pb25lrnw']
2162	['t4y1ylb3', '7a543f7v', '54aruvbf', 'zctjkag0', 'yrhb6ktc']
2172	['tra5ewc5', '763v4duh', 'iu1d9i57', 'f4jx3b2q', 'pu12u627']
2185	['xe8t3uqp', '0pcgcbjw', 'xneu8glk', 'i4bb531h', '20xgqvxc']
2199	['186wyg7t', 'ywvk6gu6', 'jiunpwz9', '2l883zhe', '7esjlc7i']
2200	['8g8yc0tu', 'i513q4l4', '86xwnpde', 'n3nwra0o', 'q0tu1pja']
2201	['ixnko86u', 'yfdcgilr', 'xli7wyg4', 'bsq640o8', 'zsygn29p']
2210	['k0v1axmd', '11xjl53c', 'lbd6hn57', 'mldwnz43', 'z8758x5u']
2236	['v4dbkyjh', 'eydniusb', 'xkx181ek', 'v49l6txn', '86xwnpde']
2246	['qjqk8xge', '55hyrgvk', 'tf181d85', 'lny446a3', 'ixnko86u']
2251	['aq2iz9tq', '95wclabe', '10l12wgu', 'ozj6zju8', '8jhwamfv']
2256	['3wg6flz0', 'a27vtdb6', '446p4tbc', '2dvljm27', '0evl3wnd']
2259	['znswomwk', 'fo815n5l', 'q7vv128t', '6zu6qjcu', 'j95sfxn1']
2263	['xtraspw2', 'x51jorbm', 'hl956i02', 'auo73dv7', 'vvmb92wo']
2269	['nr0fu2qb', 'iu4p5k0w', '1s8jzzwg', 'h3tor88n', '844229sb']
2284	['wh9vvgv2', 'unnrflmr', 'nj1p4ehx', '5fg1keua', 'zrbesm5b']
2287	['8cvjsisw', 'l375v2my', '9ige2pwd', 'ysf5k0ky', 'e9j4b00a']
2308	['hsdeesm2', 'v6w9mlsa', '9mdf927z', '1tz7y2sh', 'xsk68m5f']
2313	['xsk68m5f', 'bctb0ewu', 'dq6iyabh', '2xl0gp1o', '1zbsbcdd']
2318	['xoduxbst', '73oe5as9', 'pva0xii7', '29z4q4fs', 'u5g1twfg']
2334	['p91dk324', 'b1s3ubm1', 'utc0qrax', '2dvljm27', 'brt7cr1z']
2368	['5hei9fac', 'tv6t7v34', '121p2shq', 'od5nnxvg', '35xqlryc']
2377	['m69ceq2t', 'yt2fp8zl', 'jtgpzrf9', 't7xaqtgo', 'spfc0fc0']
2427	['bttme4wn', 'ry13iyxn', 'iaziztxm', 'uaccs7k9', 'p5nte83n']
2429	['tv1a1hwj', 'bpnqz1cn', 'e0ulxpt7', '3q36knqh', 'ierqfgo5']
2432	['hbvwm62l', 'lda1tyuh', 'd9rd5392', 'i6qoo03c', 'njpq3sq2']
2436	['2ierk83o', '8dc7andx', 'qhqidit5', 'y26bsn0n', 'zaibt2fq']
2438	['r66qkekd', 'in69fhw9', '72s5lbz1', '1bp33rmc', 'z68tl88x']
2450	['r7s2ezb4', '1m093f8d', 'vdfnrh9k', '0gxjjqpd', 'vxmamhkx']
2470	['d4eae8g3', 'ogrlupbx', 'cvkdpnn3', '0xo6nt7n', '1r9975o8']
2474	['auy3c2e0', 'bmt2zpmv', 'b0wy5zz4', '7t7ho26v', 'z6sjfdb9']
2477	['itx70h27', 'f9vxfk68', 'ruegzkoo', '97vw83zu', '6x3qopgt']
2485	['3u3i5myh', 'pjllicm7', 'n6lwnct5', 'qmip3at7', 'n2kn7o67']
2489	['8nk7pplh', 'q0tu1pja', '71cxwu1t', 't3qddrc2', 'g9r1fdm4']
2492	['1ha9cubv', 'rpjg4a9i', '6a6tyvtz', 'd5sxycaw', 'u89jd28e']
2502	['fz14yjvm', 'fxvro3wl', 'l8k7qsqc', 'ghl2a25n', 'lkjsh3fu']
2505	['v5beddu4', 'l63d9lyd', 'us11gvdn', '9jfclm9c', 'plzklj7c']
2517	['qeqd4soe', 'sywxrxmf', 'wmocjiwh', 'jz6o9gnb', 'lm73oj21']
2545	['qj1v04cf', '2l83gyx5', '3a7utmsd', 'k36t200n', '4z8i83p4']
2552	['m13ndhaz', 'nl1ud0rz', 'tmp6yxlv', 'yqt2zlpx', '9f7k0q1h']
2558	['t4y1ylb3', '1f6kq8co', 'oa81rhdb', 'edz3up3a', 'cj3cpn5j']
2559	['j58f1lwa', 'roz3qo2j', 'rv2padg9', '34j9n40u', '5bk0w0sa']
2561	['fqdu9uo0', '0999t5x0', '2cv0vuin', 'b9b6ww9q', 'q6dxytcj']
2588	['43eh69dx', '37gpov43', '4u3v4vyu', 'x64zft78', '06fwhyac']
2591	['ykxr9q1j', 'pc2cnhjd', 'f74g59b0', 'x7ffgtrd', 's19w1p2i']
2594	['8d6vcqr3', 'mhbwjwrg', '50frs197', 'jcqce7jo', 'qgxo9cr7']
2599	['rhgl6vss', 'hitaptnp', '5c1e0770', 'bv7hvc1e', '55wqowbq']
2639	['01h205jf', 'xqcs4j0g', 'sz5fr79q', 'uddwc4tu', 'ut1lltad']
2646	['9b6cepf4', '33wqmdnk', '2tre0wat', 'qdw86v8i', 'l4y7v729']
2659	['jgcv1wf3', '5iudn4kq', 'wxrv37ec', 'eyxag4xd', 'byw8jsqv']
2679	['3a7utmsd', '0l5li1f0', 'b4mjo92p', 'hd3ujyul', 'c8rgn7e9']
2681	['l16a5nq7', 'kjgyjk2g', '79xw1nof', 'qub1i1bl', 'l30ey4fx']
2686	['9b6cepf4', '33wqmdnk', 'm6eotnko', 'zycgczqy', '8d0zb0lw']
2694	['9b6cepf4', '763v4duh', 'zue5hnal', '9x9toshx', '5z0xwlxp']
2695	['9b6cepf4', '2bpyvgv7', 'e63j8gci', '5vodag6c', 'l4y7v729']
2698	['i8jv5iqo', 'cn0hqvsz', 't46giw1h', '4oxbczqe', 'ug2ka6ia']
2719	['9g0lo2e9', 'xezpzl91', 'zqg1r6c8', 'etriddkx', 'sjqt01gr']
2733	['ah8mzt1g', '6h83xzqe', 'xe29akkm', 'y442ugst', 'ulfz0b15']
2740	['dnm7s947', 'lbxg93hl', '8g70j0qw', '60en5zy7', 'd2pzezq8']
2745	['ah8mzt1g', 'p32h5rp3', 'el97nts9', 'dfhxcqr8', 'm9g1d7i2']
2773	['94k9cai0', '5yi8lm2e', '9g0lo2e9', '597jqeoj', 'ca1v4k3h']
2787	['w0ebmg16', 'xtraspw2', 'l4o7nicc', 'octtj2vf', 'ys7azmv7']
2796	['5vodag6c', 'e63j8gci', 'octtj2vf', 'f4jx3b2q', 'vrs88dcy']
2801	['geo7ac5i', 'ky5env7t', '25aj8rj5', '6sy80720', 'ay69e8ad']
2814	['rm6av6sj', 'mzekhyu0', 'vpoqfm7d', '37gpov43', '18b6ikq3']
2825	['7kxi7px1', 'gunn55f9', 'a66sszp2', '4unn3fmu', '4qgfjczw']
2827	['ajmelb8a', '3bo4md44', '8ruux4sw', 'hvp47bm2', 'kjf63oug']
2850	['c6lilxk3', 'd6ho2b4b', '0oq0xmzr', 'nvebqwwh', '7np944lw']
2859	['v85v5o51', 'eiomk2fh', 'kl8kg0yv', 'mzekhyu0', 'moplus2n']
2861	['ec3pmvih', '9g0lo2e9', 'ubomj70f', 'gu4mz2vp', '2bupc5jh']
2865	['nb27fn2z', 'zpqgz95r', '3kk1l0ag', '7b7on38r', '73b58lcm']
2874	['nmrxjal1', 'ec13mu0q', 'znswomwk', 'vjg00epx', 'fpexa30s']
2897	['rm6av6sj', 'ohyvuybc', 'y74qhqw7', 'x64zft78', 'vpoqfm7d']
2912	['6o7q57xl', 'u9nmqcgs', '9jlnker4', 'cplyj4dm', 'ipblyab0']
2932	['24yfnzq2', 'fu61afkg', '07cica09', '5jl2whuu', 'nerxtetr']
2934	['g9btjkcn', 'uk6whrhz', 'usr8hzcw', 'ueurvoyh', 'psghawl0']
2937	['sb9ckivs', 'r5552ql7', 'v1cfaqyx', 'i57f9ayv', 'rlphji4q']
2942	['flxbomsx', 'bsypo08l', 'g9pwxfd2', 'yhap30qx', 'xr70oiv3']
2947	['tra5ewc5', '1s8jzzwg', '9mn6trtn', 'y43prnko', 'pu12u627']
2963	['eczga3ur', 'ksveiiid', 'ta3zlz4z', 'ratbgibg', 'nl1ud0rz']
2966	['q9bwvh0t', 'f3eogz0n', 'r4dgrxel', '55gugbs8', '29z4q4fs']
2980	['w3m884ng', 'p9c3g251', 'd0r09lj8', '811lov8f', '306381wy']
2986	['763v4duh', '2tre0wat', '0yysikc1', 'zycgczqy', '5vodag6c']
2995	['222ci300', '23gax7wp', 'rvygtpvb', '0chuwvg6', 'jw6kh8os']
3000	['1s8jzzwg', 'e0pbs354', 'x51jorbm', 'ohkki0ke', 'pdfl15fz']
3001	['e4xw6gyp', 'u3832seg', 'hb3wcm04', 'js91utss', '660gckc7']
3023	['ls408b2b', 'n85adjg5', '8mwogx9u', 'deas7kr0', 'q5ie1v0v']
3024	['vvuaegse', '9wn91fj2', 'fm8koqjd', 'rjelshrp', 'r1m709hb']
3040	['s1dert6n', '2hkdhwaw', '8l5i1z27', 'tn8houmc', 't84pu00z']
3054	['hw4plghg', 't5k8o6sb', 'vaesa8nh', '7vc93ewa', 'ftt4diu4']
3059	['zpavu0eh', 'had5tqie', 'b7w2n36j', 'zzf2i2k2', 'hjmjav50']
3060	['kjr6dcqv', 'gc9eg5j3', 'f5ehif2w', 'aclcbxkd', '3swdnn29']
3066	['8w2t6u96', '6ejzpqq4', 'dica9bqx', 'xoduxbst', 'heegb7pp']
3071	['dsz66r4u', 'qn6wawxk', 'ny7wkswf', '21lbbcxy', 'rtus1qyw']
3081	['3u3i5myh', 'qh6fqna8', '20xgqvxc', '8qdcls1k', 'y5a9xtr5']
3114	['2q87yv17', 'wo9gg7nx', 'hranq899', 'g05z8cux', 'e42jjatt']
3116	['s6zoqu8a', 'ilkhg3rf', 'mkl96ybg', 'hnx213kp', 'h6dsjkvz']
3122	['vbe9ptjq', 'zzf2i2k2', 'mobl9jp5', '2ax0z8r6', '8rgpr2lo']
3129	['cyfdvgvy', 'u0jddsup', 'rtczfklg', '8dobncuw', 'xof56j98']
3135	['hjmjav50', 'h7n8w2k4', '01bjz2qq', 'ho832o9g', 'n9nh9k40']
3145	['snsjrjx3', 'o61dn71v', '4iubzi36', '4fgeb27a', '9g1wvhi8']
3163	['gbf8beq4', 'ofbnzo6n', 'd19v8qca', '5ojyly05', 'f9vxfk68']
3169	['82wscept', 'uc0qkegm', '2cv0vuin', 'pybdjsdj', '0r46eacc']
3180	['n9aqux5a', 'jfpa3rih', 'nvqv99ak', 'v0y734lu', '9p2pzsx0']
3199	['n9aqux5a', 'tn8houmc', 'yrhb6ktc', '4iuxm6z2', '8lnjbxe5']
3221	['k1n00gir', 'ix48o00j', 'ge8o93rh', 'xi2whtvr', 'bdkr3s9t']
3245	['l346qqwp', 'q0a6b8jy', 'h3tor88n', '1daa6fte', 'lpar7tc8']
3268	['tk7eturq', 'ijsn8d7b', 'lrqt2gcw', 'cpeizrdb', 'entkqcn3']
3269	['atd6bg76', 'tnwafdr0', 'kxi5qpxw', 'k9mbmgvr', 'rcaxap24']
3275	['rr87vhd0', 'r0taoqsw', 'f5twvg9g', 'kayh0v56', 'hia647nr']
3277	['gsgbhqwl', 'bcttenl4', 'y89e2dju', '2firaix6', '7ouo6beb']
3282	['k4k3kcrh', 'emsf4i9c', 'aekhd3tb', 'v1kozp4s', 'yji3hwf3']
3297	['65efipbi', '121p2shq', 'icgsbelo', 'li8kvzdh', 'zd8c1no7']
3298	['407va85q', '2l883zhe', 'f2ayoefj', '7esjlc7i', 'rh2jrojk']
3300	['b7w2n36j', 'waerqfzu', 'mumbnmgz', 'iu5ndsxn', 'aakzdkcj']
3319	['coh92gm3', 'p36ilfqj', '5bk0w0sa', 'soybk2i2', 'jxsldz4o']
3330	['dtja6m6w', 'pavd7sj3', 'dx2cx9lx', '1mz44ole', '9hzbi2yi']
3334	['ueid1mma', '5hirx7a1', 'emsf4i9c', 'v1egyqt4', 'hib9l7yz']
3347	['yc7cvbii', '6akx6xpt', '2xl0gp1o', '9t6du1v5', 'aj64338q']
3349	['cfd1x420', 'rpjg4a9i', 'a0dvzhc8', 'u7tqolyi', 'z1y1zgo8']
3350	['41yfx1ev', 'yvdaljz9', '8i9xwogu', '8vx56qlk', 'in69fhw9']
3355	['407va85q', 'wtovv1jy', 'lm73oj21', 'dt8h6a0v', '0r580il2']
3358	['5nr3j1ew', '5iudn4kq', '0vjxc1bm', '2ax0z8r6', 'faxm9rhz']
3364	['lvydhfej', 'd21lvneh', 'het7q42t', 'wwjeu8ie', 't8jlihgm']
3370	['rthsl7a9', '3i82sxk8', 'ktv6fk7q', 'is9a77dk', '1v8xf5uy']
3430	['df65w0lx', '8of3u2sc', '1xycng32', 'k42xr256', 'v60ydkm6']
3450	['d4eae8g3', 'ix48o00j', 'w62rqn2p', '3p8rdaoj', 'uppeztta']
3451	['0n51j2jo', 's96beqsh', 'ey0r1py7', 'tgd6gy3z', 's2vckt2w']
3459	['0e97tdez', '34y9fx51', 'cpbu3fv3', 'lx77ln0h', 'vdejfuuy']
3463	['fpexa30s', '3f0pgo4z', '1peg3502', '3lfmmfp2', 'mdsjbfmx']
3476	['yink1e6b', 'nr440fxm', '7jwqm0b2', '0999t5x0', '8rvhqd9b']
3481	['leg5ntvu', 'tra5ewc5', '0a1m1niu', 'n2t35wgn', 'ereh4ub8']
3485	['3sr2exq9', 'sv48gjkk', 'z795y51f', 'k0f4cwig', 'fx2ikn2t']
3486	['zpxnr9s9', 'gap91mwc', 'dx53hxej', 'ao6632cb', '4fgeb27a']
3491	['mlozjg9h', 'ghssymgb', '8j3bb6zx', '306381wy', 'lnls2mhg']
3502	['eml8uilb', 'ufzjvdho', 'jo489zm2', 'z3msyl45', 'f296patc']
3503	['ijzoa0yn', '3u3i5myh', 'a4klrp3h', 'ypqusgs3', '8lnjbxe5']
3507	['asygd3yx', 'o78vcy90', 'cgc0v1dg', 'sfm82h0g', 'vjg00epx']
3508	['io8mozoe', 'vvuaegse', 'dmqk247e', 'deas7kr0', '2tggadqm']
3509	['1qwq3jme', '9f7k0q1h', '80t2ovkk', 'wz6446aw', 'mg9kypvn']
3511	['ngbnnpni', 'uto9q6s2', 'nl1ud0rz', 'hbyxy4ln', '1qwq3jme']
3518	['06yuz5pn', 'b68c8qwm', '7xt894vr', 'leg5ntvu', '3nxmw97e']
3529	['k4ttbbix', 'uv5jctnd', '37gpov43', '97msfh4l', '4u3v4vyu']
3549	['75cnqi4v', 'v0y734lu', 'h4sbz3md', 'ksvw62gl', 'zq4ty9rw']
3551	['po6cqv4m', 'ewbtb3yc', '0chuwvg6', 'ijsn8d7b', 'nro623aa']
3566	['ofgv3p8y', 'wkl3jyzn', 'del20ax2', 'vp2t4xkn', 'ulfz0b15']
3568	['avmfz0z7', '9pei109o', '9exmyy5a', 'hakbt2zp', '7obhnmah']
3570	['52jtd51o', 't1ughb9b', 'ju87prqm', '7obhnmah', 'pq571myy']
3573	['6rpm4phy', '72f64kpf', '2aslzgdk', 'pqt10xzt', '5o5go248']
3603	['gmp22v65', 'qzknhjm9', 'r9datawi', 'w7xaleep', 'iwd8nkls']
3617	['dsfbmhbj', '81rxs247', 'q9bwvh0t', '23n5r8qj', '7a7oi5dt']
3626	['h7ftu3ax', 'nr0fu2qb', 'w2c01295', 'iu1d9i57', 'qi1henyy']
3647	['wiei5dpt', 'ue58uvot', '307rt03e', '0ogmwreb', 'ec3pmvih']
3660	['saxtdqvh', 'liip39ku', 'o4ri7t16', 'vqswp96l', 'k4k3kcrh']
3719	['q7pieq3w', 'mfziqu80', '0gier0lu', 'lavcsqov', 'ajlpb9li']
3732	['ax3e82js', 'nvbt5gxl', '0r580il2', 'oud5ioks', 'dt8h6a0v']
3733	['ax3e82js', 'r76tqrwz', 'o1xkgkn1', '675v58x8', 'kc5zizqa']
3734	['b8mx2wrg', '5yi8lm2e', '50frs197', '55lbj72e', 'rmlee8jp']
3735	['u0vhs2d7', 'yamabj5e', 'ijlgjdep', 'ddpfox68', 'tqlzeh09']
3737	['9b6cepf4', 'qdw86v8i', '2bpyvgv7', '2tre0wat', 'k8wb51i7']
3761	['jz3gnise', '55hyrgvk', 'ffy19pp9', 'ng9o0svz', 'zzscey1f']
3764	['sljh3o2k', 'a2m0wswj', 'uqfwx4nk', 'fedv6m9o', 'sdumu9yd']
3798	['7xt894vr', '97vl2cfl', '998a0aoc', 'dlwwcryb', 'rztwiflt']
3801	['7xt894vr', 'rztwiflt', 't8xyrsif', 's7wykoze', 'b9jcuwu5']
3804	['78qsuc5l', 'yf3z913h', 'tgrh7ap4', 'f78m95fl', 'ho6qjkyr']
3808	['9g0lo2e9', 'h7n8w2k4', 'md0drb25', 'gg5c8v7d', '4kfbs7j4']
3838	['s9lkvzpo', 'pta8enbu', '08d9t9ex', '6l7h3zxv', '9ud32cvb']
3843	['y74qhqw7', 'mzekhyu0', 'v85v5o51', 'g4pd6g4j', '6hehg1yf']
3844	['4ohgr8j7', 'p9qeaedh', '81pr5etw', '2sp8nm0i', '6mpxu6r0']
3857	['2damkjcs', 'cht8xf0x', 'h7f3bkc2', '4bta1y3u', 'r457lo2r']
3874	['1wui9gwa', 'gw9hkw00', 'rztwiflt', '9th9mm7e', 'l16a5nq7']
3882	['pvshw2pn', '7ru6tapp', 'tdxrx9se', 'fbcu88lv', '8js7f9a3']
3906	['1ihib857', 'vnta2gic', 'd2s3170w', 'dm6pznm2', '0n51j2jo']
3908	['d2s3170w', '1ihib857', '5c8im9ci', 'vc6j8ao2', 'dm6pznm2']
3914	['asphtor7', 'ha5ld7be', 'an8957d8', 'jer4jwwf', 'uhs1nz2s']
3920	['s7v66pvg', '3v240tcz', 'iyi2fwhf', 'l6yr6ang', 'yb6lmv1a']
3926	['5fg1keua', '64l9la82', 'zkhdjct7', '0xo6nt7n', 'e0pz0z4j']
3941	['coh92gm3', 'furicopj', '8xvqq5eh', 'viqy2ec5', 'agvrw27o']
3942	['c3wkwn0u', '1umbwskb', '55yxh5er', 'npd9wz3u', 'e7d6sezr']
3944	['qfq1nfcn', 'ssskg86y', 'y2zcwcic', 'ut1lltad', 'r2hovw0y']
3963	['dnm7s947', '8g70j0qw', 'iepagac8', 'lbxg93hl', 'mz7b6ey3']
3995	['fq5nayxt', 'ogdqq3dl', 'lmzkseiz', 'i3jsvtwp', '8k2v0u19']
3998	['vy21fxfd', 'w50gorzr', 'dqhdws5k', 'daxv3reg', '82afil03']
4005	['fcb8egak', 'i8byjktt', 'ec6ov0jw', '69fmtury', '01q4pu9k']
4016	['t3vuwghp', 'x14iywtr', '96lxmeqx', '0e97tdez', 'lnzt3h1p']
4020	['konern28', 'm4hwwhux', 'iepagac8', '8g70j0qw', 's82tyeis']
4055	['p8ckcvyj', 'rc6cza9r', '14tv9r5q', 'bran54ku', '0vwspd6l']
4066	['8rvhqd9b', 'szekvw7e', 'dcfqvp4p', '20nozop1', 'me4v1qyr']
4073	['io8mozoe', 'dmqk247e', '1omv4r30', '5eo7wfle', 'z9csj1bh']
4075	['v5beddu4', '9ixpj162', 'b4mjo92p', 'uitc2tru', 'ezrarusj']
4077	['v5beddu4', 'us11gvdn', '9jfclm9c', 'ef3qmfxk', 'irx4pcsx']
4081	['66obkrxp', 'j05hs577', 'qlfp54io', 'y0wu60n4', '3cyo993u']
4093	['v5beddu4', 'irx4pcsx', 'l63d9lyd', 'us11gvdn', 'tvg6q8cw']
4099	['6a1fl65b', 'hgcsfxwo', 't7xaqtgo', 'yt2fp8zl', '0oxo2awm']
4153	['est5jx7g', 'xii14gan', 'deezca5z', 'trrg1mnw', 'h9nzxlaf']
4169	['rm6av6sj', 'mzekhyu0', 'q5ie1v0v', 'vpoqfm7d', 'vz8eu3vc']
4177	['07a30kd9', '3h3ihfyq', 'w25jpub7', 'e5flh0af', 'r0osk17r']
4186	['ne816kr4', 'dvwkh1d3', 'cgnofutd', 'h7n8w2k4', '3xvphg52']
4189	['ax3e82js', '0r580il2', 'dt8h6a0v', 'r76tqrwz', 'nvbt5gxl']
4197	['gtp5daep', 'yfdcgilr', 'lkb09vs8', 'ixnko86u', 'xli7wyg4']
4199	['io8mozoe', 'j1o86xp9', 'deas7kr0', '5eo7wfle', 'bsf7arhl']
4205	['18swtk61', 'zcwh1892', 'ybcr7clp', 'eomtjrgc', 'fo815n5l']
4218	['t9hbbqay', '6teavsk5', 'h2sza0if', 'do5qr3ya', 'dczcruim']
4220	['3c1fujrd', 'psk1lnff', 'ihgxtu8g', 'msra1ghp', '8796x4ne']
4224	['qeqd4soe', 'sywxrxmf', 'wmocjiwh', 'jz6o9gnb', 'lm73oj21']
4230	['a5w7tbtp', 'ehmy9al1', 'lyhdeks1', 'uyy8zytj', 'wuzeby05']
4241	['ajqbljai', '08xv22bc', 'j5b0f3uk', '8xvqq5eh', 'ej7pj7d2']
4254	['r5v2gi3v', 'zqekxlz9', 'l4y7v729', 'wzqdo1st', 'db8fl9d2']
4270	['53v1olqq', 'uazqkay9', 'ntxufeg5', 'e85xdrcw', 'jjiiutd5']
4271	['eflyypev', 'imheos0p', 'vg96f35h', '64sdgroi', 'eml8uilb']
4276	['ohkki0ke', 'h7ftu3ax', 'eyxag4xd', '1s8jzzwg', 'xtmn1n0r']
4294	['ktm0akxd', '5t16srpn', 'bre2ijbb', 'dblqryhy', '7objlrqa']
4299	['9h4zzo5q', 'p6uliadr', '4iuxm6z2', 'jfeamjqu', '8d6vcqr3']
4303	['a9prti0f', 'd19v8qca', 'x9lxyrgw', 'us518bwp', 'ks0zkp57']
4312	['mena480g', 'bfmcqcq1', 't2gxkxxd', 'izlg8zu6', 'pmcvhg2i']
4314	['5u63aqo5', 'k4k3kcrh', 'zgbzb8bl', 'h2lnqvsv', '9zco6ofx']
4335	['8bjfoa9g', 'klqji8gj', 'o7ww2prj', 'or30thq4', 'ys7vovie']
4349	['eflwztji', 'u7ao9dwx', 'txnegebz', 'l0b99hye', '2jyp3ift']
4376	['oud5ioks', 'z22g03v4', '3akrube4', 'kl3mfkoh', 'ax3e82js']
4382	['g4k0ksr8', 'yynwksqt', 'dfhxcqr8', '8l5i1z27', 'gsvzkivp']
4388	['xd5uhah4', '2jyp3ift', 'jbs3d5xo', 'rnfh9v1h', 'uoj3sclr']
4392	['iiafud87', 'wtqwghon', '22b3rl2s', '6hkqe14l', 'gjo29e21']
4411	['ike8mgh6', '9hpkmjvu', 'uyb0of5p', 'itxde5mw', '763v4duh']
4418	['3xvphg52', '10dkpj5h', '5sfojk7y', 'gkf3wez8', '42i1i6br']
4423	['9b6cepf4', '92z77upt', 'zycgczqy', 'm6eotnko', 'q6ho9pdk']
4449	['e63j8gci', 'db8fl9d2', 'f8ah4lzx', 'ljpeq5aw', '2xl0gp1o']
4456	['65efipbi', '92z77upt', 'e7uvbra5', 'xcomjvaa', 'r58aohnu']
4459	['vprj63y2', 'yr69ctrj', 'd5sxycaw', 'yy7bcfzz', '3o5c0l24']
4460	['6hl6rtsh', '121p2shq', 'pjh2lr22', 'jk37ej4c', 'hgpiig0g']
4478	['kit7dfi2', 'eza5qh47', 'ko42qlzr', 'l57v4wnr', '0aqww7cz']
4480	['2r0a357c', 'tx2krngu', 't52ieu5y', 'fsa9o8ve', 'geo7ac5i']
4496	['8bjfoa9g', 'y14lw5b2', 'wtenvb27', '2f7wqamp', '9v6f2274']
4497	['cj7izin2', 'dksw5yzp', 'yfdcgilr', 'zkxrjk3p', 'eza5qh47']
4498	['4kfbs7j4', 'dw760gqj', 'be8eu3qi', '9hzbi2yi', '01bjz2qq']
4506	['bf42staf', 'd8x3b9a3', 'wdn5skh2', '137662w0', '7as9f1n6']
4510	['cj82xu0w', 'gufhaylj', '2fyo2q4n', 'ksjkypzx', 'nvphu1fm']
4514	['94w1sbsb', '9bhi3rqu', '7fua7kgs', 'rytw6rfd', '898oxxqi']
4529	['v4ubd1l6', 'b8c309hj', 'ez1l3m4o', 'mom4y7cl', '1mx3jrup']
4541	['6ulvk9hv', '5s1uj2qi', 'o7ww2prj', 'm1d8znrs', 'yn7e3do9']
4544	['wx5zq7jt', 'rjhe893f', 'kl2w6yiv', '7xt894vr', '1a7ugd24']
4561	['1s8jzzwg', 'xtraspw2', '0yysikc1', 'f4jx3b2q', 'zue5hnal']
4584	['7y6ok9a2', '7s79900j', 'qdw86v8i', '1s8jzzwg', 'qsyqnwn5']
4586	['qdw86v8i', '9b6cepf4', '33wqmdnk', 'k8wb51i7', '2tre0wat']
4595	['lt7qsxxh', 'pq85mvab', '5xki1ulf', '3rat1lsp', '4c3evbqw']
4610	['ibnudp1x', 'gjustwrb', 'ywusapij', '6zfpcm4j', 'n0actmsc']
4626	['q5wiqpcb', 'i0bc6k81', 'gckr8h1m', 'eflwztji', '39mfts0g']
4640	['tmdsyzyt', 'mt61b7o7', 'q4m2uj6r', '4nuvdxjc', '44m1nfb7']
4670	['6zfpcm4j', 'sgiuqs6z', '1hfvmyfs', 'rytalfyx', 'edz3up3a']
4676	['21lbbcxy', 'yjm6asp5', 'yw81byd0', 'orqulgfr', 'ickzzm6y']
4696	['ubhv7my6', '6a6tyvtz', 'rlhayt20', 'mi6bdisx', 'orddpgl3']
4697	['1s8jzzwg', 'w1bx4a7v', 'eay6qfhz', 'nr0fu2qb', 'pdfl15fz']
4706	['h26a3h5f', '7obhnmah', 'mgwx0u6x', 'vwrhypnl', '43om0nji']
4707	['mgwx0u6x', 'avmfz0z7', 'hu2lg6i7', 'hakbt2zp', 'von13s78']
4708	['q4aqkr0w', '8iqs6jko', 'dxrltm25', 'w0ebmg16', 'mnjy6bq2']
4709	['8oi7ptfj', 'hu2lg6i7', '34b511wf', 'von13s78', 'vwrhypnl']
4717	['rr87vhd0', 's96beqsh', '6cf23zfk', 'r0taoqsw', 'k8wb51i7']
4720	['frx9hfxg', '4uieqidm', 'q6j7vy8u', 'gha1wg4w', '1k0xqhda']
4724	['hkk23tqt', 'z92xqedn', '2uy0jjdh', 'aj885nl0', '6pruwy09']
4726	['dmrtj9xl', '08d9t9ex', '7hsd4kde', 'jxrex0g2', 'lz6pbh45']
4730	['jr92ou2e', 'b9nsh19x', 'iaziztxm', 'y7v9zc6w', 'yrbgdica']
4767	['0yysikc1', 'qi1henyy', '3h80bn0k', 'w0ebmg16', 'l4y7v729']
4772	['ocfqb3a2', '40dsvwyb', 'eazb8y8k', 'bcraqemn', 'k0f4cwig']
4782	['1m1hi735', 'qxxn1zf9', 's96beqsh', '07cica09', 'vc6j8ao2']
4785	['k0v1axmd', '8l5i1z27', 'c2a07zg0', '7obhnmah', 'wslsqytj']
4804	['zs6sjlyn', 'sykjpaz2', '4bbngq0z', '0aik5i71', '9bqr38q3']
4809	['3cr97dii', '1vd4j3qc', '7f33cu6l', 'mi6bdisx', 'n5c0hcwn']
4814	['wcq3qqt4', 'd2s3170w', '1m1hi735', '07cica09', 'octtj2vf']
4822	['zpqgz95r', 'ntxufeg5', 'li8kvzdh', '5xon5yb4', 'c84lpxrn']
4853	['1vcc1khg', '9gn4jcu9', '8ko7mmu3', 'xtmn1n0r', 'w3ls1d7w']
4884	['ckswlo9o', 'nd5r4yt4', '46je80h6', '2qwv6wzq', '9l6yn8pe']
4894	['ypls4zau', '5a5a8ifz', 'obhm5mc5', '5sss52fz', 'maxbdi99']
4901	['szekvw7e', 'r0nmq9ne', 'e7gq365q', 'tv1a1hwj', 'lz8b60ew']
4928	['ahpkmffy', '9x5k7we8', '3fiqpart', '53t1mhnb', '828s0mtz']
4955	['kl2766oe', 'ch4ouyvj', '2ax0z8r6', 'o5k6mqid', 'zu8dg7ma']
4962	['m8xfza1d', 'nzy970he', 'hzvqg674', '9pn62o4p', 'xltcax0k']
5001	['bn0fegqg', 'e9ntnp5r', 'ug239kup', 'zzyibdy7', 'on6ss822']
5004	['qfq1nfcn', 'e63j8gci', 'wi1slkpf', 'tunbld3v', '5m23wtpi']
5008	['zbr3kfv2', 'y89e2dju', 'bx7vz0r7', 'k6cumncp', 'snlukr6c']
5020	['7015mpuh', '7rsp9vu0', 'geo7ac5i', 'llo64qbp', '9th9mm7e']
5022	['9s9ctu9i', 'jvood8ur', '6nsoj5we', 'gduako3g', 'n006o856']
5039	['qlejjw9s', 'j67qgjbj', 'xochpgld', 'ks0zkp57', 'zr4pw0e7']
5048	['a0q61mpi', 'iu4p5k0w', '92z77upt', 'ykfidmzv', 'ohkki0ke']
5055	['5t72hl4l', 'q3yt3udf', 's1dert6n', '2hkdhwaw', 'b2ibj1u4']
5069	['f60z8jo2', 'v3kzly7z', 'nosh8awp', 'taz8f384', 'mi6bdisx']
5082	['9b6cepf4', 'zycgczqy', 'qi1henyy', '5vodag6c', '33wqmdnk']
5084	['od5nnxvg', '5zn5mgi9', 'ykxr9q1j', 'gqwwfpch', '3fiqpart']
5090	['r4btmprw', 'xmqdk2wz', '78qsuc5l', 'x7qlnugx', 'tgrh7ap4']
5097	['hduwjbtq', 'n2rec4i8', '1u38iqip', '78wu4kgv', 'auy3c2e0']
5098	['xtraspw2', 'h7ftu3ax', 'w3ls1d7w', 'hwg0lthr', 'qi1henyy']
5101	['khymg0zr', 'cq5il80s', 'sdsmy0bw', '33wqmdnk', 'pvjoxgn3']
5107	['8b0bjxdt', 'mlrq0rjf', '726t123x', 'vrs88dcy', '80yu5aiv']
5109	['yw81byd0', 'ickzzm6y', 'd8vo0ncl', '597wavq2', '97vl2cfl']
5111	['h9nzxlaf', 'j4p46aiv', 'tn8houmc', 'ptd57hee', '2qcuygax']
5154	['ivy95jpw', 'xnrb0byz', '9aw78s63', '8o2xddof', 'rh2jrojk']
5178	['0x3uihto', 'ojw27c8o', 'zjur5j95', '9ss25ozo', '32gnw4sv']
5184	['1mz44ole', 'ksqxfx8m', 'dtja6m6w', '9hzbi2yi', '4kfbs7j4']
5190	['7yias3rj', '660gckc7', 'rkgrsiqf', 'park7t3g', '78t2h7st']
5212	['jvo0nk3w', 'l19nsvun', 'tl16qf33', 'lnnsxwk2', 'u3ympejy']
5218	['jr92ou2e', '5rdsn2mn', 'uhtwkkk3', 'dny9rgv9', 'yrbgdica']
5240	['h65g7bf2', '304aayyq', 'zowgwnjq', 'tgstsac6', 'vy21fxfd']
5242	['yn2aylru', 'soa71kwx', 'nkv6irr7', 'w3d33mq0', 'yjbmi8ur']
5255	['py2ygpzt', 'nksd3wuw', 'sz5fr79q', 'yhmcx7ae', 'f9vxfk68']
5276	['t13pehgc', 'i5h0gm3u', '24t0lunz', '5b1xsakf', 'd44561hh']
5298	['9b6cepf4', '2bpyvgv7', '5vodag6c', '5z0xwlxp', 'qi1henyy']
5303	['vwmjf326', 'w1azm2mc', 'rytw6rfd', 'ls408b2b', 'dfch7enk']
5311	['f6li7qil', '2qwv6wzq', '09jbs6mx', '5q6cnfse', 'cucrqa16']
5313	['32ua8wb6', 'h73m17lw', '2u5zxc2i', 'p91dk324', 'f18a3xiv']
5317	['2firaix6', 'gsgbhqwl', 'jmnp0l2b', '5g70w76j', '0z1gzsfh']
5320	['zue5hnal', 'cg6v3yma', 'umvrwgaw', '2u9eenwu', 'x51jorbm']
5323	['r58aohnu', 'yrowv62k', 'iu1d9i57', 'h2sza0if', 'rpwmcqbg']
5328	['4uieqidm', 't0iw2vod', 'h7ftu3ax', 'ohkki0ke', 'umvrwgaw']
5333	['baodjrw2', '039k70vs', 'hgph0vx4', '7klqhnr2', 'fcjpfx3v']
5366	['xtraspw2', '9pb2eqoa', 'h7ftu3ax', 'w3ls1d7w', 'w0ebmg16']
5399	['qeqd4soe', 'o43e6aid', 'zqzs6vtf', '9y9s7tn3', '14alhxc3']
5410	['qqwqmn2z', 'e04rm758', 'ntxr1ivx', 'ja4oo96l', 'fdn6h4gi']
5430	['xd5uhah4', '65efipbi', '65ois1qn', 'ljpeq5aw', '2f09vauy']
5435	['9hzbi2yi', 'dtja6m6w', 'pavd7sj3', 'uxxrljse', 'vu7bq4b2']
5441	['92z77upt', 'xtmn1n0r', 'a0q61mpi', '9gn4jcu9', 'uyzalds2']
5446	['w3kkizaq', '0mwz8kwo', 'eu2vjpw9', '80yu5aiv', 'dt2pew66']
5455	['4hog76lx', 'ej9qbrt8', '34eot3zh', 'qcxpmfmq', 'pn516wom']
5460	['qcssljgq', '7pbrnn2g', 'idg7c8wf', '1a1zb9p5', 'v72mveyu']
5464	['cd81i918', 'j0bu0upi', '39zvwm0s', 'a7420by2', '9p2pzsx0']
5480	['53t1mhnb', 'nt1e70dv', '5jlohhmv', '2j11uxmx', 'mx30g5w8']
5490	['2damkjcs', 'yo815hnj', 'cht8xf0x', '45r3ccwe', 'efkl93ta']
5492	['nl1ud0rz', 'xzn11n74', 'z94skip6', 'z77wg8j9', 'ioclf03d']
5497	['nxabdur3', 'lt7qsxxh', 'h1sura49', 'a242g5kg', 'du8wmh6n']
5506	['yn7e3do9', '8fbsaocw', 'ihler8r0', '6bbqvkvn', 'iha9gjt4']
5512	['518rjfnc', 'uqpxs7et', 'vqg3yx5m', 'ber57pvj', 't85yioyl']
5515	['55hyrgvk', 'b1vlaly1', 'a54kdnxm', '9oxajwkk', 'fsa9o8ve']
5523	['6j9x3pn5', 'bgsbbszf', 'xokujzbl', '6pruwy09', 'k4ttbbix']
5532	['tk0iwpnb', 'wt5qxe0j', 'tp7wthiv', 'ikz8ui8y', '3z9ubx09']
5535	['3m9yonqe', '1ov3eydq', 'dqhdws5k', 'm0598zrc', 'sygm6irl']
5623	['uom5r1pf', 'hjmjav50', 'gg5c8v7d', '9g0lo2e9', '9ez3igd4']
5648	['lxzmiehr', 'icnjhhyy', 'kee1crfe', '4mp1iu55', 'bdvnwrd4']
5663	['3znsneqq', 'qd30tmuy', 'ielatiaq', 'y30na770', 'i88ccp9w']
5667	['73b58lcm', '296ilxyg', 'n1ysi7qc', '80t2ovkk', '8acldtv2']
5668	['f3eogz0n', '2cwvga0k', 'lsojoa7c', 'vnb7g17n', 'v4xszcfb']
5671	['leqluxpl', 'xt696aq9', 'nz42wegs', 'tjplc5j6', 'ie61xbks']
5686	['y89e2dju', 'ocl5qf9o', 's9lkvzpo', '4rsvcbnz', 'wbsl6n67']
5695	['9oejm9sc', 'wcq3qqt4', 'octtj2vf', 'vndj6f7w', 'ca3h96bx']
5719	['8acldtv2', 'h2h4bnd5', 'wuazkwsi', '8sb8brew', '3otvtwbb']
5748	['92z77upt', 'ohkki0ke', 'a0q61mpi', 'iu4p5k0w', 'ykfidmzv']
5762	['bpu3hpbn', 'pmvaxas6', 'dvi7pd4a', 'w1d83bkb', 'a9yo0htv']
5764	['j58f1lwa', 'w19729nl', 'o5k6mqid', 'iyi2fwhf', '5detaogc']
5765	['w0e2expw', 'ya18okpb', 'a8065dca', 'plvrpzq2', 'i88ccp9w']
5811	['dhd9e9bn', 'y43prnko', '1vcc1khg', '9ezhwvv9', 'iu1d9i57']
5814	['zy48nad1', 'pggf4wyo', 'f64tksb4', '5yi8lm2e', 'b8mx2wrg']
5817	['41yfx1ev', 'd19v8qca', 'zsygn29p', '3tnual3u', 's7z1l3a9']
5825	['hgvqjtfa', '2lanvyia', 'tljydrnu', '353wr671', 'r7aqsyfl']
5830	['3u3i5myh', 'cieh5gyp', 'ypqusgs3', 'ruewzstg', '8lnjbxe5']
5835	['y3fagw3t', 'oxad3dae', '24m4rh9w', 'pq6c0zia', 'qxy2p79x']
5847	['eztw9tx6', 'gw1pr7fw', 'oydib3p6', '8aosx41e', 'cdltu9vs']
5851	['v6qgjuas', 'yc7cvbii', '4fgeb27a', 'sdtr6yla', '68o7g6k7']
5858	['erygg5u2', 'xuqkhpn7', 'n9zqc1gm', 'prqrsb3c', 'n0uy6hd2']
5887	['f0t6n2j1', 'y3vhezw8', 'r99924c9', 'exjvfaru', 'yhun6hid']
5891	['knbngla3', '8bjfoa9g', 'y14lw5b2', 'wtenvb27', '9v6f2274']
5893	['r4q0zqam', 'x6cozo6b', 'do5qr3ya', 'hunepli1', '7c77gm20']
5899	['alc0jsh9', 't9hbbqay', 'wr9ko6l5', 'gtp5daep', 'ug088fmh']
5951	['lr20prun', 'yr69ctrj', 'k42xr256', 'ikacd7ls', 'jctz6fbg']
5954	['5gq0wqej', 'ticmj3x6', '14xuei7l', 'zjbclhj3', 'qbj8n8h6']
5955	['1s8jzzwg', 'zycgczqy', 'dt2pew66', 'h7ftu3ax', 'z86g8dzs']
5976	['io8mozoe', '4cy3er3y', 'deas7kr0', 'vvuaegse', 'vccct6hq']
5986	['rb20ge7e', '7xnga86x', 'ljlsvc9h', '5jlohhmv', 'fnguelau']
5999	['65n6p550', 'tnkkas7x', 'b7llp5r7', 's1qnjgev', 'v5sflan9']
6011	['io8mozoe', '0999t5x0', 'zs78ndoa', 'ru2ty1y9', 'szaxl65f']
6013	['bgiyvqgw', 'yhmcx7ae', 'rjelshrp', 'f0t6n2j1', '868txjrw']
6018	['io8mozoe', 'dmqk247e', '5wlbalzu', '7j5zmg8w', 'awx9lcfk']
6030	['2fokjcjr', '5vodag6c', 'q6ho9pdk', 'rcsohu4m', '8hkxbxz9']
6033	['trrg1mnw', 'soz9p0yd', '5ifrkb75', 'qv1xdqau', 'o4vvlmr4']
6048	['8lzpz58y', 'ikon1ktb', 'fsl4veps', 'ncfvllzi', 'w50gorzr']
6050	['est5jx7g', 'ocl5qf9o', 'b52pn8t9', '25aj8rj5', 'fkbup9qh']
6051	['9ixpj162', 'plzklj7c', 'cwdtyr1v', 'xzuynia2', '6t92yhti']
6061	['sc40pmn4', '1iclw0nt', 'nro623aa', '2uu19itv', 'psk1lnff']
6073	['fj6l76hq', '7zngkwoh', 'w3ls1d7w', 'y43prnko', '1vcc1khg']
6079	['zcmaqar2', 'xxu5e5t1', 'f3w4v5ej', '53joafkg', 'kmpsg94i']
6088	['71x3b75z', '46c98cvm', 'byvsuvn0', 'qt5qv3zx', '1omv4r30']
6092	['5tpkcd5z', 'f5twvg9g', '2jdlavwj', 'gtp5daep', '33cmymur']
6104	['ocl5qf9o', 'qwgufqcs', 'vjvyjblu', 'gc9eg5j3', 'ioey6zgd']
6109	['cfbj6ize', 'xj1nw76b', '5c1e0770', 'z218oii3', 'bre2ijbb']
6117	['kq0cu73r', 'npe81wc8', 'tyaazpo9', 'aj7rwpbn', '6gb1za5h']
6129	['w0ebmg16', 'xtraspw2', 'h7ftu3ax', '1s8jzzwg', 'bfcz49t9']
6139	['geo7ac5i', 'ysu5rwmi', 'qxwjpv40', '6mfd3n4s', 'ifgz75ch']
6143	['5jwuluy9', 'ot7i769z', 'bqgifset', '7x1aj0cz', 'dsg0p37t']
6155	['t1ughb9b', 'q58dzxwc', 'y203109o', 'yb9uyov3', 'm46vdpv6']
6169	['fnok2eoj', 'jtwb17u8', '6yztqdt2', '6vqf2n5j', 'iobpcfs5']
6179	['00xnsdt9', 'rtwr4a1w', '675v58x8', 'doi8buyw', 'udr22zf7']
6202	['hyezouy8', 'hert77y1', 'lm73oj21', 'dt8h6a0v', '0r580il2']
6204	['kn9b4v8j', 'klqji8gj', 'sybr04qy', 'or30thq4', '55lbj72e']
6222	['ysf5k0ky', '8d90mc54', 'k9xhphpl', '8dgahmka', 'vrate482']
6261	['m69ceq2t', 'a66sszp2', 'inj2fxeo', 'xi17qo6z', 't2np6qa5']
6275	['t0l6mlm5', '6g4oclln', 'e6miaabh', '9phgag8q', 'ucpdyk7z']
6276	['mqyu72nc', 'x11ntaqf', 'bsq640o8', '18b6ikq3', 'ojr558x6']
6279	['vnsag9fc', 'vxaf9e7w', 'sh9w4ipq', 'nz5r48y1', '3q36knqh']
6292	['z2jtzsl6', 'mf73oqp6', 'aizquh16', 'k30wvnx8', 'w50gorzr']
6294	['dny9rgv9', 'xz7yzr2f', 'omk29wlq', '748c97u7', 'cjfn4dna']
6296	['nblbacmn', 'jbpocl1k', '4ifng0a6', 'y2715f19', 'iyi2fwhf']
6301	['h2vct9h5', '0retx7ty', 'p80ni69c', '6o1h9uyl', 'lnnsxwk2']
6304	['q7vv128t', '6e444g2z', '71ywsj3a', 'ouno4jpl', '3unp46lw']
6317	['h4cu63cm', '5gshj480', 'ukbhlaaa', '7xnh53x0', 'spfc0fc0']
6325	['ajmelb8a', '3bo4md44', '41jqgsv0', 'vge26qe9', 'su41e4vo']
6326	['imivfkaj', '607lsqlg', 'qfrenkb6', '307rt03e', 'g57r3son']
6333	['q6ho9pdk', '925f5ucu', '2jfo2csi', 'i4bb531h', '06yjv1ae']
6341	['u9nmqcgs', '6o7q57xl', 'cplyj4dm', '9jlnker4', '43z85jsb']
6345	['q77tr31d', 'v0y734lu', 'tbio295u', 'gbgcfa2o', '6nt6msrm']
6353	['gw9hkw00', '7xnga86x', 'ljlsvc9h', 'nt1e70dv', '5jlohhmv']
6356	['qeqd4soe', 'sywxrxmf', 'o1xkgkn1', '9wnkmn27', 'lm73oj21']
6379	['qeqd4soe', 'tq2vdo88', '14alhxc3', 'zqzs6vtf', '9wnkmn27']
6394	['72jwlfqr', 'lxdcelk1', 'hcwuv519', 'byrpj1g2', 'gk1avld0']
6396	['geo7ac5i', '8rvhqd9b', 'sqxdwu6j', '9lwtmn6c', 'ysu5rwmi']
6417	['5esyjt0l', '6ti9w1pn', 'fbyq0nco', '6hoi1u8p', 'ataabyg3']
6418	['nmh6luou', 'wxxi37v9', 'fp81ceeu', 'c6svgwoj', 'hkh1crxr']
6445	['gtp5daep', 'kl3mfkoh', 'byrpj1g2', 'and9sood', 'rbgoabfk']
6455	['zp93k874', 'xy4m6x8d', 'u8rhmms6', 'cmeiqnng', 'k9mbmgvr']
6467	['q473xazz', 'm46vdpv6', 'yb9uyov3', 'ga5z3via', '54aruvbf']
6492	['k3mz6lf1', 'zbkx78mm', 'nfem3htm', 'cc23zega', 'n0zppf8v']
6525	['dn9nlcgs', 'ys7vovie', 'e8mk04uf', '7uoia564', 'ql1nx1l1']
6533	['ajzl3y46', 'tw7jsibe', '3rxis57m', 'vcl64usu', 'eahv0nxf']
6540	['sgj526ne', '9colibhs', 'omk29wlq', 'l57v4wnr', '748c97u7']
6545	['7xt894vr', '3nxmw97e', 'b68c8qwm', '6hnts5l2', 'z1onkz6u']
6551	['r0pzpont', 'fedv6m9o', 'n5sei1oc', 'n0uy6hd2', 'ad17mwtj']
6576	['1s8jzzwg', 'w0ebmg16', 'vx1hjh26', '9gn4jcu9', 'wn98fql3']
6612	['61ltmgyx', '2y0sfjv4', 'mhz8ycpk', 'vszlmtf4', '9cds5g5u']
6623	['uxxrljse', 'zzf2i2k2', 'dtja6m6w', '1mz44ole', 'etriddkx']
6625	['78d7vub4', '3u3i5myh', 'xhazsa7r', 'v3lcyzj5', '1w3x0g42']
6637	['pfb3l2u3', 'uk0hlynp', 'pyz2tnhk', 'q10pvwf5', '0cybfr2n']
6681	['xtraspw2', 'h7ftu3ax', 'w3ls1d7w', 'qsyqnwn5', 't3givxiy']
6685	['9gn4jcu9', '4vkkaqhz', 'qi1henyy', 'k4ubol2x', 'cg6v3yma']
6707	['8jhwamfv', 'ozj6zju8', 'xtlhhc54', 'lvvw1npq', 'po32j519']
6720	['vzdu9jwn', 'tp6co59t', '2cv0vuin', 'w3q41awj', 'to2wxs8m']
6738	['bzeqs5oh', 'u0jddsup', 'm69ceq2t', 'oyr4klqk', 'pa000mr8']
6747	['33wqmdnk', 'icgsbelo', 'cq5il80s', 'khymg0zr', 'k8wb51i7']
6749	['cfbj6ize', 'xj1nw76b', 'jwei2g97', 'inmof3qg', 's1h3p5s9']
6765	['4p6fcy8f', '848jmwgc', 'ykxr9q1j', 'pc2cnhjd', 'od5nnxvg']
6766	['incbwgua', 'dqlwamhq', '9gn4jcu9', 'o6dd2vu1', '2egb0ftb']
6773	['l9lni5d3', '4p6fcy8f', 'aawjla6h', 'oi5mqxso', 'pc2cnhjd']
6774	['olhgu24h', '4p6fcy8f', 'zc10b6j5', 'be4afbyo', 'c59vfq1o']
6778	['dsfbmhbj', '81rxs247', 'k4ubol2x', 'r5v2gi3v', 'q9bwvh0t']
6805	['ot1uz6vc', 'qaid1rop', 'ufniziwd', 'g0wujywh', 'fu685z9a']
6816	['dt8h6a0v', 'e37oh29c', 'trmwm9qq', '9aw78s63', 'ml27mexb']
6822	['02p4et0u', 'm46vdpv6', 'g0wujywh', 'cj3cpn5j', '5g02ykhi']
6829	['0gjzpef1', '8gogju5n', 'lm2qoahq', '7a8ym7uj', '5gq0wqej']
6833	['8cviwmi5', 'vprj63y2', 'br33p9xd', 'wdvuweiq', 'vhjzjdou']
6854	['eapwqsrc', 'lkb09vs8', 'okbjepet', 'ws7lp560', 'lsvf3hl6']
6855	['9kq9o5wp', 'pfa3h2e8', '5u63aqo5', 'awxo0osz', '8d6vcqr3']
6858	['9b6cepf4', 'ereh4ub8', 'qdw86v8i', 'zycgczqy', 'qi1henyy']
6864	['14he8n3u', 'cfbj6ize', 'xj1nw76b', '5aev7ltr', 'no45mgyd']
6866	['u95kg3m0', 'nles7ymd', 'fw211spn', '0b1dbz6q', 'yfoxndf3']
6868	['vge26qe9', 'ngywgodg', 'o78vcy90', 'sfm82h0g', 'foy3dsq4']
6874	['1adt71pk', 'h82s5xst', 'yuv6w9nt', 'g4ve91g5', 'sz072p5o']
6881	['gw9hkw00', 'x60fkihk', 'o61dn71v', 'khpv5dio', '7p68se56']
6890	['zq6oe8w0', '0j4ind0z', 'lxbnwed0', 'jp3pijw2', 'f74g59b0']
6896	['1s8jzzwg', 'wn98fql3', 'l8zfuhzk', 'w1bx4a7v', 'opjfy3xr']
6897	['ike8mgh6', '2bpyvgv7', '2tre0wat', 'l4y7v729', 'e63j8gci']
6900	['l4y7v729', '33wqmdnk', 'ike8mgh6', 'qdw86v8i', 'g4k0ksr8']
6901	['33wqmdnk', 'cq5il80s', 'k8wb51i7', 'icgsbelo', 'khymg0zr']
6962	['jz6o9gnb', 'qeqd4soe', 'cqi3r0xz', 'hert77y1', '2zu4jjkp']
6971	['zue5hnal', 'vprj63y2', 'yr69ctrj', 'cg6v3yma', '5z0xwlxp']
6983	['xr70oiv3', 'cdltu9vs', '5cno180i', '3mk8dwf9', '8mxj44n3']
6992	['oi8epg9m', 'ngpl6xs1', 'yx0u0iyw', '7b570emm', 'f3mvdpq1']
6995	['ohvh8vga', 'eydniusb', '5gldyo2d', 'uyrg5bed', 'gbpfypmn']
7001	['ngpl6xs1', 'me08w1ir', '7b570emm', '05vmhjjp', 'hzn3qus3']
7002	['9195zweg', '9k6uqs2q', 'n1q1wr9s', 'pm825xn1', '6xlk1n4e']
7007	['dsfbmhbj', 'stc36og1', '8o2xddof', 'jgbwd3ib', '9aw78s63']
7008	['9195zweg', 'g1o4t8ps', '71ixs3y4', '5bu0eafr', 'cwqsbwaj']
7030	['0njpdbv5', 'cpp2l8n5', '44anlvoh', 'kczhrxxd', 'qfrenkb6']
7032	['8l5i1z27', 't4y1ylb3', 'cj3cpn5j', '6sk97gc4', 'tn8houmc']
7036	['vp78d808', 'wt5qxe0j', 'hbyxy4ln', 'fjuehj70', 'qalficgu']
7039	['q9bwvh0t', '29z4q4fs', 'jveh2w09', 'z6sjfdb9', 'jlnc3u6q']
7049	['vrate482', 'asdcpvhx', 'tjplc5j6', '3xw4qjoy', '848jmwgc']
7056	['oah1to9w', 'le6d2l5i', 'i88ccp9w', '62bob168', 'a3lk2q02']
7070	['gw9hkw00', 'ljlsvc9h', '5jlohhmv', 'q7vv128t', 'x73moqog']
7109	['eywnnzxe', 'byw8jsqv', 'h9nzxlaf', 'b5eve7re', 'qh6fqna8']
7113	['ft4f28qp', '6ejzpqq4', 'suw0h7s3', 'phpijxb9', 'byrpj1g2']
7130	['hn6clwoj', 'bzeqs5oh', 'y9urkfnt', 'o476dtgd', 'cq5z8lqu']
7135	['uohbxoeb', 'jtgpzrf9', '0bh8i14e', 'a40yhtqk', 'bzeqs5oh']
7142	['uohbxoeb', '0bh8i14e', 'xm1000xv', '5aev7ltr', '28lojtvu']
7147	['uohbxoeb', '0bh8i14e', 'pa000mr8', 'mjb3ip7a', 'u0jddsup']
7152	['uohbxoeb', '0bh8i14e', 'm69ceq2t', 'bzeqs5oh', 'x7ybnese']
7156	['uuy94dwa', 'fw7yp9jv', 'hert77y1', 'k3m72uxw', 'xyuj1j57']
7170	['cucrqa16', 'nyvmlxqf', 'uppeztta', 'ax87r0bj', '3zl21avw']
7172	['721ofhsv', 'd6mt6nze', 'sfm82h0g', 'o78vcy90', 'k2qertx2']
7178	['5o0ihd3f', 'qp8jxcdl', 'h5fvf5ja', 'unbx6od5', 'nxh1su1i']
7179	['ivy95jpw', 'uwdzic4k', 'qkwmabna', '14alhxc3', 'rhphldyp']
7188	['7f5nywod', 'yadb7gwj', '2aslzgdk', 'i6mdlf36', 'fnedip6k']
7190	['qeqd4soe', 'sywxrxmf', 'wmocjiwh', 'jz6o9gnb', 'lm73oj21']
7198	['rpjg4a9i', 'uqeikj0m', 'cfd1x420', '6ukt0gbn', 'k2zrdjyo']
7199	['k457kqlo', 'cfd1x420', 'z1y1zgo8', 'awh8y9j8', 'z6sjfdb9']
7200	['88ivkkaw', 'k2zrdjyo', 'bdvnwrd4', 'hduwjbtq', 'xmtv0v6q']
7205	['vmijl5yu', '3kde69wy', 'blqukxw1', '8j3bb6zx', 'ucpdyk7z']
7208	['j6vs6izt', 'etriddkx', '51c22b8w', '9g0lo2e9', 'zqg1r6c8']
7212	['ixhaq0az', 'y8p78ep2', 'zcij2k27', 'et3c99w0', 't1ho5c9h']
7224	['ksqxfx8m', 'ce9jq0hq', '4kgnx00l', 'hjmjav50', 'ivug325f']
7232	['o1xsjx2p', 'o4vvlmr4', 'ptn9ntoq', '25aj8rj5', 'kmkeetl3']
7235	['hp4hmooy', 'b39i4v0t', '9mmdtgc2', 'q5wiqpcb', 'aqfrykut']
7236	['6ovv79ia', 'k2zrdjyo', '25bdifv6', 'r1m709hb', '56uzzrh8']
7240	['d5sxycaw', '25bdifv6', '6ukt0gbn', 'nnkul2r2', 'ptn9ntoq']
7242	['6ovv79ia', 'bakwk4tm', 'octtj2vf', 'smagtwzs', 'yaedocvp']
7247	['6ovv79ia', 'dm6pznm2', 'd5sxycaw', '6ukt0gbn', 'rpjg4a9i']
7264	['qkg8fwbp', 'vryngrq8', '86auifl6', 'lxqsc60e', '9x1d1kp1']
7265	['9hzbi2yi', 'otme0vmu', 'v53e7anq', 'vu7bq4b2', '4yp4beuh']
7297	['0n07fow0', 'mmr04tsm', '2y0sfjv4', 'icz0wnfb', 'utak6i4e']
7310	['zmk8bbcd', 'kc6dls2z', 'dwcu6vyp', '6e0yre69', 'h29zzmla']
7328	['78d7vub4', '3u3i5myh', 'yz8rtmc4', 'xhazsa7r', 'qgzc1moh']
7333	['4et61my3', '54aruvbf', 'zjpxfd7c', '7bhue8w5', 'k2qertx2']
7346	['dsfbmhbj', 'elu3dztf', '2my9o9fy', '9aw78s63', 'q9bwvh0t']
7347	['xthxesgk', 'icse3cz8', 'hgcsfxwo', '4ehxnzc7', '7g9fivhc']
7357	['97msfh4l', '68x50rni', 't13pehgc', 'jl9dcpui', 'te5qq8nd']
7358	['eywnnzxe', 'fypodr9a', 'c6p7hgh4', 'yhk50383', 'byw8jsqv']
7388	['cj6o6ady', '43uhmi0g', 'msg9j0lb', 'lricvxim', '9lwtmn6c']
7391	['0fpa1f30', 'i8byjktt', 'kfn2q7wt', 'iqr3zzqz', 'e1macqqm']
7423	['08xv22bc', 'w49i0xkz', '7np944lw', 'oeudi6lr', '2neevooh']
7425	['mx924s06', 'p485vc0h', 'b0g8y96j', '2f9vpqej', 'e4y6l4lx']
7432	['styavbvi', '0t5n87u6', 'b1g23kz1', 'ickzzm6y', 'yw81byd0']
7445	['q1nye2ih', 'lzwgyzdp', 'snlukr6c', 'u7ligk1k', '6j45mmjh']
7448	['b5yrfllu', '5aev7ltr', 'nfem3htm', '8dobncuw', 'pxo11hwp']
7459	['ljpeq5aw', 'i9jrobdb', '2f09vauy', 'p36ilfqj', 'q5wiqpcb']
7466	['9kk8pevp', 'qbj8n8h6', 'b68c8qwm', 'vnb7g17n', '0w9k8iy1']
7467	['9195zweg', 'n1q1wr9s', 'foopvh5z', 'cj7ygzfy', 'nswj8x43']
7478	['5jwuluy9', 'gln6e0t4', '6hoi1u8p', '0ockdyh0', 'l19nsvun']
7484	['82afil03', '4sqjvr3y', 'q0n5mad0', 'ea8yn819', '1tqwmy8m']
7489	['jo724gaw', '7g9fivhc', 'wkl3jyzn', '6hl55c60', 'l07q84ni']
7495	['1s8jzzwg', 'w1bx4a7v', 'w0ebmg16', 'sxi0tpsf', 'e0pbs354']
7497	['vj5ahoi2', 'n7kbk9id', '86xwnpde', 'n6lwnct5', 't9e774ed']
7498	['0jvoa3ui', 'b9b6ww9q', 'xshqu7qm', 'xzps65et', 'z22g03v4']
7509	['emg87q94', '16qdfits', 'okabnt0t', 'm0zvo2tq', 'xhkjbeam']
7514	['c0c60pyi', 'vgmzb03s', 'fhc1qf8d', 'nuzt4jcf', '5053t5ki']
7519	['iz5uzizo', 'hzbtd39j', 'hg1q14gw', '7hkowm2y', '46no7uq8']
7528	['6gb1za5h', 'buswbfd5', '5hhbdzam', '73jex4zg', 'fiicxnty']
7529	['3u3i5myh', 'z6elaxpc', 'unhrmzn5', '8l5i1z27', 'cj3cpn5j']
7530	['3u3i5myh', 'z6elaxpc', 'cj3cpn5j', 'unhrmzn5', 'ijzoa0yn']
7533	['svl5ks44', 'jwei2g97', 'rnq3k34m', 'tv1a1hwj', 'roi3lta6']
7539	['dsfbmhbj', 'amw2c96l', 'bh8zshy9', '79xnx9gr', 'qa1tbu6t']
7558	['tra5ewc5', '0clp6zt6', 'i1yf8fgk', '1s8jzzwg', 'lr20prun']
7561	['g4nceu64', 'axd0s9cg', 'cf3l8uzq', 'n119a7fx', '5tpkcd5z']
7590	['iu2frsec', 'd6wkv2rc', 'msut5gyc', 'jk5tczo0', 'wa5rxe76']
7596	['g9pwxfd2', 'svxbesi4', 'd0nj3fsa', 'zk831ou3', 'lrqt2gcw']
7624	['9colibhs', 'sgj526ne', 'wm3l1849', 'lv5s1bko', 'vvx3zukm']
7627	['v6w9mlsa', '9mdf927z', 'epzpua9t', 'xsk68m5f', 'hsdeesm2']
7628	['srmmmyll', 'rvny2khn', '1e8cy2j7', 'tb460wxd', 'xdll3xj5']
7629	['ewm8j8hg', 'ulmyc9su', 'yyfsnthj', '8u5tw2q5', 'od60es9b']
7636	['8iqs6jko', 'xtmn1n0r', '7ruoysxu', 'ordof7g5', 'w1bx4a7v']
7682	['75cnqi4v', 'psaq958v', 'ws3tfs1j', '8vx56qlk', '5ojyly05']
7683	['gtp5daep', 'jbs3d5xo', 'sdsmy0bw', '2r0a357c', 'zbr3kfv2']
7685	['cqsga44v', '9kfs73sr', '72a17h3z', 'me4v1qyr', '1v8xf5uy']
7689	['75cnqi4v', 'e8az2cw3', 'zq4ty9rw', 'hws1e4tv', 'ngpl6xs1']
7701	['4kfbs7j4', 'h7n8w2k4', 'cc23zega', '1mz44ole', 'vzloj6b3']
7713	['b9uc5gpv', 'fy9bxym6', '5chxk43x', '8796x4ne', 'mqu6d8sp']
7721	['ax3e82js', 'jz6o9gnb', 'o1xkgkn1', 'r76tqrwz', 'jiunpwz9']
7756	['wbsl6n67', 'irhizn0b', 'imheos0p', '0cnjtxyq', 'tn8houmc']
7759	['w0ebmg16', 'dq3qunwe', 'c59vfq1o', 'ximw03ej', 'wdvuweiq']
7761	['kfohrmhl', 'syv1rrte', 'cviheaos', 'heegb7pp', 'q17jutw0']
7772	['kwqdyhn6', 'lsokxqde', 'jq9hku2o', 'jl8d9z43', 'kvu0hgjf']
7778	['h7ftu3ax', 'xtmn1n0r', 'w3ls1d7w', 'xtraspw2', '4mx9t5td']
7789	['eq5qqshb', 'fq9wx29o', 'r2hovw0y', 'octtj2vf', '07cica09']
7801	['z2z0hu49', 'vprj63y2', 'eq5qqshb', 'o8lasxcb', 'd2s3170w']
7814	['p91vvukr', 'f07go7nh', 'ywne437k', 'lz6pbh45', '8hkxbxz9']
7819	['d26v1k1y', 'xi17qo6z', 'lkjsh3fu', 'my02g4vc', 'efajumk6']
7831	['jzu70l93', 'q6svfacf', 'csflacrq', 'a6gczznx', 'v9iq01dc']
7835	['44flnf9t', 'v6jjzs7i', '9lu2stp4', 'yx3j6373', '9zg8q0gk']
7836	['0jvoa3ui', '2la3hkzv', 'lsrpk3wc', 'go0tueah', 'awn23o8y']
7867	['zmk8bbcd', 'gorp9n1g', 'cfi5zhgu', 'p10cya94', '8jhwamfv']
7872	['0uoiifs4', 'vszlmtf4', '4fkg2pfm', 'gunn55f9', 'a66sszp2']
7894	['5vvyd0wx', 'tafg1xoo', 'xl3519jo', 'vbayngh0', 'uarsobci']
7895	['qfq1nfcn', 'y2zcwcic', '2fokjcjr', 'yu2qzp18', 'ereh4ub8']
7896	['ngbnnpni', 'uto9q6s2', 'nl1ud0rz', 'hbyxy4ln', '1qwq3jme']
7897	['828eqxla', 'dikrttn6', '72a17h3z', 'fqya0vnh', 'wqicq5ry']
7939	['icnjhhyy', 'yw8a1ssd', 'l0l2ev29', '69o6g1oe', 'yb6lmv1a']
7963	['mo1bj909', 'gcv4lmsr', '679ds029', '8hbll61z', 'hn6clwoj']
7965	['grx4gx95', 'ilt03dfk', '2scp98u0', 'sjkni2uc', 'm26xr9qr']
7968	['zycgczqy', 'lr20prun', 'xtmn1n0r', 'zue5hnal', '1s8jzzwg']
7983	['4iuxm6z2', 'hxpqexi1', 'v0y734lu', 'mpkli2xf', 'w750idb5']
7986	['bu5kfsfi', '6wsa54w2', 'e49rdu76', 'yu8dkk5g', 'a8u31pkr']
7991	['7cbxp6q5', 'vrttjv2b', 'bzxa0ajy', 'nh4dw75x', 'bzo4x7bh']
7994	['yg0ovmu5', 'io8mozoe', 'pyz2tnhk', 'ms7hst7z', 'r1m709hb']
8012	['qtzhfnr6', 'gqwwfpch', 'llcit7x2', 'be4afbyo', '1lggbkly']
8044	['u20e82de', 'zkdk2v5e', 'eipscagh', 'f6sm0w9y', 'ruwmeau5']
8046	['1vcc1khg', 'astxi4el', 'vl7eqzu4', '9ezhwvv9', '45r6aieu']
8047	['v72mveyu', 'eipscagh', 'wizlpkrk', '3sqy16rs', 't3qn61pn']
8055	['e3e48idb', 'ywvk6gu6', 'nq79qw82', 'zpv5f8pr', '1tz7y2sh']
8069	['lht6lhry', 'bpnqz1cn', 'q9d54z1s', '9s9ctu9i', '6teavsk5']
8070	['2btgsuz0', 'oy46vntr', 'xpwfoal7', '8i9xwogu', 's2jop0z4']
8095	['fiicxnty', 'qh6rif48', 'lxq991af', 'fz8ohqcb', 'nlv939ft']
8142	['i94boetk', 'fq1am5na', 'qopfltoi', 's96b0s76', 'vaeh5z4z']
8144	['i94boetk', 'fq1am5na', 'u2kjft6q', 'wq4jsc4x', 'bnhwbaqj']
8179	['9195zweg', 'n1q1wr9s', '9k6uqs2q', '8so80bf9', '9ei6ubx6']
8191	['ynaxwnlp', 'qh6rif48', '98pujiph', 'vh3qs9xv', 'z795y51f']
8223	['0ogmwreb', 'ue58uvot', '52x62y5l', '8vnsrvws', 'l8zfuhzk']
8239	['gtp5daep', 'psghawl0', '4pyx0xps', '868txjrw', '78wu4kgv']
8247	['ihlkhh2d', 'rg3iygo4', '5q6cnfse', '3udfl0a2', 'f6li7qil']
8249	['ybwwmyqy', 'sxx3yid9', 'ouvq2wpq', 'fiicxnty', 'k10wpya8']
8250	['lyhdeks1', 'i6u1x0xq', '0j4ind0z', 'frxriw9v', 'ryj83uw3']
8270	['56u8u50l', '5vp2r2bd', 'etfweo49', '22q7tngp', 'gihjcu73']
8281	['jn68rbvb', 'yq6jhupe', 'xziy99uo', 'c1db9jlv', '0qnvydux']
8293	['jcq5omdq', 'pvrh2mqa', '250glj07', '9od5fthg', '7bvwlis6']
8309	['h8x5cpz4', 'g3hujz5o', 'cvoef8qt', 'egn81atf', 'k6cumncp']
8311	['m69ceq2t', '6nsoj5we', 'xj02160p', 'u0jddsup', 'lht6lhry']
8314	['0bh8i14e', 'uohbxoeb', 'bzeqs5oh', 'hn6clwoj', 'a40yhtqk']
8315	['feovbv3v', 'icnjhhyy', '4mp1iu55', 'kee1crfe', '3v240tcz']
8316	['j23pvlj9', 'f3mvdpq1', '60sbhzfs', 'w036x5gr', 'xd5uhah4']
8321	['ba5h6uhu', 'qbj8n8h6', 'zcnr1e2f', '6a728le9', 'xq525smx']
8350	['io8mozoe', '5eo7wfle', 'tdxrx9se', 'deas7kr0', '4cy3er3y']
8361	['nzc9essr', 'dfhxcqr8', 'y8boml8i', 's3o9v1fl', '6pruwy09']
8369	['9ixpj162', 'v5beddu4', 'xzuynia2', 'b4mjo92p', 'cwdtyr1v']
8381	['tbs3b4ww', 'ay69e8ad', '5vbik12k', 'lda1tyuh', 'aq2iz9tq']
8388	['m4hwwhux', 'x88qugn9', 'pwvcwlh8', 'b1iyr42n', 'nvqv99ak']
8392	['039k70vs', 'gc9eg5j3', 'dksw5yzp', '4mjg7jul', 'ixnko86u']
8410	['qibt88f7', 'ydv0hc0m', 'hnsv4ov0', 'ib92zi1s', 'd3pxk5tr']
8434	['9nyfz7s2', 'mviiowbw', 'qgxo9cr7', '6r4jyop7', 'spicb5h2']
8439	['m2bmp8s8', 'yamabj5e', 'b31ctbat', 'ppe8br4z', '9xpbwf9c']
8440	['n5kgdoln', '01bjz2qq', 'y0mbzzx0', 'n9nh9k40', 'h7n8w2k4']
8443	['h4cu63cm', '3t7zln1o', 'rtwr4a1w', 'h82r1ttc', 'ja3v0wua']
8444	['glxt2q6f', 'h4cu63cm', 'joy8utv1', 'pxo11hwp', '5dgggmv6']
8446	['dt8h6a0v', 'xm1000xv', 'ilt03dfk', 'a7nj8sgl', 'glxt2q6f']
8447	['h4cu63cm', 'hn6clwoj', '5aev7ltr', '3t7zln1o', '8hbll61z']
8449	['h4cu63cm', '8ljnxihr', 'ooy5nf1d', 'c0i45oix', 's0ca1r5s']
8451	['h4cu63cm', 'c0i45oix', '3t7zln1o', 'ifxm3j4y', '408m4t00']
8453	['h4cu63cm', '3t7zln1o', 'c0i45oix', '8ljnxihr', 'glxt2q6f']
8459	['c0i45oix', 'h4cu63cm', 'fff0swre', 'io8mozoe', 'x6cozo6b']
8467	['2zu4jjkp', '2v6zigt8', 'obhm5mc5', '8f83k2ce', 'y1vjka66']
8470	['glxt2q6f', '8ljnxihr', 'c0i45oix', '679ds029', 'h4cu63cm']
8479	['gv8mngz9', 'ywusapij', 'ef3qmfxk', '4fkg2pfm', 'hed6x22m']
8483	['iu6epm2i', '46swnjb4', 'nom4z0tv', '5351oj7i', '208w0eyz']
8498	['vkf5njfz', 'ug239kup', 'e9ntnp5r', 'b5eve7re', 'h3tor88n']
8505	['hz5vigp0', '3o91v72a', 'wh9vvgv2', 'h1wycwxc', '47p4g80o']
8508	['ii0ceksc', 'k457kqlo', 'ofgv3p8y', 'bctb0ewu', '94w1sbsb']
8511	['8xgp6nhy', 'c6p7hgh4', 'xkqajjgw', 'mo3y3mau', 'vwrhypnl']
8516	['suw0h7s3', 'l6kcpnbj', 'g77vjcjr', '9tl8qibm', '104lecie']
8518	['wb1apvn2', 'd0s3vl2w', '2ccxiqea', 'qv1xfrg6', '32z7b3fp']
8519	['rb20ge7e', '7xnga86x', 'ljlsvc9h', 'fnguelau', 'gw9hkw00']
8520	['6rpm4phy', '2erwhb66', '72f64kpf', 'lxq991af', '0ho4f5wg']
8523	['vkbsxz7r', 'io8mozoe', 'd60chk12', 'enkjb39u', 'v0frkv96']
8529	['9oejm9sc', 'octtj2vf', 'wcq3qqt4', 'db8fl9d2', 'f4jx3b2q']
8533	['dngs5tbw', 'b9b6ww9q', 'ghabnnv0', 'gtp5daep', 'pppb83nc']
8548	['nr0fu2qb', '92z77upt', '1s8jzzwg', 'zl4ixyg1', '9mn6trtn']
8550	['60en5zy7', '8g70j0qw', 'd2pzezq8', 'c8f8yqpp', 'fe14iohb']
8556	['icnjhhyy', '3v240tcz', '6eivv0d9', '4mp1iu55', 'bnr1r48j']
8587	['y42gcbj0', 'h5xvrtfy', '7e3kiox2', '0gn3b98n', 't3b2adct']
8595	['jo38hjqa', 'w98847ai', 'ereh4ub8', 'y2zcwcic', '39mfts0g']
8605	['hvy73er8', '24ie3mhq', 'br0hhzmn', 'w3jyovd2', 'cjfn4dna']
8614	['h7vqmlq9', '3o5c0l24', 'xvpn9dvf', 'o8gdpf0i', 'qb1f03hz']
8630	['aawjla6h', 'n1ysi7qc', '1r9975o8', 'dztaijzu', 'dq3qunwe']
8646	['x9rv72dl', 'rwi2rlwt', '2cv0vuin', 'w3q41awj', 'yx9ygiss']
8665	['73jex4zg', '5hhbdzam', 'ckx6wxxk', 'b03s7wsw', 'fiicxnty']
8669	['h7ftu3ax', 'u8mu4yga', 'y43prnko', 'ef3warsh', '5gldyo2d']
8678	['ihgxtu8g', '3c1fujrd', 'zonv6csa', 'nc2sh98g', 'k0oket8b']
8679	['htitgh0v', 'vkf5njfz', 'z94005i4', 'vxavox24', 'scc9wee0']
8683	['ksqxfx8m', 'g2j4uqem', 'p3ytwqeg', 'uom5r1pf', '4kgnx00l']
8685	['hygxwl2f', 'cvoef8qt', '2bpyvgv7', '9txgtl28', 'xutbbxpr']
8695	['cymppa7g', 'l6lhmb4j', '33znyrn8', 'bk3ss63e', 'nemkary2']
8708	['vw8a1994', 'kxx3szjq', 'qjvgiehe', '8pislcjr', 'glyoiu93']
8715	['nr0fu2qb', 'jb455t9p', 'h3tor88n', 'vdejfuuy', 'lyewg2c9']
8717	['nr0fu2qb', '1s8jzzwg', '0e97tdez', 'xtmn1n0r', 'nv1w6juh']
8732	['u3ympejy', '5ah2yf59', 'wku1sd9k', 'nagj4wh8', 'jvo0nk3w']
8744	['9oejm9sc', 'vndj6f7w', 'wcq3qqt4', 'octtj2vf', '33wqmdnk']
8746	['octtj2vf', 'wcq3qqt4', 'pw58gayr', 'ey0r1py7', '9oejm9sc']
8770	['ljpeq5aw', 'p36ilfqj', 'uyzalds2', 'q5wiqpcb', '2f09vauy']
8775	['18swtk61', 'zcwh1892', 'ybcr7clp', 'x924tb4t', 'h4sbz3md']
8777	['ruewzstg', 'yrhb6ktc', 'ybcr7clp', 'sr9qxnu2', 'tn8houmc']
8793	['vd1lldjj', 'q9d88fxx', 'fqdv3ohv', 'pp373xuc', 'y77rbrnd']
8800	['rpjg4a9i', 'eo1uz3g2', 'cfd1x420', 'k2zrdjyo', 'c187k4yc']
8814	['pm825xn1', 'cj267zcl', 'gdyntyxk', '1mz44ole', 'g2j4uqem']
8838	['vx1hjh26', '1s8jzzwg', '0yysikc1', '84z7jgcl', 'nom4z0tv']
8840	['582ld85p', '7tye4psd', '7j5zmg8w', '2qre0gc7', 'l7zlby4y']
8862	['06yuz5pn', '3kjckx8o', 'eg5snpzs', 'vmmztj0a', '73oe5as9']
8875	['d02grfth', 'k8yp9p0g', 'whm2wkx2', '03gs6o4y', 'umqcuul5']
8882	['juxgkbwv', 'ov5wzfra', 'yj62tnz6', '8flh54lv', 'cn0hqvsz']
8925	['xwghd9ut', 'ledopkwj', 'bck22z87', 'td8uwcas', '8m59whf9']
8927	['xwghd9ut', 'uqfwx4nk', 't2np6qa5', 'iy1enazk', 'l5ogbl5p']
8943	['1vd4j3qc', 'n5c0hcwn', '3cr97dii', '9uxazk87', 'os0sslxc']
8949	['u0jddsup', 'hn6clwoj', 'oyr4klqk', 'zbi0llig', 'oud5ioks']
8954	['d6a6nagk', 'unql24hw', 'p6uliadr', 'oud5ioks', 'zdfx3zo3']
8961	['9h4zzo5q', 'g4hlvnmq', 'k7b8wj56', 'xfcqbfse', '8x3lqokw']
8963	['mhj9o5z5', 'jz6o9gnb', 'hcooar1n', '6a1fl65b', '5f95gve3']
8974	['cu56p0hw', 'incbwgua', 'icnjhhyy', 'nc60nlq7', 'lxzmiehr']
8978	['jbpmbm9m', 'hpbcwiwf', 'tzdgc3dw', '2u9eenwu', 'ex6dyr77']
8996	['9jfclm9c', 'puozp4hy', '9yl6lg4y', 'qqe331ok', 'v5beddu4']
9000	['xolflz8g', '96mcmf2g', 'x6cozo6b', 'h7f3bkc2', '01h205jf']
9013	['r1wh54q1', 'k457kqlo', 'rpjg4a9i', 'cfd1x420', 'awh8y9j8']
9018	['mwvcd5eo', 'dmrtj9xl', 'tz5jajeb', 'vori28fm', 's4l216x9']
9029	['qibt88f7', '6qai5sev', 'uqfwx4nk', 'f4jx3b2q', 'rfv0omd6']
9035	['ebbaw3td', 'awh8y9j8', 'mz1bof2x', 'k457kqlo', '2yrgy2y2']
9037	['r1m709hb', 'd5sxycaw', 'zsygn29p', 'vu1f1hp6', 'gi21di4d']
9043	['6kbdxhxv', 'lme6vcqs', 'kkzahuz9', 'uipe62sc', '1n0qw2a5']
9044	['hnx43l5c', '7pqy0ejn', 'eywnnzxe', 'ga1fks7l', 'daj5g788']
9051	['25aj8rj5', '9kfs73sr', 'p7cbnrji', 'ky5env7t', 'geo7ac5i']
9059	['j46bet38', 'jtwb17u8', '8d0zb0lw', '8of3u2sc', 'texmsvyt']
9061	['io8mozoe', '25bdifv6', '4cy3er3y', 'vvuaegse', '9oxajwkk']
9062	['f3eogz0n', '2cwvga0k', 'ztc4wvlw', 'vvuaegse', 'auy3c2e0']
9064	['fgj2lvbg', 'm45teajz', '0t5n87u6', 'hb3wcm04', 'wqu8dm15']
9076	['f37ezj1h', 'xyuj1j57', 'hay91kuq', 'fwvgmub2', 'had5tqie']
9103	['n86w4vkx', 'ghabnnv0', 't30yubp6', 'gtp5daep', 'uexahhdr']
9105	['s6lev28f', 'hphb36km', 'y3vhezw8', 'f0t6n2j1', 'w4m9agd0']
9119	['wtovv1jy', '4iuxm6z2', '3u3i5myh', 'xmd8fh95', '6zjzy0ft']
9122	['lme6vcqs', 'uipe62sc', 'mpthhazv', '1n0qw2a5', 'frr4vu0w']
9128	['3u3i5myh', 'mq4elsnc', 'c8krivoj', 'cieh5gyp', 'ypqusgs3']
9129	['gfb11r1i', 'irhizn0b', 'vhjzjdou', 'tn8houmc', '9fsk7ftz']
9163	['egn81atf', 'zzscey1f', 'hygxwl2f', '52lf5gzr', 'zrjvpoq0']
9164	['r4btmprw', 'oyplh9cn', 'yf3z913h', 'ho6qjkyr', 'tgrh7ap4']
9181	['ax3e82js', 'o1xkgkn1', 'iali360u', 'xuiswu2l', 'dqhdws5k']
9183	['od0y5ruh', '5d1131zt', 'oz047qmf', 'ewbtb3yc', '5nt99kyu']
9210	['xi90m4jk', '9kq9o5wp', 'a4klrp3h', 'gckr8h1m', 'stn5gl2b']
9213	['o4ri7t16', 'dsvmh7t6', 'k4k3kcrh', '2bm389su', 'ph7lkuus']
9218	['tra5ewc5', '9mn6trtn', 'uyb0of5p', 'qi1henyy', '0rzaa0fd']
9222	['tra5ewc5', 'i1yf8fgk', 'f4jx3b2q', 'pu12u627', 'h7ftu3ax']
9243	['tmnfcs7r', 'ofgv3p8y', 'gxk5t1yp', 'bdcwowci', '5sx04n3x']
9257	['2kd89h12', 'aaxhrecp', 'jki3gdxl', 'tgqcnfa0', '8nil3u2k']
9260	['09q2so3j', 'xzps65et', '9jfclm9c', 'tvg6q8cw', 'l63d9lyd']
9272	['y6ufb4l6', 'piap9pr6', 'o0m20894', '8v9chk6j', '3qtxnbb2']
9278	['uk6whrhz', 'x6sdpk6v', 'mtq19xku', '0fpa1f30', '3p2cuxk0']
9287	['a4kjk836', 'gz84xy6q', '3bwqbe5n', '80dfqjql', 'k9xhphpl']
9292	['s44gtutu', '6hnts5l2', 'wkz2ammt', '9x1d1kp1', '86auifl6']
9300	['0oq0xmzr', 'bv7hvc1e', 'xy4m6x8d', '7ec2jcoq', '1qvkl05s']
9323	['qibt88f7', 'jb455t9p', '4jx0oq65', 'ib92zi1s', 'lyewg2c9']
9347	['j0uojajt', 'dt7hip0z', 'dqhdws5k', '1vj9p7vm', 'pindjvhk']
9356	['o3bp0837', 'ueb7mjnv', 'yuppix3r', '4vq9ljlg', 'bzn7wd36']
9359	['mio282vy', 'wr9ko6l5', 'gzk9xbzk', 'a7ve0dud', '1hfvmyfs']
9371	['axd0s9cg', 'g4nceu64', 'cf3l8uzq', '1l10diya', 'tuqp3ngs']
9374	['u3ympejy', '5ah2yf59', 'jghu52qi', 'ez1l3m4o', 'cmry8aea']
9378	['2aoyzj2b', '5tdmh0ac', '2yrgy2y2', 'd0cd89hs', '5t5l5rrx']
9417	['v77n1vbf', 'sxl49cs3', 'jc245v1o', '6hl55c60', 'xmjj1s5s']
9418	['spfc0fc0', 'mjb3ip7a', 'd6a6nagk', 'jtgpzrf9', 'hn6clwoj']
9432	['k0eheo71', 'qbj8n8h6', '6j45mmjh', 'ge8o93rh', 'bcttenl4']
9450	['25aj8rj5', 'est5jx7g', 'ocl5qf9o', '3cl3q80m', 'cgnofutd']
9454	['2wco7m0c', '0b1dbz6q', 'nles7ymd', 'mopk56p5', 'u95kg3m0']
9472	['p71adezi', 'tnkkas7x', 'itx70h27', 'm0zvo2tq', 's599iazh']
9481	['barindjx', 'prqrsb3c', '8a7vbqg4', '1itor6ic', '4jjuwc9r']
9483	['hnx43l5c', 'tmwt9yd6', 'zd2brx1f', '2qcuygax', 'cc23zega']
9497	['d3530i86', '0eftiyuw', 'dptapovm', 'ztwemu74', 'oa5yvpn7']
9510	['1s8jzzwg', 'w1bx4a7v', 'i1yf8fgk', 'x9sfgtim', 'ropgq7tr']
9512	['oijl3pjt', 'itxde5mw', 'ropgq7tr', 'x9sfgtim', '1s8jzzwg']
9517	['hert77y1', 'oqhmvpjm', 'ivy95jpw', '9briyvuq', '2v6zigt8']
9537	['6wsa54w2', 'c0c60pyi', '88vj8czi', 'm5udbs4f', 'i4lg3x9r']
9546	['j4hnitqx', '3bbiyucq', '3014grzd', 'w3jyovd2', 'skm4qtgx']
9589	['4jjuwc9r', 'prqrsb3c', '1y1ik2u9', 'pm3ck1gk', 'sdsmy0bw']
9590	['mnjy6bq2', 'b9b6ww9q', 'xtraspw2', 'vx1hjh26', '1s8jzzwg']
9604	['clk482qk', 'sni1e160', '8vx56qlk', 'rcrok8lr', 'ikacd7ls']
9608	['ug239kup', 'e9ntnp5r', 'nwb7qf9l', 'uyzalds2', 'kt6rs1zo']
9614	['soa71kwx', '5zp3p2g3', 'coh92gm3', '2jwuzfan', 'jr92ou2e']
9624	['pg69ww3a', 'vww8d1ew', 'q0a6b8jy', 'b4hl6fnw', 'wrl7buxr']
9630	['x4zuv4jo', 'bv7hvc1e', 'pxo11hwp', 'xy4m6x8d', '8zufbeuz']
9642	['1hobsclz', 't0s5ufzv', 'vpz3o29f', 'hfc18le7', '4iubzi36']
9656	['fiiyythk', '914oafkn', 'tbio295u', '5sauy21h', 'p60xy2ki']
9664	['eia1mvaw', 'o25o8ejg', 'zv351n3d', '3km6yfr6', 'mttosjh7']
9687	['pxpghfhq', 'l2ak5ygj', '7kxi7px1', 'g1o4t8ps', 'lavcsqov']
9691	['nbqne4wp', 'xuug2eyn', 'xxuctcyq', '7fe2vdm7', '9kf9anqf']
9696	['d44561hh', 'eomtjrgc', 'h4sbz3md', 'f74g59b0', 'ksvw62gl']
9713	['fm8gril1', 'hbvwm62l', '227l4bzl', 'odlf9z1w', 'cxqzo58q']
9718	['3ees74tt', 'krh63hqp', 'aclzp3iy', 'cwreauh8', 'fvooetuj']
9725	['jr92ou2e', 'b9nsh19x', 'y7v9zc6w', '4socpj73', 'yrbgdica']
9741	['nq7yzfhi', '3343ifqd', 'u3ihnglr', '7k8nlea3', 'vxv7pq8v']
9744	['ewg9d4ei', '9rxv6fy9', 'b22cioi2', 'x7ffgtrd', 'fyzmun11']
9745	['0vy5yifk', 'wcmxmahq', 'kyoa5gsf', 'e6miaabh', 'pcekcvwr']
9753	['52lcpf0x', '9e3mxt1a', 'aupjlpfm', 'h2uc7ria', 'e49rdu76']
9759	['9nyfz7s2', 'wdj7o7kn', 'ruegzkoo', 'vqlnd5rx', 'j81mq3nr']
9760	['t6rxsiat', '1jtln8wc', 'f0m3wuyj', '0clp6zt6', 'bfcz49t9']
9761	['t6rxsiat', '1jtln8wc', 'f0m3wuyj', 'hruge79z', 'xre1l41y']
9768	['89fglwvk', 'g5ftdku9', 'ttvlddm2', 'tki4l0gb', 'g5k0po72']
9771	['33wqmdnk', '9b6cepf4', 'qdw86v8i', 'f4jx3b2q', '5vodag6c']
9794	['dsfbmhbj', '81rxs247', 'q9bwvh0t', '23n5r8qj', '7a7oi5dt']
9803	['qi1henyy', '763v4duh', 'iu1d9i57', '2tre0wat', 'tra5ewc5']
9813	['a3efmczu', 'yx0u0iyw', '25aj8rj5', 'k6txwaul', 'llo64qbp']
9814	['a7nj8sgl', 'tc21pcjw', '3o5c0l24', 'zh8wzza5', '7kxi7px1']
9816	['gsrgf4dd', 's19w1p2i', 'gvp58frm', 'kwutlh8k', 'h3tor88n']
9819	['l3k9bb5m', 'zmkvs7e7', '81c2mn2c', 'lht6lhry', 'fe14iohb']
9825	['hqapg5ow', 'ximw03ej', 'umvrwgaw', 's19w1p2i', 'nz5r48y1']
9828	['gbrf7fh7', 'gvihovvq', 'jvood8ur', 'vccct6hq', 'g0g84bqy']
9836	['k5t5rjhe', 'cdltu9vs', 'z94skip6', '9n28nniu', '92f2xg0y']
9840	['jjh1z5c6', 'vnijpl9l', 'cn3d6j6z', 'pw51kd1r', '5s1zz2lm']
9872	['gtp5daep', '2r0a357c', 'msut5gyc', 'jbpocl1k', 'ax87r0bj']
9924	['53v1olqq', 'wr4r7jd8', 'zueprmdz', '1jtln8wc', '9nicryzs']
9933	['wtovv1jy', '660gckc7', '2kft1r3l', 't2gxkxxd', 'soz9p0yd']
9937	['1s8jzzwg', 'w1bx4a7v', 'x51jorbm', 'eay6qfhz', 'nr0fu2qb']
9940	['pxpo8jni', '07scv3kv', 'a6gczznx', '00ia8k0b', 'knlc3bxh']
9953	['ivy95jpw', 'x8erq4pc', 'lht6lhry', 'hert77y1', '2v6zigt8']
9958	['rh2jrojk', 'ultl3rpu', '88mhfqkq', 'd21lvneh', '1l4o9pko']
9959	['mtq19xku', '0fpa1f30', 'y8p78ep2', 'v2tehu35', '0illlel7']
9960	['rog0fp93', 'zcnr1e2f', 'opckeugf', 'kcuf5x8k', 'jfftgjta']
9965	['vmmwtdia', '5s1zz2lm', 'k6cumncp', 'hezheq49', 'ce1a9k8b']
9997	['0vwspd6l', 'rc6cza9r', 'bran54ku', 'p8ckcvyj', '0w905c2x']
10006	['4p6fcy8f', '5vodag6c', 'pc2cnhjd', '607lsqlg', 'sijfzd2o']
10008	['qdw86v8i', '33wqmdnk', '9b6cepf4', 'q6ho9pdk', 'db8fl9d2']
10011	['eys1k8gb', 'xxm6o1l1', 'nrhk8ctf', '8lqb9le5', 'vblfew3o']
10018	['eys1k8gb', 'o43e6aid', 'onbq7hia', 'ziaiufzs', 'xxm6o1l1']
10025	['18swtk61', 'rr0v0ju1', 'zcwh1892', 'kr4sr1ae', 'park7t3g']
10027	['v5beddu4', 'us11gvdn', '9jfclm9c', 'irx4pcsx', 'l63d9lyd']
10107	['p91dk324', 'utc0qrax', 'b1s3ubm1', 'brt7cr1z', '2dvljm27']
10111	['1s8jzzwg', 'qsyqnwn5', 'ximw03ej', 'xtmn1n0r', 'h7ftu3ax']
10125	['9ezhwvv9', '0cnjtxyq', 'x9sfgtim', 'ropgq7tr', 'w1bx4a7v']
10137	['35xqlryc', 'uo3ww8j4', '1s8jzzwg', '8lyipugh', 'ca3h96bx']
10140	['u5rbvc3i', 's10kzuf1', '05lgp662', 'q77tr31d', 't0zphgfl']
10146	['kxx3szjq', 'zouscolw', 'vw8a1994', 'tlr00tz3', 'vqbs5ot5']
10167	['01h205jf', 'klqji8gj', 'iha9gjt4', 'u0vg1305', 'ag18sokf']
10182	['5azti19e', 'n2ih64pz', 'ajzl3y46', '3u3i5myh', 'j3letcou']
10186	['lghvztz8', '1t78tt1s', '1peg3502', 'fpexa30s', '7x9jzge5']
10202	['v0f5vxk0', 'fyy42zaf', '2neevooh', 'fy9bxym6', 'y442ugst']
10223	['kl3mfkoh', 't1mbyvs0', '3akrube4', 'z22g03v4', 'j7iis8h2']
10228	['gtp5daep', 'k6cumncp', '66g5lpm6', '122yi9np', '8xf8u6bg']
10238	['krg8jvfz', 'b5eve7re', 'ptd57hee', 'utak6i4e', 'wt5qxe0j']
10246	['cfbj6ize', 'xj1nw76b', '5c1e0770', 'dcli6uaq', '72s5lbz1']
10253	['d8lmft7i', 'aqutzlx4', 'joscglfp', '4mlz5w0j', '3b63v8ja']
10262	['gd19rkm2', 'xua4f77e', 'uyy8zytj', 'smagtwzs', 'r8lv1zzx']
10268	['m26xr9qr', 'tmonjdrp', 'gqwwfpch', 'qtzhfnr6', 'c6lilxk3']
10295	['eia1mvaw', '4jnppfco', 'o25o8ejg', '9wnkmn27', 'n3nwra0o']
10306	['h2sza0if', 'umvrwgaw', '8dgahmka', 'ua7hsfma', 'sxi0tpsf']
10315	['spkjn8bq', 'm13ndhaz', 'gof2of9o', 'nhkd88yv', '6r4jyop7']
10327	['q0tu1pja', 'gg5c8v7d', 'vbnke2q5', 'aizquh16', 'dx2cx9lx']
10329	['fu685z9a', 'f6li7qil', 'ihlkhh2d', 'rg3iygo4', '5q6cnfse']
10333	['bu5kfsfi', 'x0iartdn', 'm4fcw7lk', 'mpuhbr2p', 'd3530i86']
10337	['bu5kfsfi', 'e4y6l4lx', 'r3qhzqt2', '6r79qt66', 'yw5lzibk']
10340	['1wcfrvnd', 'ccat4lyb', 'ewf1z1ee', 'f9vxfk68', 'okh5z7m1']
10346	['ylojjfri', 'ta3zlz4z', '0zun27k4', 'ypls4zau', 't93vc14m']
10370	['mfyurey2', 'mqyu72nc', 'dr067qlf', '7ddw02f7', '2uwnamao']
10395	['8r7hnpij', 'wl7odjo2', 'dyb4bl65', 'njivwikk', 'e5nbe3r0']
10430	['on6ss822', 'm5siraig', '6zfpcm4j', '5tdmh0ac', 'v6w9mlsa']
10431	['5al7jmeb', 'g1o4t8ps', 'orddpgl3', 'tn8houmc', 'q6ypq90z']
10434	['cfbj6ize', 'xj1nw76b', '5c1e0770', 'ujy4i5uu', 'dcli6uaq']
10442	['cfbj6ize', 'xj1nw76b', '5c1e0770', 'dcli6uaq', 'hfk8nikl']
10449	['mfziqu80', 'd06npvro', '1zuhilmu', 'ph7lkuus', '2h4cat6k']
10454	['ovd98r01', 'dp274ls4', '79xw1nof', 'fety7g0q', '0klbjvrj']
10465	['be8eu3qi', 'iyw43izp', 'aizquh16', 'dx2cx9lx', 'o8nf7nd0']
10468	['tlknj4hm', '6hl55c60', '250glj07', 'ccjzc1x0', '01c1hxav']
10490	['8lzpz58y', 'ikon1ktb', 'fsl4veps', 'ncfvllzi', 'w50gorzr']
10493	['n5qfwl57', '8lzpz58y', 'wf72fra8', 'uom5r1pf', 'waujy98e']
10497	['rowmrr84', 'n24k9s1s', 'waujy98e', '4kfbs7j4', 'uom5r1pf']
10511	['s7v66pvg', '4mp1iu55', 'icnjhhyy', 'ibnudp1x', 'il4wa97x']
10528	['3znsneqq', 'y74qhqw7', '3c1fujrd', 'rvfxcqvu', 'i88ccp9w']
10530	['m4hwwhux', 'd2pzezq8', 's82tyeis', '227l4bzl', 'opda8pjy']
10558	['eo1uz3g2', '1kubts7j', '1tz7y2sh', 'ey34e59f', '0lk8eujq']
10563	['4py6l839', 'fe72aj3a', 'ihgxtu8g', 'waerqfzu', 'fduwznu7']
10580	['8dgahmka', 'ua7hsfma', 'zq6oe8w0', 'w3fxltzw', '83lgqe5c']
10582	['b1s3ubm1', 'p91dk324', 'fhxgzm2i', '8u5tw2q5', 'brt7cr1z']
10583	['h4fo8h90', 'z1gnvb6i', 'n9nu5n44', '963hkkiy', 'uzry86hi']
10592	['d81rq6b9', 'l9lj98b1', 'jyxrk9bz', '7fyhx6c2', 'jtb71lfd']
10599	['pz3e9y4i', '1bqohjst', '9z1caxee', 'z7o5vt6p', '1oiqa5zg']
10608	['3m9yonqe', '1ov3eydq', 'dqhdws5k', '7esjlc7i', 'm0598zrc']
10618	['ivy95jpw', 'l97yi8l9', 'jz6o9gnb', 'hert77y1', 'roe6g61u']
10647	['d2pzezq8', 'konern28', 's82tyeis', '8g70j0qw', '60en5zy7']
10665	['nr0fu2qb', 'qi1henyy', 'iu1d9i57', 't0iw2vod', 'x9sfgtim']
10682	['wfa5fb3r', 'bqn29m9k', 'styavbvi', '0041cay9', 'g4ve91g5']
10685	['8gub6wmy', '1pbo1qlb', '4qp083h4', 'nvphu1fm', 'h8tv2u77']
10702	['me4v1qyr', 'dikrttn6', '9enbrd6h', 'o5zkv42f', '72a17h3z']
10716	['gefb43hh', 'xs8w9shx', 'qpnjloe6', '0qnvydux', 'wx5zq7jt']
10722	['3jigt8mk', 'ghssymgb', 'iqr3zzqz', '9k6uqs2q', 'aj885nl0']
10733	['byvsuvn0', 'oh5wm5qc', '3xzivp7d', 'is9a77dk', 'rtus1qyw']
10735	['r4btmprw', '0041cay9', 'vjubia8r', '811lov8f', 'w3m884ng']
10741	['g5ftdku9', '89fglwvk', 'xshqu7qm', 'ttvlddm2', '44hifagu']
10745	['tra5ewc5', 'qdw86v8i', 'ike8mgh6', '3ttyxjgi', '33wqmdnk']
10752	['0041cay9', 'f5ehif2w', '9th9mm7e', 'f2det6w2', 'ftt4diu4']
10758	['61ltmgyx', '60sbhzfs', 'xtlhhc54', '6i9yw83j', '4yp4beuh']
10763	['msra1ghp', 'o1eecluy', 'ziyzdcmg', '2ax0z8r6', 'rvfxcqvu']
10768	['ax3e82js', 'r76tqrwz', '0r580il2', 'ultl3rpu', 'jiunpwz9']
10777	['p4ejdth1', 'tyqeguyf', 'd4upbc3v', 'sqvdlnyj', 'm5a8toj9']
10781	['66fi7e69', 'whh34bjb', 'eo89w6qp', 'nmrxjal1', '5kz2s7ag']
10789	['llcit7x2', '5zn5mgi9', 'ykxr9q1j', 'tz2shoso', 'fxvro3wl']
10801	['epzpua9t', '83re9176', '9mdf927z', 'nq79qw82', 'v6w9mlsa']
10822	['a2xg7v07', 's23d5pns', 'se8tzya3', 'd7tk12u2', 'q6svfacf']
10824	['i94boetk', 's96b0s76', 'vaeh5z4z', 'hsgmg99x', 'hzbtd39j']
10825	['7j5zmg8w', 'zdfx3zo3', '8dh4xvph', 'c7jhbxcb', '9wnkmn27']
10849	['jqueo6zg', 'shlom61r', 'odlf9z1w', 'ir20eiqr', 'aq2iz9tq']
10868	['gsvzkivp', '88ivkkaw', 'ixvsemvw', '5reb2q82', 't1rtrbtd']
10886	['dwgxrbag', 'vmmwtdia', 't2gxkxxd', 'qv31t2vh', '44m1nfb7']
10892	['gtp5daep', 'ax87r0bj', 'ghabnnv0', '1v8xf5uy', 'd5sxycaw']
10896	['01h205jf', 'yo815hnj', '2damkjcs', 'ag18sokf', 'xpwfoal7']
10899	['cj7tcpsz', 'fcb8egak', '7xn7m662', '2zu4jjkp', 'i8byjktt']
10900	['5m23wtpi', 'xnrp2tpd', 'qydo3yr9', 'jmhexmet', 'e63j8gci']
10913	['w1bx4a7v', 'ygvg9jfe', '9gn4jcu9', '5vodag6c', 'itxde5mw']
10914	['fo4ax1od', 'aj2ov6sh', 'o7qytdl5', 'wr6qa1vr', '9l6yn8pe']
10927	['nf6n6afo', 'npd9wz3u', 'jj2u35z4', 'jhsqrto0', 'xgfk6txz']
10944	['6oicmeam', '9o2nehet', 'qcssljgq', 'r09wzv43', 'gsplo37j']
10953	['ivy95jpw', 'x8erq4pc', '2v6zigt8', 'hert77y1', 'cqi3r0xz']
10968	['15q47bw5', '2l83gyx5', 'cd7cfpx3', 'l63d9lyd', '9e6g15iw']
10975	['furicopj', 'daxv3reg', 'n4ildbuc', '08u566ia', 'a9yo0htv']
10991	['1fgnfh62', '38d6gb7o', '2ejg2ngh', 'eje3i558', 'pm825xn1']
10993	['91ea40nz', '1a5oy6fr', 'ux8jqekp', 'ta3zlz4z', '6g7eeyjd']
10994	['3u3i5myh', '6zjzy0ft', 'w750idb5', '9colibhs', 'mfp9jbti']
10999	['06yuz5pn', '7w0e546g', 'uqeikj0m', 'w1azm2mc', 'p576v9du']
11000	['rpjg4a9i', 'cfd1x420', 'k2zrdjyo', 'uqeikj0m', 'eo1uz3g2']
11006	['tv1a1hwj', 'q9d54z1s', 'geo7ac5i', 'bpnqz1cn', 'yx0u0iyw']
11010	['u5e26byy', 'ajzl3y46', 'orajfobs', 'jw42gokv', 'd7eshkim']
11048	['yn2aylru', 'z79gel8h', '91nj68tn', 'khji80nm', 'jk37ej4c']
11051	['zbkx78mm', 'k3mz6lf1', 'nfem3htm', '9g0lo2e9', 'z2jtzsl6']
11056	['3xup6glg', 'vjpf1fk6', 'u1ilcmm2', 'cv5th7hd', 'l56c020a']
11069	['kb3xi0fk', '5kchpjx0', 'edr7hrhp', '2qksxqmb', 'trrg1mnw']
11071	['tra5ewc5', '763v4duh', 'f4jx3b2q', 'jjh1z5c6', '9mn6trtn']
11092	['e8m2n9v6', 'my02g4vc', '8rvhqd9b', '5byvojjx', 'vj6sw2ne']
11117	['j5b0f3uk', 'birrxj48', 'sljh3o2k', '02bk8vtk', 'p7foay4k']
11124	['f60z8jo2', '94w1sbsb', 'b0wy5zz4', '9uxazk87', '4zcjjoc7']
11125	['qeqd4soe', 'sywxrxmf', 'o1xkgkn1', '9wnkmn27', 'lm73oj21']
11141	['eo89w6qp', '71ixs3y4', 'ppuki7qn', 'lbd6hn57', 'ayd59zpj']
11165	['33wqmdnk', 'k8wb51i7', 'cq5il80s', 'l4y7v729', '3ttyxjgi']
11191	['ywvk6gu6', '9wvlt53w', 'rfchb7ar', 'i5j4nmjz', 'wm3l1849']
11203	['yeowvvqi', 'f3v1xezr', '90323yzn', 'zerjg1ko', '7xnh53x0']
11210	['xtraspw2', 'bfcz49t9', 'qsyqnwn5', 'w0ebmg16', '0cnjtxyq']
11223	['oa60fwht', 'jbimjcx4', 's1r8guqm', 'gwb8l3f2', 'b006vbfi']
11245	['h2h4bnd5', '8acldtv2', 'jjiiutd5', 'jgs4jszx', 'lvrdgpyr']
11248	['zs78ndoa', 'ru2ty1y9', 'z43p1dmf', '609b8j39', '8xdz41w9']
11256	['ypvzanog', 'l63d9lyd', 'dobxp4uy', 'plzklj7c', 'k36t200n']
11264	['gdfvt4pu', 'd6zrj60t', '8d79k64l', 'lr20prun', 'shad8im4']
11268	['wn98fql3', '1s8jzzwg', 'wdvuweiq', 'hqapg5ow', 'l8zfuhzk']
11271	['2z2etb0s', 'qiphsrjz', 'm0598zrc', '49ejyfie', '1vy084jn']
11280	['18swtk61', 'zcwh1892', 'ybcr7clp', 'fo815n5l', 'tvhn7lnu']
11290	['dhdg6n05', '6znw9zcz', 'b6lbuvlh', 'ig84spvf', 'lrsvg37a']
11298	['4z8i83p4', 'qj1v04cf', '15q47bw5', 'a6gczznx', 'ypvzanog']
11299	['gmp22v65', '312cg7b7', 'iwd8nkls', 'xpqfpizp', 'cfkeqgj3']
11319	['hn6clwoj', '104lecie', 'pa000mr8', '675v58x8', 'uohbxoeb']
11332	['p485vc0h', 'isniqv6b', 'aceu86at', 'clzxo1ly', 'ccjzc1x0']
11347	['cimmc4y8', 'zhg1hvsq', 'pvjoxgn3', '3724854p', '8rqrhzrg']
11363	['s82tyeis', 'cxqzo58q', 'ry13iyxn', '227l4bzl', '405wbjmq']
11373	['qkwmabna', 'y420tku1', 'belhjr5e', 'ivy95jpw', 'hert77y1']
11384	['s7glsesb', 'hj3xxwru', 'p4ejdth1', 'sqvdlnyj', '748c97u7']
11392	['f296patc', '3ul4yoec', 'cwqsbwaj', 'su028g3j', 'ha5voupo']
11395	['do5qr3ya', 'k7vjqzx1', 'y89e2dju', 'rvfxcqvu', 'q2i328sz']
11412	['d6a6nagk', 'dbwew1op', '8qml9rrb', 'v13kzr5y', 'cfe6rb1x']
11426	['oud5ioks', 'spfc0fc0', 'mjb3ip7a', 's3o9v1fl', '675v58x8']
11430	['idhbd102', 'qdtm4s83', 'c0c60pyi', 'vc0ezpp7', 'tg00bqhf']
11431	['hitaptnp', 'xe2a9x07', '7dyhyruo', 'h1wycwxc', '9ige2pwd']
11432	['2146o727', 'o877uul1', 'tvzn0112', 'pq75mafr', 'bxuwx1jj']
11448	['o7qibwzj', 'op1d2o5x', 'dx3ez40b', 'h3tor88n', 'jgbwd3ib']
11461	['s19w1p2i', 'je585xia', 'hl956i02', 'wr4r7jd8', '11bh9v5i']
11463	['a0q61mpi', 'm2z6k2va', 'ohkki0ke', 'c2a07zg0', 'zue5hnal']
11473	['l3bruaeh', 'vccct6hq', 'fkwgq5mr', 't1rtrbtd', 'htlvpvz5']
11483	['qbj8n8h6', 'gtp01rna', '6a728le9', '1blzi9r3', 'xvphsdg7']
11489	['ijoyk390', '7tto4hr7', '92tvskxw', 'wtqwghon', 'a702kkx0']
11496	['pv7tgwcg', 't1ho5c9h', '2q87yv17', 'rrykpl0f', 'e6miaabh']
11498	['ba5h6uhu', 'extp8epx', 'yce32jmg', '9qo95a1c', 'rpglw6mm']
11503	['2f09vauy', 'mof7tf6m', 'kutc6ts0', 'kt6rs1zo', '65ois1qn']
11510	['9iomlhpv', '2e02uktc', 'p36ilfqj', '9rczqcaz', '2f09vauy']
11511	['6a1fl65b', 't7xaqtgo', 'hgcsfxwo', 'yt2fp8zl', '0oxo2awm']
11530	['3wo90f5u', 'ozbmgd70', 'ehqk1d63', 'rtczfklg', 'ir20eiqr']
11539	['dqfndau7', 'e1macqqm', '8hz4go45', 'azr73w2w', '9oui0l6v']
11552	['ordof7g5', '5yscqct1', 'nr0fu2qb', '1s8jzzwg', 'h7ftu3ax']
11559	['k7b8wj56', 'li5cw8xx', '8lnjbxe5', 'ypqusgs3', 'n9aqux5a']
11573	['jb3wc81d', 'u9nmqcgs', 'cplyj4dm', '6o7q57xl', 'gz5ez8cz']
11625	['rwevmwcr', '34tqy9tb', 'th64ca79', 'e8fhlo37', 'g1w6w5tm']
11631	['p3rnfifj', '9g547s2n', 'x60fkihk', '43eh69dx', 'jlr943nv']
11633	['cfbj6ize', 'xj1nw76b', '5c1e0770', 'eo1uz3g2', '56uzzrh8']
11636	['ndn6iwre', 'fc86sjec', 'wnpmwne1', '64qt0w2a', 'u0jddsup']
11638	['6aku7ghk', 'ny6zepe9', 'm46vdpv6', '8i9xwogu', '7h4x679r']
11642	['0o3wjvpx', 'g15tvzn4', 'aq6iypq1', 'ilnudz0g', '3akrube4']
11665	['ipsjsf0y', 'mf73oqp6', 'dx2cx9lx', 'aizquh16', 'k30wvnx8']
11676	['ffy19pp9', 'faj85qxc', '5sauy21h', 'es7c7szs', 'c3955inl']
11680	['sv48gjkk', 'k0f4cwig', 'fjzhe9tp', '8j3bb6zx', '69ly7gp4']
11681	['es8l29ub', '1v8xf5uy', '20nozop1', '66g5lpm6', '72a17h3z']
11697	['72a17h3z', 't3t7sbmz', 'twlupt3x', 'pggf4wyo', 'anunmmrj']
11700	['7g7sgabs', 'fdkt6moe', '8vfxtgtb', '25jq098w', 'lbd6hn57']
11706	['dqhdws5k', 'sygm6irl', '3m9yonqe', '1ov3eydq', 'iali360u']
11749	['104lecie', 'mja2qlpk', '0qh8u82c', 'z3ock8ar', 'xwax7o13']
11764	['x9sfgtim', 'ropgq7tr', 'xtmn1n0r', 'mcmqx7og', 'uyb0of5p']
11793	['jdo7afuh', 'elu3dztf', 'dqbvnr0y', 'jgbwd3ib', 'dmqk247e']
11798	['4cy3er3y', 'kff7ho04', '7j5zmg8w', 'cgnofutd', 'e5y8pp5b']
11815	['l72grjbg', '9h4zzo5q', 'a0rvtsog', '4socpj73', '7a7oi5dt']
11817	['07cica09', 'qxxn1zf9', 'dm6pznm2', 's96beqsh', '5c8im9ci']
11827	['xd5uhah4', 'zpqgz95r', '2scp98u0', 'li8kvzdh', 'mz1bof2x']
11829	['ptnjbhtw', 'y2bsx8p2', '1iclw0nt', 'fmgj3noh', 'wtdzad90']
11836	['5tdmh0ac', 'tn8houmc', '8qdcls1k', '8l5i1z27', 'r9qtzdvk']
11845	['ohkki0ke', 'xtmn1n0r', '0imnd2q5', '92z77upt', 'a0q61mpi']
11846	['tra5ewc5', 'qi1henyy', '763v4duh', 'iu1d9i57', '2tre0wat']
11850	['xr70oiv3', '8f2r1d14', 'n1ysi7qc', 'm5pe8kr4', '0njpdbv5']
11868	['vmijl5yu', 'yiwq4uns', 'blqukxw1', 'ouvq2wpq', '5cno180i']
11884	['urk8aa5b', '8wqii0nd', 'w19e5ayb', 'u95kg3m0', '550ik6bk']
11899	['g57r3son', '8iqs6jko', 'mnjy6bq2', 'w0ebmg16', 'hf79cbuq']
11913	['d19v8qca', 'zkxrjk3p', '1nqbqmum', 'f5ehif2w', 'uliopaz0']
11915	['t4y1ylb3', '8l5i1z27', 'cj3cpn5j', 'ruewzstg', 'tvhn7lnu']
11923	['n3xm6c0y', 'f5ehif2w', 'uliopaz0', '4fhegc0z', 'ixnko86u']
11925	['bzeqs5oh', 'a40yhtqk', 'zbi0llig', 'uohbxoeb', '7wsumadw']
11940	['3u3i5myh', 'mo3y3mau', 'trmwm9qq', '9aw78s63', '70s04wty']
11961	['i5sem6al', '5sauy21h', 'nkx5zdfg', 'ilkhg3rf', 'gufhaylj']
11962	['fdn6h4gi', 'ja4oo96l', 'asi26od1', 'nji5ek3q', 's6kdchlo']
11973	['0jvoa3ui', 'tffhk1hy', '2la3hkzv', 'y0wu60n4', '66obkrxp']
11974	['3bbiyucq', '868txjrw', 'ln6t374j', 'kczhrxxd', 'rjelshrp']
11991	['ao6632cb', 'qomhaso3', 'eu1gbga9', 'bayrzit4', 'b4supugo']
12002	['z1wwlea2', 'so9uy899', 'b5yrfllu', '5aev7ltr', 'qgwu9fsk']
12007	['iatmjkzk', 'mpthhazv', 'lme6vcqs', '29ph2eai', '1n0qw2a5']
12013	['eko3rry2', '6kbdxhxv', 'h2uc7ria', 'dfl69g4f', 'm1tv7mgm']
12041	['3u3i5myh', '5azti19e', 'u7ligk1k', 'ot1uz6vc', 'qa4njmyt']
12042	['fdkt6moe', 'zr9zx7pv', 'pmd78j61', 'tf5a48i2', '3lzm42wq']
12060	['a9lw6vrs', '353wr671', '7cakttlp', 'hnx213kp', 'ogchq8gz']
12075	['qsyqnwn5', 'ohkki0ke', 'w2c01295', 'kovi3uyz', 'l6kcpnbj']
12091	['2sb905jt', '0iqdqcp6', '9lu2stp4', 'x996e0cn', 'j7vm8h9t']
12097	['g5h4tazp', 'wbsl6n67', 'veeavho5', 'gckr8h1m', '3kk1l0ag']
12103	['bxuwx1jj', '32v44sw9', '7mcfehzc', 'nb27fn2z', 'faec051u']
12105	['g5h4tazp', '24ie3mhq', 'e756pbyp', 'apfimvix', 'ldmjcf2n']
12107	['g5h4tazp', '3mk8dwf9', 'brt4zrhe', '4ghn6zbd', '9ljou3ag']
12109	['qtzhfnr6', 'be4afbyo', 's19w1p2i', 's1gdbsfx', '9jqafpkp']
12113	['8m59whf9', '56zhxd6e', '65efipbi', 'eu2vjpw9', 'zcvumy78']
12114	['nb27fn2z', 'o7ww2prj', 'bn22k0p3', '7uoia564', 'gr14udp8']
12131	['ocguwlam', 'u1s6ciy4', 'rtwr4a1w', '36flecmg', '6buxpp8x']
12137	['j05hs577', 'lxq991af', '3p2cuxk0', '8wpfjxci', 'gcsew8u3']
12157	['tra5ewc5', 'lr5lumdr', 'rzrrnypq', 'uyb0of5p', 'nom4z0tv']
12164	['omrb959r', 'hjmjav50', '4pcv1i3i', 'hhuu7ol8', 'md0drb25']
12180	['xtraspw2', '9pb2eqoa', 'h7ftu3ax', 'w3ls1d7w', 'w0ebmg16']
12214	['geo7ac5i', 'ky5env7t', '25aj8rj5', '6sy80720', 'ay69e8ad']
12221	['726t123x', 'ey0r1py7', '0yysikc1', 'tstx42h7', 'c4ihkcyr']
12235	['n86w4vkx', '3b63v8ja', '5sfojk7y', 'x88qugn9', 'q0tu1pja']
12253	['w0ebmg16', 'mnjy6bq2', 'bmmdygbs', '2rx84imv', 'xtraspw2']
12256	['4vuucmfd', '4zcjjoc7', '5ojyly05', '1ha9cubv', 'gi21di4d']
12273	['03efdea2', 'a7ve0dud', '1ucs8zu1', 'iz5uzizo', 'b1fzmxdg']
12276	['5nv3ec5l', 'o74c8bxv', '2f7wqamp', '3swdnn29', 'mnjy6bq2']
12277	['9195zweg', 'n1q1wr9s', '9k6uqs2q', '8so80bf9', 'hxh085w7']
12278	['awfgfmx1', 'fpexa30s', '1peg3502', 'k4ubol2x', 'ppuki7qn']
12279	['9195zweg', 'a3i3t6od', '71ixs3y4', 'ik4wen7l', '3lfmmfp2']
12286	['ueh60bz2', 'npd9wz3u', 'uarsobci', 'vaeh5z4z', 'vbayngh0']
12287	['9195zweg', 'cz0jg62z', '9ei6ubx6', 'nswj8x43', '3a5965df']
12312	['72ncfyc5', 'rwh56zhg', '8nil3u2k', 'tweqo3fp', 'rl5g8iqm']
12320	['3ehm118t', 'fow0f0nq', 'u7d6d8oa', 'wkl3jyzn', '50ym7h4t']
12334	['679ds029', '1fxb5vru', '5gldyo2d', '7z6e5jhh', 'fub50lvt']
12337	['ddwrvlc9', '9rctp6cz', 'pmd78j61', 'y4eyse0y', 'fdkwklzj']
12372	['q1nye2ih', 'leg5ntvu', 'y6jrt5xh', 'jk5tczo0', 'o6zww1rr']
12393	['gk3wr6s1', 'd0pawki3', 'emg87q94', 'ssicvtv0', 'jtn3y35w']
12404	['h4cu63cm', '3t7zln1o', 'rtwr4a1w', '8hbll61z', 'qgwu9fsk']
12406	['2uidarm3', 'u8t64wmg', 'fnok2eoj', 'mmh5znrq', 'kc6dls2z']
12423	['q1nye2ih', 'snlukr6c', 'lzwgyzdp', 'qbj8n8h6', 'w01dub6y']
12427	['lirsu408', 'pqjumz2o', '78wu4kgv', 'c136gh0b', '8ti6r0eh']
12447	['f3eogz0n', '2cwvga0k', 'v0f5vxk0', 'zkdk2v5e', 'xbqbwh9j']
12461	['yq6jhupe', 'yamabj5e', 'r69ivrej', 'akdg2ljo', 'h00mbgsq']
12501	['v4ubd1l6', '4hmecfi0', 'rytw6rfd', '2aslzgdk', 'i9wjpbe7']
12513	['si5mxgrk', 'mom4y7cl', '4hmecfi0', 'duqgd4gs', 'j1kzjre0']
12517	['9avmlz30', 'h1sura49', 'lt7qsxxh', 'du8wmh6n', 'nxabdur3']
12530	['dsz66r4u', 'q6dxytcj', 'qn6wawxk', 'geo7ac5i', '32e1uxhl']
12551	['mb18fj8a', '66g5lpm6', 'es8l29ub', 'akcqliaq', 'yrxgaiy7']
12572	['3u3i5myh', 'ruewzstg', 'ypqusgs3', '6zjzy0ft', '8lnjbxe5']
12579	['0g4naq14', '9lwtmn6c', 'obhm5mc5', 'hkk23tqt', 'd0tg9i90']
12582	['i03mrw1i', 'k36rymkv', 'umttnp1g', 'eo8rbcy2', '7lli72ph']
12596	['be8eu3qi', 'mayhg4jq', 'wjdif3r3', 'td3drkgw', 'n5kgdoln']
12603	['u1ilcmm2', '35meen0h', '93b2ivio', 'fpexa30s', 'wt6azxc1']
12622	['vl7eqzu4', '45r6aieu', 'mja2qlpk', 'bwmpamea', 'ra2njvcz']
12637	['xf7k56sp', 'qwgufqcs', '5i0m18nt', 'l0l2ev29', 'ym5my5st']
12643	['bw6a5gmy', '6e444g2z', 'ouno4jpl', '24u6q3ae', 'nln6pl3h']
12648	['pi1yzeqg', 'y7lrp0gc', '51c22b8w', 'lgnhlxgd', 'reigmh19']
12662	['nb5ayz0h', 'ezrarusj', '0vmxjil6', 'p7rpfsph', 'h4fo8h90']
12669	['8dgahmka', 'ua7hsfma', 'wnpmwne1', 'b9jcuwu5', 'w3fxltzw']
12689	['hqod7v2l', 'y98m15aq', 'cv5th7hd', 'l56c020a', 'lgptgv72']
12697	['mw0wb8a8', 'xcsl2evz', 'rqqyym05', 'dnxhtbxn', 'b1iyr42n']
12709	['mlo8zypy', '9n7bkayx', 'urk8aa5b', '6xc4j09c', 'kc3nb2pc']
12713	['6ki9km50', 'ii2fmi39', '36amafub', 'hs2q61gw', 'o21ncldx']
12715	['lwhy2spw', '7hsd4kde', 'n2ozusvz', 'pmvaxas6', 'eyhgtpe0']
12730	['vdup9q7v', 'eje3i558', 'i8byjktt', 'wfc2psyz', 'qowp861l']
12731	['m2bmp8s8', 'y26bsn0n', 'eknllnci', '38d6gb7o', 'taa380l3']
12737	['3oetrhdh', 'sjkni2uc', 'o9xdv4x0', 'cht8xf0x', '5nue46dm']
12738	['1xvj7xq7', 'iu6epm2i', '4aps0kvp', 'tc21pcjw', 'hf5k04da']
12743	['3oetrhdh', 'l6kcpnbj', 'nksd3wuw', 'z13if6qx', 'h4otzeah']
12754	['f96qs295', 'qdw86v8i', 'zue5hnal', 'k36t200n', '8fbsaocw']
12761	['q4aqkr0w', 'itxde5mw', 'mnjy6bq2', '8iqs6jko', '2gjo4oqn']
12766	['iwdklgyp', 's6lzr81h', 'zbusl6pc', 'js91utss', 'dngs5tbw']
12799	['ohfi48d6', 'ozmgm5bx', '3dconbli', 'trrg1mnw', '25aj8rj5']
12801	['nj1p4ehx', '1m2mp7o7', 'wh9vvgv2', '3o91v72a', 'obhm5mc5']
12805	['ox59xb6z', 'b5eve7re', '05vmhjjp', '82hqy612', '3w5ouagx']
12809	['rb20ge7e', '5jlohhmv', 'nt1e70dv', '7xnga86x', 'ljlsvc9h']
12822	['vk6rms29', 'tn8houmc', 'ybcr7clp', 'tah3jdw0', 'ruewzstg']
12829	['r6pn17no', 'k6ensjlf', 'me8y1ida', 'g77vjcjr', 'trpbkat0']
12831	['s9lkvzpo', 'ybxuykpz', '9ud32cvb', '49q2xxkw', 'u5nxm9tu']
12834	['75rhjcz5', 'w50gorzr', 'gg5c8v7d', '01bjz2qq', 'n9nh9k40']
12838	['x220pjeg', 'd8vo0ncl', 'cnz7jlw4', 'mz1bof2x', '0u4nmrq4']
12842	['ufcheghf', '8hlhp8i7', '2cq5vpyd', 'lricvxim', '1h9ewx5j']
12886	['44m1nfb7', 'hsm75cww', 'kde51mn0', 'est5jx7g', 'qv31t2vh']
12907	['763v4duh', 'iu1d9i57', 'tra5ewc5', 'jjh1z5c6', 'f4jx3b2q']
12910	['db8fl9d2', 'wzqdo1st', 'qdw86v8i', '33wqmdnk', 'e63j8gci']
12916	['cgxs9uam', 'unx1pv2k', 'shxxhqx3', 'e8mk04uf', 'mj9xc5fv']
12920	['cgxs9uam', 'bf654xie', 'mfop9fne', 'b22cioi2', '236otwxj']
12926	['630w2rtn', 'xhkjbeam', '7xt894vr', 'emg87q94', '7fapl71l']
12950	['7xnh53x0', 'cmeiqnng', '8v7lldhx', '28wn23nl', 'h1wycwxc']
12954	['9195zweg', 'n1q1wr9s', '9k6uqs2q', '8so80bf9', 'hxh085w7']
12963	['wrnooffp', 'g1w6w5tm', '6lz0kjen', 'bgsbbszf', 'wq0mebm4']
12967	['01c1hxav', 'mi6rnaad', '5cog8xyr', 'k4k3kcrh', '4uiyj6lg']
12972	['tweqie5k', 'i9nchww2', 'p3clfah1', 'dfhxcqr8', 'bnhwbaqj']
12973	['2cwvga0k', 'f3eogz0n', 'snlukr6c', 'fu61afkg', 'fedv6m9o']
12984	['opjfy3xr', '1s8jzzwg', 'u8mu4yga', 'pppb83nc', 'gjtefdxb']
12989	['vrate482', 'tjplc5j6', '3xw4qjoy', 'kq58gxgl', '7pcnf2iv']
12990	['vrate482', '3ss714ha', 'gp3ib74q', 'tjplc5j6', '1npav6m4']
13002	['4jyltfus', 'rpxw3a01', 'c5fn8t7f', '37hn7u3f', 'mg7dfs1r']
13028	['3u3i5myh', 'ocl5qf9o', 'cieh5gyp', 'emvkiex9', 'cfkeqgj3']
13045	['d4eae8g3', '0qu9kwm1', 'mj48kx4w', 'z795y51f', 'sv48gjkk']
13046	['b52pn8t9', 'j7hih6o9', 'ajwhnmli', '6ffz2va2', 'x419odra']
13049	['8fnis63j', 'xjrhd6ee', 'slzh6uay', 'jvqlmqsy', 'of9wlhga']
13050	['84z7jgcl', '1u532bz9', '1iago9rr', 'ruewzstg', 'k6cumncp']
13052	['q55l1chd', 'h2sza0if', 'av3sm2kb', 'jtn3y35w', 'ghabnnv0']
13053	['r58aohnu', 'k8wb51i7', '89n52jny', 'vjtwipu9', 'ptnjbhtw']
13063	['llcit7x2', 'vdgu6h0a', 't59eq1wh', 'zq9ehv7a', 'gqwwfpch']
13078	['jvqlmqsy', 'a9lw6vrs', 'hpyzi04z', 'd4p5r746', 'w3kkizaq']
13147	['zpxnr9s9', 'oah1to9w', 'd2pzezq8', 'xmqdk2wz', 'gap91mwc']
13153	['jk5tczo0', 'jn1w8h2p', 'lsiy3quw', '6hehg1yf', 'sb3y2w6c']
13158	['1u532bz9', 'ge8o93rh', 'o34l05d0', 'ghhxxkkv', '0jwed8p9']
13167	['rog2h4g7', '8tipkksu', '6tlzij5v', 'm3t1hx5o', 'e1mtdo7v']
13170	['pp6ktvv1', 'xshqu7qm', 'y6zisciu', 'pi1yzeqg', 'bttme4wn']
13171	['3f0pgo4z', '9ei6ubx6', '9lu2stp4', '5xzn2myj', 'nphdtsbt']
13189	['bzo4x7bh', 'etokw9j7', 'pg0l92zb', '9jqafpkp', 'v67s4yz9']
13194	['omrb959r', 'o47v5vgw', 'o877uul1', 'hjmjav50', 'tl1o1wr9']
13204	['zc10b6j5', 'b52pn8t9', 'vvmb92wo', 'awx9lcfk', '5tpkcd5z']
13209	['hsm75cww', '5xk20hs5', 'trrg1mnw', 'edr7hrhp', '5kchpjx0']
13210	['sh9w4ipq', 'iu2frsec', 'xezpzl91', 'kugpzkyx', '7q2jd0mf']
13216	['qeqd4soe', 'fq5nayxt', '1ef8ac5c', '7th3d6wk', 'belhjr5e']
13234	['3km6yfr6', 'vzdu9jwn', 'nr440fxm', '8f1k9g93', 'zqg1r6c8']
13239	['t0l6mlm5', '1v8xf5uy', 'kb3xi0fk', 'oh5wm5qc', 'me4v1qyr']
13250	['rpjg4a9i', 'd5sxycaw', 'r1wh54q1', 'z1y1zgo8', '27ozvy4h']
13254	['ncbjncfx', 'yidait6a', 'dkderykk', 'ppe8br4z', 'bgiyvqgw']
13257	['868txjrw', 'c3xbw539', '4cy3er3y', '312cg7b7', 'dmqk247e']
13269	['f96qs295', 'zue5hnal', 'i1yf8fgk', 'hl956i02', 'w0ebmg16']
13278	['mi6bdisx', '63b7yidq', 't1ughb9b', 'suqkidrm', 'zjujs11q']
13280	['6t92yhti', 'wu2dyleo', 'h4kc04w0', '3p8rdaoj', 'u4doukk7']
13281	['vwrhypnl', 'jswlq6wp', 'suqkidrm', '63b7yidq', 'z6sjfdb9']
13310	['8hkxbxz9', '3nxmw97e', '64ugdvfe', 'wtdzad90', '7qpwux9w']
13327	['d2pzezq8', '8g70j0qw', '60en5zy7', 'cxqzo58q', 'lbxg93hl']
13330	['ysf5k0ky', '9miesbf1', 'bxuwx1jj', '1u532bz9', 'mfpgbqc8']
13332	['ky5env7t', 't2gxkxxd', 'fxwszm22', 'tov6uq27', '25aj8rj5']
13342	['wa4gt5sy', '6gj02k04', 'mpeugvt9', 'lehxgldu', '43joavrl']
13346	['hf79cbuq', 'cg6v3yma', 'b3doorzq', 'gtp5daep', 'nom4z0tv']
13352	['3u3i5myh', '78d7vub4', 'a4klrp3h', 'u30uz8sk', 'qdmkx03t']
13366	['vc0ezpp7', '43joavrl', 'fe72aj3a', 'tbio295u', 'dp274ls4']
13367	['q1nye2ih', 'lzwgyzdp', 'snlukr6c', 'jfvq2gfx', 'u7ligk1k']
13373	['1iclw0nt', 'st3fyb64', 'sgezc9kx', 'w7smahni', 'pr97f4yf']
13377	['u30uz8sk', 'h3tor88n', 'z79gel8h', '2bupc5jh', 'eml8uilb']
13402	['tra5ewc5', 'l4y7v729', 'i1yf8fgk', 'h7ftu3ax', 'qi1henyy']
13405	['qn6wawxk', 'dsz66r4u', 'm80rklg5', '2qre0gc7', 'gatxuwz7']
13412	['msb6wgnv', 'brt4zrhe', 'e9xx6mhg', 'wi1slkpf', '4jjuwc9r']
13421	['gom8sh8v', 'yoiq6cgt', 'a3efmczu', 'n2wqalcu', 'o86wki37']
13445	['gw9hkw00', 'fnguelau', 'ajwhnmli', 't3dzso36', 'rb20ge7e']
13446	['xj1nw76b', 'cfbj6ize', '5c1e0770', 'dcli6uaq', 'waerqfzu']
13451	['g5uu01aa', 'pyz2tnhk', 'gsplo37j', 'q4gattkk', 'dsnniuo6']
13462	['00xnsdt9', 'nvbt5gxl', 'sywxrxmf', 'nz976qc6', 'nxu1xoax']
13480	['92z77upt', 'noale9n1', 'w1bx4a7v', '3nxmw97e', 'r58aohnu']
13485	['2my9o9fy', 'pksg0exj', 'suw0h7s3', 'prqrsb3c', 'hcwuv519']
13500	['7f5nywod', '1fzqh9mb', 'pi9ndj9p', '4co920gp', '3qtxnbb2']
13503	['o8nf7nd0', 'gg5c8v7d', 'g9r1fdm4', 'y0mbzzx0', '4kfbs7j4']
13513	['998a0aoc', 't1rtrbtd', 'a8u31pkr', 'rztwiflt', 'ansf1j7u']
13529	['mru0mcup', 'whkfvd7l', 'dfhxcqr8', 'ndcg3o7a', 's3o9v1fl']
13542	['ox59xb6z', 'h9nzxlaf', 'fu685z9a', '8l5i1z27', '3z9ubx09']
13555	['828eqxla', 'wqicq5ry', '4seogrqq', 'k1w2wxnu', 'liip39ku']
13560	['rn8eezep', '7dyhyruo', 'kk7rlevl', 'uj0k84vk', '7xnh53x0']
13561	['k1n00gir', 'p9qeaedh', 'ypxur24q', 'rg5sd5ya', 'xvctmmzt']
13577	['90323yzn', 'zkdk2v5e', 'v0frkv96', 'yguqwc1l', 'deezca5z']
13603	['s245n3qw', 'au78rob2', 'jihyavm1', 'f14n0hk6', 'hjmjav50']
13617	['o6rgoe9t', 'j3letcou', 'ztc4wvlw', 'c5zi5rzz', 'a7eabvvo']
13618	['w7gr98j9', '5sauy21h', 'usr8hzcw', 'lghvztz8', 'i55203bt']
13622	['delciztu', 'of16ewcj', 's82tyeis', '5xon5yb4', 'jw6kh8os']
13628	['mzon01fd', '08h4198w', 'sts48u9i', 'hu2lg6i7', 'cimmc4y8']
13647	['w0ebmg16', 'itxde5mw', 'q4aqkr0w', 'ys7azmv7', 'l8zfuhzk']
13648	['nbdk83ok', '3urmf3ie', 'foopvh5z', 'cj7ygzfy', 'dudc5eh8']
13649	['7ouo6beb', '2firaix6', '401l7jbn', 'gsgbhqwl', 'f6j1yhvp']
13653	['mnjy6bq2', 'w0ebmg16', '5b9jytph', 'q4aqkr0w', '9pb2eqoa']
13669	['43joavrl', 't2gxkxxd', 'ml8j19l7', 'gdcqu3nb', 'lkb09vs8']
13670	['t5wzsjxc', 'e1mnj7bf', '9ds4ot1q', 'y43prnko', 'pindjvhk']
13676	['s1dert6n', '2hkdhwaw', '8t4rnfyu', 'viqy2ec5', 'f5bs391p']
13679	['n3xm6c0y', 'zkxrjk3p', '4mjg7jul', 'dzlqe7n5', 'f5ehif2w']
13682	['0vy5yifk', 'wcmxmahq', 'e6miaabh', 'aqke0012', 't0l6mlm5']
13707	['78d7vub4', '3u3i5myh', 'v3lcyzj5', 'u30uz8sk', 'cnfpsbuk']
13728	['wbk363w1', 'vbayngh0', 'hnwtz96p', 'jlkpeh4j', 'gcv4lmsr']
13751	['726t123x', '1xycng32', 'b9nqcbf7', 'vc6j8ao2', 'gk1avld0']
13816	['3i82sxk8', 'etfweo49', 'styavbvi', 'mb18fj8a', '6hehg1yf']
13823	['dpyz8uh4', 'c90vgc47', '1a5oy6fr', 'loq68wfv', 'wkz2ammt']
13824	['t3vuwghp', 'x14iywtr', '96lxmeqx', '0e97tdez', 'lnzt3h1p']
13826	['2my9o9fy', 'mzn4jztt', 'j9xlhtko', '7iqyaitx', 'rhgl6vss']
13844	['tra5ewc5', '763v4duh', 'lr20prun', 'f4jx3b2q', 'iu1d9i57']
13884	['c18arb6s', '7xnga86x', 'fnguelau', '53t1mhnb', '8gub6wmy']
13887	['5xon5yb4', '7xt894vr', '6bwd99d9', '6hnts5l2', 'y047cuxp']
13899	['shxxhqx3', 'x60fkihk', 'jlr943nv', 'bx7vz0r7', 'e8mk04uf']
13909	['1adofojj', 'cd7cfpx3', '6qwj922f', '3a7utmsd', 'm79zl7ka']
13913	['i88ccp9w', '52htv15k', 'fy9bxym6', 'l7ekkgy6', 'ckx305ue']
13925	['gtp5daep', 'ghabnnv0', 'f5twvg9g', 'ls4qfvwq', 'ax87r0bj']
13937	['ai5dfdfk', 's599iazh', '3aa6kd3j', 'dkderykk', '4cy3er3y']
13992	['r58aohnu', 'mfziqu80', 'dq3qunwe', 'h2sza0if', 'mm4kgvt1']
14002	['tra5ewc5', 'h7ftu3ax', 'l4y7v729', 'qi1henyy', 'i1yf8fgk']
14034	['hfk8nikl', 'g0za5fqi', '5gldyo2d', '7nssge06', 'ypp1foym']
14040	['jbom8iq6', '01bjz2qq', 's245n3qw', '8xdz41w9', 'o6zww1rr']
14044	['1ad18z11', 'z3o3ib2f', 'j2t0ofgt', '2xjv2fb6', 'f14n0hk6']
14053	['7vsv726x', 'qsv2d6yc', 'qiphsrjz', 'rog0fp93', 'zcnr1e2f']
14070	['4hmecfi0', 'entkqcn3', 'v4y49n7i', 'w1azm2mc', 'mevnb9v0']
14072	['g5h4tazp', '7as9f1n6', 'e85xdrcw', 'l0vycwd7', 'sjrnu3f3']
14076	['v4ubd1l6', 'mom4y7cl', '7b7on38r', '0si51n85', 'xavegbty']
14077	['tah4bpj1', '5wg2clq7', '01bjz2qq', 'di7hfghi', 'neqeedtr']
14084	['met50keb', '5r0ubg5g', 'fedv6m9o', 'zd8c1no7', 'kztdc8vv']
14111	['c9cenvt4', 'xnxn506o', '7x9jzge5', '9pei109o', 'avmfz0z7']
14122	['1fxb5vru', 'rz9upijf', 'u7tqolyi', 'n3upa0xn', 'deezca5z']
14125	['fnojlsnj', 'qwax5tg9', 'egzb2nda', 'dx3ez40b', '4lc7uwcb']
14130	['jw713e2n', 'ruewzstg', 'dsfbmhbj', '7xt894vr', 'yu2qzp18']
14132	['8l5i1z27', 'znswomwk', 'irhizn0b', 'cj3cpn5j', 'y349r3r6']
14134	['d8vo0ncl', 'coh92gm3', 'hfk8nikl', 'ccj1dt86', 'dcli6uaq']
14139	['u2kjft6q', 'rhnr430g', '8p0xdqba', 'q3yt3udf', '98ejxivc']
14143	['43joavrl', '5bu0eafr', 'bttme4wn', 'cwqsbwaj', '9195zweg']
14152	['vf7xj5qt', 'okh5z7m1', '6sy80720', '859q36i1', '5wlbalzu']
14153	['9195zweg', 'n1q1wr9s', 'nswj8x43', 'htpyn9ve', 'cz0jg62z']
14193	['0gn3b98n', 'soa71kwx', '8mx0p1sh', '4dpe5q54', 'd8x3b9a3']
14196	['0yysikc1', 's1gdbsfx', 'yhmcx7ae', 'pdiyqdb3', '4p6fcy8f']
14203	['qn6wawxk', 'dsz66r4u', '059oj76m', 'xl9rwld2', '7x1aj0cz']
14233	['25aj8rj5', 'unl3n0tn', 'ky5env7t', '2u9eenwu', 'gtp5daep']
14236	['nih4l4ok', 'rm6av6sj', 'moplus2n', 'i9nchww2', 'ndcg3o7a']
