post_id	["xhkjbeam", "svsib7yj", "7fapl71l", "4gj7qdtw", "kk47kxwf"]
16	["3qvh482o", "jrqlhjsm", "hg3xpej0", "8t2tic9n", "nksd3wuw"]
69	["r58aohnu", "fp81ceeu", "x800xxj2", "c6svgwoj", "4pjfnund"]
73	["qkg8fwbp", "sts48u9i", "oo6ba081", "s9lkvzpo", "am2rrgrb"]
93	["3sr2exq9", "k0f4cwig", "tx8ypqsm", "4fzzoj14", "sv48gjkk"]
96	["ybwwmyqy", "vabb2f26", "ouvq2wpq", "3l6ipiwk", "qh6rif48"]
116	["vx9vqr1k", "z9jqbliw", "3bo4md44", "pxhetma5", "xh723tgl"]
132	["f96qs295", "qi1henyy", "wzqdo1st", "zycgczqy", "l4y7v729"]
145	["yoiq6cgt", "wk4zxmz9", "sonxopa0", "0h2x79ye", "eo8rbcy2"]
150	["n24k9s1s", "vbnke2q5", "l4zku2e9", "0a1m1niu", "u42d1p1j"]
152	["hhuu7ol8", "4cnk76lb", "wgbyqfrx", "km0yzqqq", "c0ipfbeg"]
158	["f96qs295", "jhge9qy5", "mja2qlpk", "1s8jzzwg", "zue5hnal"]
159	["9nostuqg", "plvrpzq2", "mjtrwbhs", "atji1xge", "8f9auteb"]
169	["edz3up3a", "s3vaa0yc", "z9vjo98p", "xnxn506o", "nj1p4ehx"]
173	["e56ivoz7", "5kz2s7ag", "s6b2zp99", "vsphu6ih", "4xs9avr0"]
177	["a40yhtqk", "d1w8xqvo", "675v58x8", "oud5ioks", "uohbxoeb"]
178	["21qgukm1", "1smu8yc3", "7o7v0ewg", "n2ih64pz", "g0cgjlok"]
192	["s3o9v1fl", "dfhxcqr8", "fsid4a39", "ktymj1no", "vgk1sgcp"]
193	["yi1s6xap", "oap7i5ea", "yeowvvqi", "ajqbljai", "mc77aqbq"]
201	["t6rxsiat", "hcwuv519", "f0m3wuyj", "ko9irio2", "yhyeywvc"]
209	["4bw26042", "wcqr1cxm", "1l10diya", "puu8wib8", "l16a5nq7"]
231	["o8aosx2q", "pm9cl9ps", "po32j519", "fbsrggog", "cymppa7g"]
243	["gtp01rna", "6j45mmjh", "6a728le9", "yn7e3do9", "ge8o93rh"]
244	["bc8xa92n", "w9qei8zj", "cokx24kf", "3xx7rw6y", "fi7a0qvj"]
247	["x44oc1k6", "n3xm6c0y", "tx2krngu", "1nqbqmum", "41yfx1ev"]
260	["uohbxoeb", "zbi0llig", "oyr4klqk", "a40yhtqk", "oud5ioks"]
270	["ivy95jpw", "iu5ndsxn", "sywxrxmf", "9briyvuq", "hert77y1"]
272	["3u3i5myh", "ijzoa0yn", "a0dvzhc8", "70s04wty", "1wui9gwa"]
276	["pspko62f", "0aqww7cz", "pdd5wepz", "ao9bmat5", "mgtxchud"]
291	["utxzc0x5", "il4wa97x", "jo724gaw", "35fnrje0", "c8od88jh"]
292	["e0a1t2ig", "xd5uhah4", "e7uvbra5", "n5sei1oc", "t2riiouk"]
300	["2d2y5gmg", "trpy9bbq", "21lbbcxy", "jkm496ip", "dfyshke7"]
306	["usfvulc2", "fz8ohqcb", "unx1pv2k", "8d90mc54", "0dp28rsd"]
329	["dsfbmhbj", "ocxl6cf4", "ecro0w9n", "q9bwvh0t", "ju87prqm"]
344	["eywnnzxe", "z6sjfdb9", "929rrh59", "f3mvdpq1", "byw8jsqv"]
358	["db8fl9d2", "atwx0a2s", "0cnjtxyq", "qdw86v8i", "rpwmcqbg"]
362	["bfcz49t9", "hl956i02", "usyduiti", "eyxag4xd", "2f7wqamp"]
377	["qeqd4soe", "rh2jrojk", "nxu1xoax", "sywxrxmf", "ivy95jpw"]
386	["urj0nssb", "1mu1o8rj", "aclcbxkd", "g0cgjlok", "41yfx1ev"]
387	["qeqd4soe", "rh2jrojk", "ml27mexb", "sywxrxmf", "ivy95jpw"]
404	["daj5g788", "frr4vu0w", "u89jd28e", "hnx43l5c", "6a6tyvtz"]
406	["daj5g788", "hnx43l5c", "lfqi7jsa", "frr4vu0w", "u89jd28e"]
414	["wxrv37ec", "ooagjxp1", "embn75dc", "nwifmuu2", "ktwazcrd"]
418	["ai60maqz", "95e1kuux", "52x62y5l", "ec3pmvih", "0emibwp3"]
420	["t6rxsiat", "1jtln8wc", "f0m3wuyj", "s0aqouwa", "3kk1l0ag"]
441	["ohuw75ii", "ftq6ed38", "wbix36hf", "r4yukmwe", "lkb09vs8"]
443	["446p4tbc", "x7ybnese", "pmcvhg2i", "6zfeeuy3", "sikgdopk"]
450	["ppsk31u8", "h4kc04w0", "wtenvb27", "ezrarusj", "2q6qmex3"]
452	["duwr9b5b", "xk6rp4e7", "m9hkfyff", "v4c1lgpd", "g3hujz5o"]
469	["08u566ia", "ihgxtu8g", "psk1lnff", "pxx5yyc5", "niqka1hh"]
488	["k1n00gir", "ny7wkswf", "93y40vnp", "uxz185vr", "byvsuvn0"]
491	["rn8eezep", "qbp5nid8", "kk7rlevl", "atd6bg76", "rcaxap24"]
499	["nr0fu2qb", "iu1d9i57", "65ois1qn", "lq1qndxg", "1s8jzzwg"]
508	["3jn7tdaj", "ai60maqz", "dm6pznm2", "eflyypev", "wcq3qqt4"]
522	["tc6btsdu", "iyc8j5mr", "vjwu0fvp", "7vdd5f4t", "xp2qkk52"]
530	["ovgk0wsn", "ywvk6gu6", "i5j4nmjz", "v5vwypya", "nq79qw82"]
535	["l2i3aa3k", "z2z0hu49", "kayh0v56", "vc6j8ao2", "1m1hi735"]
566	["deas7kr0", "6ukt0gbn", "ebbaw3td", "awh8y9j8", "ijdk1nnc"]
572	["9mvk86q6", "u5rbvc3i", "qhbuvt1l", "u79trvqf", "o1mg23wb"]
600	["qmo1zzkg", "75rhjcz5", "w1pv8dsg", "ipsjsf0y", "k30wvnx8"]
611	["ps5crd29", "19skljon", "jd3np9n4", "ehszmbnc", "mz1bof2x"]
616	["yslf5er3", "xxu5e5t1", "07xpz3qg", "w4dyadpa", "o6dd2vu1"]
628	["y8i60bm3", "cbp4o6ou", "g6kag5ij", "y9urkfnt", "lafh3w44"]
631	["yjm6asp5", "mmr04tsm", "jazfyjwl", "2yrgy2y2", "u6bgywat"]
653	["wt6azxc1", "6a8j7hjt", "7wu8bfo4", "9anlwi27", "xr70oiv3"]
672	["vjwu0fvp", "iyc8j5mr", "krh63hqp", "tc6btsdu", "0pcgcbjw"]
675	["lwhy2spw", "npbzxwgu", "357sbvyt", "nih4l4ok", "nxihvig3"]
679	["7xb7hj9u", "6pn9jwfn", "t7a9edv3", "59u9ezr2", "iff8cuum"]
704	["r6r7k3zr", "zbzrxuoh", "iff8cuum", "6mx7lurq", "5t4twnpm"]
707	["o7qibwzj", "cwm0bsov", "yjbmi8ur", "oyplh9cn", "kc3nb2pc"]
711	["ey0r1py7", "octtj2vf", "e63j8gci", "9oejm9sc", "vndj6f7w"]
713	["63b7yidq", "d44561hh", "pq571myy", "suqkidrm", "yb9uyov3"]
717	["2r0a357c", "w3zbf5k4", "630w2rtn", "64qt0w2a", "1adofojj"]
746	["zkgfuub2", "asrkuts7", "f0t5l7kb", "mjm2kap6", "xbobfec8"]
751	["x5btuxrq", "sxoo9p8e", "jeyo5qs9", "1umbwskb", "hs2q61gw"]
771	["3014grzd", "h6f3500y", "f3w4v5ej", "rbau5dc2", "cb3u1s7s"]
776	["x7qlnugx", "h5b7mncf", "niw61l9r", "gtp5daep", "efm6zj9r"]
787	["jr92ou2e", "b9nsh19x", "y7v9zc6w", "5rdsn2mn", "ca9uxrtc"]
792	["ws7lp560", "g99myvw1", "atnxkvy6", "ro3o27pv", "npe81wc8"]
805	["ag18sokf", "ff6amr0c", "skm4qtgx", "5e5cavkw", "r4j1rcm5"]
813	["jk0ju2eb", "f2zgrgva", "9jqafpkp", "77m4rhrz", "zueghgx5"]
822	["x5btuxrq", "sxoo9p8e", "1umbwskb", "4h5a6qh1", "hs2q61gw"]
824	["u5rbvc3i", "t0zphgfl", "obhm5mc5", "5a5a8ifz", "0kqlxx26"]
835	["bcttenl4", "6a728le9", "08z6z7d5", "gtp01rna", "ilnudz0g"]
837	["cabmmgg6", "kgggepu0", "pfh6nm9r", "g0wujywh", "rckwiqgb"]
849	["l9u3c1dg", "dc8z4jzo", "n5qfwl57", "ncfvllzi", "lsfnkpcb"]
850	["8llmriik", "b36vq2pj", "xxm6o1l1", "ta3zlz4z", "o43e6aid"]
852	["bcttenl4", "ryfz5xsj", "xvphsdg7", "w01dub6y", "g15tvzn4"]
877	["ovgk0wsn", "i5j4nmjz", "ywvk6gu6", "v6w9mlsa", "v5vwypya"]
889	["ywvk6gu6", "ovgk0wsn", "rybjc58j", "i5j4nmjz", "nq79qw82"]
916	["ms7hst7z", "dew7ug4s", "h1ubsx2h", "mim419b8", "8sed3htx"]
935	["qeqd4soe", "d21lvneh", "407va85q", "ml27mexb", "lm73oj21"]
938	["qeqd4soe", "nxu1xoax", "fq5nayxt", "roe6g61u", "rh2jrojk"]
954	["qtzhfnr6", "tmonjdrp", "gqwwfpch", "1lggbkly", "grx4gx95"]
958	["t1a8vnms", "rog0fp93", "o4ri7t16", "etfweo49", "dsvmh7t6"]
969	["nbdk83ok", "dpyz8uh4", "e56ivoz7", "n1q1wr9s", "whh34bjb"]
971	["wpabett8", "39dqjlly", "752z66xr", "ziyzdcmg", "tve9hgsq"]
977	["znswomwk", "edz3up3a", "isivkz8b", "z9vjo98p", "8vfxtgtb"]
984	["msra1ghp", "zy48nad1", "f64tksb4", "mpuhbr2p", "w9qei8zj"]
987	["ub7ilx98", "9jsx2z6e", "g2nhydu6", "gxu62u9i", "2dixw8up"]
1039	["0oq0xmzr", "8zufbeuz", "x4zuv4jo", "bv7hvc1e", "j0bu0upi"]
1056	["lvw0cnwj", "jjiiutd5", "wtenvb27", "1y1ik2u9", "8lyipugh"]
1060	["nssm8ub9", "vmmztj0a", "ljpeq5aw", "li8kvzdh", "6hl6rtsh"]
1062	["tc1exm56", "9p73l3rw", "on53pegz", "lae18d0l", "5t4twnpm"]
1070	["lvw0cnwj", "8lyipugh", "4c3evbqw", "jjiiutd5", "5yscqct1"]
1072	["s23d5pns", "d7tk12u2", "mt61b7o7", "o3pvsjq2", "tmdsyzyt"]
1073	["v4y49n7i", "zjpxfd7c", "oa81rhdb", "k2qertx2", "8gub6wmy"]
1075	["2w6p6jji", "2uy0jjdh", "aj885nl0", "hkk23tqt", "rr0v0ju1"]
1092	["qeqd4soe", "rh2jrojk", "fien6nra", "sywxrxmf", "ml27mexb"]
1103	["9oxajwkk", "a9lw6vrs", "4cy3er3y", "l4o7nicc", "yg0ovmu5"]
1104	["qkg8fwbp", "mo7oq5t8", "ickqi7iw", "8l5i1z27", "7wu8bfo4"]
1108	["vp2t4xkn", "sxl49cs3", "qqdcs77q", "ofgv3p8y", "pq571myy"]
1118	["jihyavm1", "s245n3qw", "waujy98e", "hcuxj2k7", "eumvomou"]
1119	["8gogju5n", "1wui9gwa", "k9erix1s", "t5sgguxr", "5nyc1cn5"]
1128	["ypxur24q", "ny7wkswf", "93y40vnp", "k1n00gir", "byvsuvn0"]
1131	["e5v9e584", "pf2wsny3", "vprj63y2", "ion9fkpg", "r5iu5nr1"]
1144	["4u3v4vyu", "ia8rou81", "q5ie1v0v", "ndcg3o7a", "24t0lunz"]
1161	["qeqd4soe", "rh2jrojk", "fien6nra", "sywxrxmf", "ml27mexb"]
1162	["uqeikj0m", "6ukt0gbn", "cfd1x420", "rpjg4a9i", "25bdifv6"]
1172	["trrg1mnw", "gtp5daep", "soz9p0yd", "hsm75cww", "lp0r7j5c"]
1179	["lby3xhmp", "d1p8zo23", "vmizkujc", "gjsrfmj4", "fa05sovj"]
1184	["s9b631ee", "nnxlzxdt", "0r12f0h3", "g7e1mcve", "e7d6sezr"]
1189	["v5beddu4", "9e6g15iw", "9ixpj162", "plzklj7c", "b4mjo92p"]
1198	["1f6kq8co", "8p81kc9z", "1syeo6ff", "aqke0012", "usr8hzcw"]
1211	["wyn09ag4", "udtoutew", "u6b8iwr0", "cht8xf0x", "jmdrupds"]
1222	["vbnke2q5", "ivug325f", "rxq2bgpp", "75rhjcz5", "06yjv1ae"]
1225	["io8mozoe", "8x3lqokw", "zqqp22y7", "o0m20894", "i0swl50w"]
1229	["4p6fcy8f", "od5nnxvg", "aawjla6h", "5zn5mgi9", "pc2cnhjd"]
1230	["zycgczqy", "f96qs295", "yrowv62k", "wzqdo1st", "gtwg0m54"]
1237	["hwpn7ti1", "8bi9owk4", "gw9hkw00", "rb20ge7e", "54aruvbf"]
1250	["o4vvlmr4", "fxwszm22", "jfdwo189", "edr7hrhp", "1adt71pk"]
1261	["y7082lr7", "kw7xm3gl", "bsf7arhl", "2zu4jjkp", "0di8j0lu"]
1262	["bzeqs5oh", "oyr4klqk", "oud5ioks", "zbi0llig", "uohbxoeb"]
1272	["02p4et0u", "n5c0hcwn", "ttpbs13r", "sjsaw6yv", "3cr97dii"]
1274	["pl6dpxkz", "4zd58eqy", "2un9aggj", "vwgvlqml", "df5n5v09"]
1304	["fe42i4pf", "ci0hmkjk", "5q49qq42", "u999bx7a", "car394ou"]
1314	["pscw933i", "atloc9th", "wuazkwsi", "x5w0fl5w", "56rn6d6o"]
1319	["qibt88f7", "1ucs8zu1", "626ch774", "hnsv4ov0", "qh7biax3"]
1342	["oud5ioks", "bzeqs5oh", "zdfx3zo3", "d1w8xqvo", "uohbxoeb"]
1345	["1vd4j3qc", "n5c0hcwn", "3cr97dii", "ttpbs13r", "02p4et0u"]
1346	["ba5h6uhu", "6uli512b", "gysvo8e9", "f0t5l7kb", "7xt894vr"]
1351	["n2kn7o67", "dcfqvp4p", "tv1a1hwj", "z4s7u17l", "25aj8rj5"]
1355	["1vd4j3qc", "n5c0hcwn", "3cr97dii", "ttpbs13r", "g0wujywh"]
1365	["g8tckoxj", "85jx7i06", "tloczjn5", "pv7tgwcg", "z1l6oyjh"]
1374	["ys7azmv7", "ig84spvf", "lr20prun", "sazglyaz", "zgbzb8bl"]
1381	["vygvs1x3", "qv1xfrg6", "m7q1roay", "65gedo6u", "8cvjsisw"]
1398	["5c8im9ci", "rpwmcqbg", "pg69ww3a", "ey0r1py7", "octtj2vf"]
1402	["z8ajje2l", "u5nxm9tu", "ijzoa0yn", "ltga2btq", "r9qtzdvk"]
1409	["8bjfoa9g", "csflacrq", "fasjkg7r", "sijfzd2o", "q6svfacf"]
1410	["eoumpu50", "fgj2lvbg", "gi3vfi68", "fq5nayxt", "5053t5ki"]
1428	["unhrmzn5", "dpws8p4y", "lv5s1bko", "c9fg1ni6", "vqlnd5rx"]
1430	["s23d5pns", "xfcqbfse", "veeavho5", "mt61b7o7", "d7tk12u2"]
1447	["tv228fha", "vpatjn33", "ot1uz6vc", "ufniziwd", "n52kx0y7"]
1452	["gu4mz2vp", "atloc9th", "84z7jgcl", "2bupc5jh", "z1gnvb6i"]
1455	["riltam7g", "eecwjrdc", "u3ympejy", "1mx3jrup", "jfdshwfh"]
1468	["q9bwvh0t", "o1xsjx2p", "6lsgwvsv", "ihler8r0", "fa05sovj"]
1471	["5q7fmrqo", "qm0f590n", "dql5n9k7", "9fgqe5ep", "cbp4o6ou"]
1476	["963hkkiy", "2q6qmex3", "h4fo8h90", "ezrarusj", "3vccsofn"]
1479	["gydzq4n3", "o3pvsjq2", "xk2inqjm", "cbp4o6ou", "9fgqe5ep"]
1484	["zycgczqy", "cd5m77rd", "xtmn1n0r", "9mn6trtn", "yrowv62k"]
1490	["zycgczqy", "3ttyxjgi", "5vodag6c", "db8fl9d2", "l4y7v729"]
1492	["zycgczqy", "9b6cepf4", "1s8jzzwg", "5vodag6c", "tra5ewc5"]
1517	["ox59xb6z", "p80ni69c", "nln6pl3h", "w04z2f0q", "usi65ft4"]
1526	["8l5i1z27", "2hkdhwaw", "ijzoa0yn", "z8ajje2l", "cj3cpn5j"]
1536	["h2lnqvsv", "k4k3kcrh", "r0pzpont", "70nbsrl4", "1m093f8d"]
1537	["gufhaylj", "3jgm3uhs", "r66vfirw", "wgfdd3lm", "hmjaz4kc"]
1543	["52cub1om", "h5xvrtfy", "y42gcbj0", "ozmgm5bx", "m2z6k2va"]
1555	["3u3i5myh", "ijzoa0yn", "a0dvzhc8", "70s04wty", "8qdcls1k"]
1559	["i1icueuw", "gcecgi3n", "moxjaxuy", "orddpgl3", "uifnjio5"]
1566	["n3i3x5pn", "hkh1crxr", "sazglyaz", "uxn85mir", "c6svgwoj"]
1598	["sljh3o2k", "rcsohu4m", "uqfwx4nk", "0q79jqbo", "a2m0wswj"]
1608	["ax3e82js", "oyr4klqk", "oud5ioks", "myeiu66g", "cq5z8lqu"]
1609	["yo2lpdi4", "cxqzo58q", "8g70j0qw", "my2fyqp7", "iepagac8"]
1620	["s7z1l3a9", "41yfx1ev", "n2ih64pz", "zr4pw0e7", "zsygn29p"]
1643	["dfhxcqr8", "whkfvd7l", "4kfl29ul", "wvfw94n1", "5525dp31"]
1655	["wg0q628x", "vxmamhkx", "ww2767gn", "12yshnt5", "bog804k9"]
1677	["9gqonmf5", "e756pbyp", "r5eve0bl", "1itor6ic", "15q47bw5"]
1680	["xr70oiv3", "r9udnmky", "6ys3uogb", "uv0wnj4z", "s6kdchlo"]
1702	["w1bx4a7v", "ef3warsh", "y43prnko", "z86g8dzs", "8je46886"]
1749	["jhsqrto0", "8pz6131o", "ahxldfao", "nf6n6afo", "0evl3wnd"]
1769	["qnqh7fum", "bv1v3awh", "lricvxim", "ar3yoglq", "o68mentl"]
1786	["eztw9tx6", "u3ympejy", "jvo0nk3w", "zuc538yd", "5ah2yf59"]
1800	["evuixig8", "mz1bof2x", "swaf5pao", "f0kcf2y0", "auo73dv7"]
1807	["oah1to9w", "lfvvfzi5", "xo7q4dqr", "irk1gxeq", "fi7a0qvj"]
1818	["cj7izin2", "f6vau5s6", "phpijxb9", "d3fpqczo", "thvhvf4t"]
1821	["khkw1hhv", "2ojy0mvo", "mut94ov1", "kvcx11yo", "knlc3bxh"]
1835	["h8w4q5ff", "2sp8nm0i", "mut94ov1", "xkmy79p9", "8ubugbn3"]
1846	["lfqi7jsa", "i99lqr0p", "ofgv3p8y", "kgggepu0", "g15tvzn4"]
1862	["drgmqjbf", "qy4gsvac", "54o2p36a", "hu2lg6i7", "35nshnn2"]
1866	["hu2lg6i7", "mgwx0u6x", "von13s78", "vwrhypnl", "7obhnmah"]
1875	["clrlg58a", "p8ckcvyj", "v9fz02es", "v857wnfh", "0w905c2x"]
1877	["5l6c0it4", "e7ntocgf", "v7ckvxjp", "iyopfos0", "ipdrujuv"]
1904	["1l7hldfh", "na3c21pf", "gap91mwc", "eu1gbga9", "idlk9itu"]
1935	["hz5vigp0", "3o91v72a", "q4zuslmp", "fdkwklzj", "c18arb6s"]
1958	["udtoutew", "u6b8iwr0", "3oetrhdh", "jmdrupds", "b1w9ns78"]
1962	["5zzlhyga", "z94005i4", "60sbhzfs", "w036x5gr", "8vnsrvws"]
1966	["vxavox24", "j23pvlj9", "lae18d0l", "9p73l3rw", "tc1exm56"]
1975	["iseh0z9c", "mzekhyu0", "x64zft78", "213bme3q", "q5ie1v0v"]
1984	["d4eae8g3", "pw51kd1r", "8ihlm3fw", "z4ibcgea", "cwdtyr1v"]
1985	["d4eae8g3", "pgasbdpp", "6uli512b", "cutwvq3b", "c0ynezgy"]
1990	["sjrle2n0", "n6p1w415", "mkwgkkoi", "hd3ujyul", "3x46ynqh"]
1997	["fgj2lvbg", "pm9cl9ps", "6k0nhmg9", "ijoyk390", "pn516wom"]
2008	["cxqzo58q", "yo2lpdi4", "puttcvi7", "0l6ruql9", "d2pzezq8"]
2057	["suqkidrm", "63b7yidq", "75cnqi4v", "zq4ty9rw", "pq571myy"]
2067	["unl3n0tn", "l69kwh48", "iuy5a0bk", "pmd1n2l1", "eie9cozf"]
2086	["ce1a9k8b", "t2gxkxxd", "66g5lpm6", "dh3zqjbz", "ac9n08nx"]
2104	["v5beddu4", "plzklj7c", "9ixpj162", "b4mjo92p", "k36t200n"]
2116	["a0dvzhc8", "3u3i5myh", "ftxgcgkb", "ruewzstg", "0aqww7cz"]
2120	["h35we3mn", "eywnnzxe", "lai0otkm", "byw8jsqv", "a0rvtsog"]
2123	["f9vxfk68", "l346qqwp", "1wcfrvnd", "0igh53pl", "ledopkwj"]
2125	["pgasbdpp", "ogrlupbx", "d4eae8g3", "4gj7qdtw", "iuy5a0bk"]
2132	["6a728le9", "yv5nepnc", "5053t5ki", "ef4wyw2f", "0hbyplqq"]
2139	["duqgd4gs", "b1iyr42n", "boqygpow", "3724854p", "1mx3jrup"]
2149	["9jfclm9c", "13kzv4b2", "32gnw4sv", "t8xyrsif", "of16ewcj"]
2154	["ffy19pp9", "cmp1bvhd", "2lanvyia", "jdob76wp", "faj85qxc"]
2160	["5vodag6c", "zycgczqy", "rpwmcqbg", "9b6cepf4", "a0q61mpi"]
2161	["bvzi49hy", "582ts5mf", "d2fc2kw5", "xigbp7vh", "qp34apct"]
2162	["gwprn5hh", "7a543f7v", "ikz8ui8y", "g4nto9kf", "mu2vqjnv"]
2172	["tra5ewc5", "0r0zdpds", "0hbyplqq", "763v4duh", "e63j8gci"]
2185	["xneu8glk", "xe8t3uqp", "0pcgcbjw", "v056i6g7", "xjklin0b"]
2199	["407va85q", "ml27mexb", "fub50lvt", "0r580il2", "9wnkmn27"]
2200	["8pkwqg5j", "8g8yc0tu", "ixvsemvw", "zbbh6wl3", "o68mentl"]
2201	["urj0nssb", "gc9eg5j3", "zsygn29p", "41yfx1ev", "g0cgjlok"]
2210	["11xjl53c", "k0v1axmd", "hzn3qus3", "z8758x5u", "ga5z3via"]
2236	["eydniusb", "rcbr4rvt", "wcyqks52", "ot1uz6vc", "n7kbk9id"]
2246	["qjqk8xge", "tx2krngu", "zrg21jgx", "g5k0po72", "x44oc1k6"]
2251	["95wclabe", "aq2iz9tq", "70m9l3y0", "p10cya94", "qbhw96wv"]
2256	["hgph0vx4", "ej20m4lu", "m9hkfyff", "j8666ial", "a27vtdb6"]
2259	["znswomwk", "q7vv128t", "8glhd9xe", "wxor6kg3", "1peg3502"]
2263	["3ttyxjgi", "yrowv62k", "763v4duh", "0yysikc1", "0cnjtxyq"]
2269	["nr0fu2qb", "xsqgrd5l", "eu2vjpw9", "1s8jzzwg", "yrowv62k"]
2284	["8ruux4sw", "tpihyxve", "7e8zlt3t", "qci7khki", "unnrflmr"]
2287	["8cvjsisw", "31idktk7", "104lecie", "te0v91nr", "f2zgrgva"]
2308	["ovgk0wsn", "sfr2nsmi", "fatm351r", "kkbed30m", "qvuuhkg6"]
2313	["xsk68m5f", "osol7wdp", "dq6iyabh", "l6bnxi40", "4qgfjczw"]
2318	["ifovibzi", "6r79qt66", "6gcahsgs", "nsflghc5", "r4dgrxel"]
2334	["2dvljm27", "nbn44sxq", "b1s3ubm1", "p91dk324", "4ifng0a6"]
2368	["jo38hjqa", "90dvjv32", "7tp8z7n8", "oa09sm44", "mvm1t0y7"]
2377	["cq5z8lqu", "m69ceq2t", "zbi0llig", "7e8zlt3t", "bzeqs5oh"]
2427	["bttme4wn", "798ajlwl", "szteqo8t", "hgcsfxwo", "shlom61r"]
2429	["bpnqz1cn", "tv1a1hwj", "3ss41iea", "n006o856", "jp87rp44"]
2432	["hbvwm62l", "d9rd5392", "jfjxujwj", "ry13iyxn", "b6bl0xrc"]
2436	["zzscey1f", "hh37bsfp", "5o5go248", "9adtbwp2", "bawgldfi"]
2438	["wmpjfc02", "8a8eheip", "t7xaqtgo", "8xpenaxt", "qci7khki"]
2450	["vdfnrh9k", "vxmamhkx", "ois60wyj", "jgcv1wf3", "b1vlaly1"]
2470	["d4eae8g3", "pgasbdpp", "9ixpj162", "0d121e1c", "cvkdpnn3"]
2474	["p576v9du", "6lsgwvsv", "rc5d6wi3", "bbhb1cre", "ihler8r0"]
2477	["rjelshrp", "lf9i6x2i", "uk0hlynp", "iyf3m4fs", "f4x16qyh"]
2485	["3u3i5myh", "2aoyzj2b", "5cog8xyr", "wpuf4ofo", "z8ajje2l"]
2489	["qxntta1u", "wku1sd9k", "8nk7pplh", "t3qddrc2", "n5qfwl57"]
2492	["z1y1zgo8", "cfd1x420", "25bdifv6", "rpjg4a9i", "1ha9cubv"]
2502	["fz14yjvm", "khymg0zr", "jrgeasqy", "vf1vku8s", "r3w90vg8"]
2505	["v5beddu4", "9e6g15iw", "plzklj7c", "irx4pcsx", "9ixpj162"]
2517	["qeqd4soe", "rh2jrojk", "sywxrxmf", "fien6nra", "0qy6hcgp"]
2545	["qj1v04cf", "15q47bw5", "b4mjo92p", "9svrz0vj", "k36t200n"]
2552	["m13ndhaz", "tmp6yxlv", "0kqlxx26", "91ea40nz", "ldyumgm9"]
2558	["8l5i1z27", "cj3cpn5j", "3u3i5myh", "tn8houmc", "ruewzstg"]
2559	["pg69ww3a", "34j9n40u", "1k0xqhda", "d5sxycaw", "e5v9e584"]
2561	["fqdu9uo0", "2jfo2csi", "zhax1vqc", "304aayyq", "pecyac7l"]
2588	["vpoqfm7d", "37gpov43", "k4ttbbix", "43eh69dx", "97msfh4l"]
2591	["psrsed4b", "pc2cnhjd", "4p6fcy8f", "m26sn2qg", "0emibwp3"]
2594	["mhbwjwrg", "rcbr4rvt", "8d6vcqr3", "x6cozo6b", "pqvptwhe"]
2599	["rhgl6vss", "hitaptnp", "73i7h1wi", "z9jqbliw", "ay7gv9lv"]
2639	["v1egyqt4", "01h205jf", "bdxzphjb", "mvo2k2jt", "1crb3kcu"]
2646	["2tre0wat", "e63j8gci", "9b6cepf4", "qdw86v8i", "3ttyxjgi"]
2659	["jgcv1wf3", "uuxo3jk9", "zi0cedd9", "rckwiqgb", "70nbsrl4"]
2679	["cd7cfpx3", "3a7utmsd", "plzklj7c", "9svrz0vj", "6qwj922f"]
2681	["l16a5nq7", "wyn09ag4", "1l10diya", "jc5ik84m", "913sln1q"]
2686	["9b6cepf4", "rpwmcqbg", "zycgczqy", "5vodag6c", "m6eotnko"]
2694	["763v4duh", "9b6cepf4", "2tre0wat", "zycgczqy", "0yysikc1"]
2695	["2tre0wat", "9b6cepf4", "0yysikc1", "3ttyxjgi", "gtwg0m54"]
2698	["i8jv5iqo", "uxz185vr", "cn0hqvsz", "vvx3zukm", "oz047qmf"]
2719	["ikon1ktb", "06yjv1ae", "w50gorzr", "gg5c8v7d", "zqg1r6c8"]
2733	["bl96upg3", "jdo7afuh", "mut94ov1", "a0dvzhc8", "xmd8fh95"]
2740	["mz7b6ey3", "lbxg93hl", "dnm7s947", "8g70j0qw", "jmzjfwxi"]
2745	["9nyfz7s2", "9y9lkt4x", "bnhwbaqj", "qa4njmyt", "bbhb1cre"]
2773	["94k9cai0", "vjntos25", "rmlee8jp", "597jqeoj", "ca1v4k3h"]
2787	["w1bx4a7v", "9b6cepf4", "5vodag6c", "f96qs295", "yrowv62k"]
2796	["v8m7cszi", "726t123x", "pf2wsny3", "ey0r1py7", "octtj2vf"]
2801	["geo7ac5i", "x44oc1k6", "f5ehif2w", "tlr243il", "58r5wcwd"]
2814	["rm6av6sj", "i5h0gm3u", "y2bsx8p2", "t13pehgc", "24t0lunz"]
2825	["rybjc58j", "7kxi7px1", "i4op2jkl", "4gj9d181", "wu5lm2zd"]
2827	["ajmelb8a", "lgnhlxgd", "y7lrp0gc", "mqnqjn0c", "95ca9lgf"]
2850	["d6ho2b4b", "9oxajwkk", "b35rzdga", "xi20pdvy", "2um2wbcs"]
2859	["v85v5o51", "g4pd6g4j", "q5ie1v0v", "vpoqfm7d", "mzekhyu0"]
2861	["ec3pmvih", "jincu9xx", "f3swmk24", "f80cfjrn", "z807g8i5"]
2865	["y5wkv42k", "q8dl0gcc", "qun2lfcv", "xavegbty", "nb27fn2z"]
2874	["isivkz8b", "znswomwk", "r2cx0nmw", "5g8u35f8", "24u6q3ae"]
2897	["rm6av6sj", "k4ttbbix", "t13pehgc", "24t0lunz", "x64zft78"]
2912	["6o7q57xl", "43z85jsb", "sgezc9kx", "vpoqfm7d", "ix48o00j"]
2932	["24yfnzq2", "t5k8o6sb", "nsflghc5", "zsra2yz3", "ylqpkosd"]
2934	["g9btjkcn", "64sdgroi", "tkxzhf7c", "irx4pcsx", "azl5dj74"]
2937	["sb9ckivs", "roev0cye", "0e5gqepz", "z514v0um", "92ezdiap"]
2942	["flxbomsx", "8twdx4g2", "jw6kh8os", "6ys3uogb", "bsypo08l"]
2947	["i9jrobdb", "yn2aylru", "b5eve7re", "mcmqx7og", "1s8jzzwg"]
2963	["eczga3ur", "ksveiiid", "ta3zlz4z", "nl1ud0rz", "m13ndhaz"]
2966	["z6sjfdb9", "q9bwvh0t", "o1xsjx2p", "6lsgwvsv", "qp34apct"]
2980	["uw0rrel5", "s1ypdhzv", "w3m884ng", "bdlhd5i1", "oe7fzahb"]
2986	["0yysikc1", "ey0r1py7", "3ttyxjgi", "9b6cepf4", "2tre0wat"]
2995	["222ci300", "23gax7wp", "19i9lknr", "bawgldfi", "ty41xob0"]
3000	["0emibwp3", "1zuhilmu", "vvmb92wo", "1s8jzzwg", "w1bx4a7v"]
3001	["l4ahii9e", "zrnxq5uq", "tcby6780", "yr7ow4m4", "72jwlfqr"]
3023	["5s1uj2qi", "ls408b2b", "plgip4h6", "lzwgyzdp", "ereh4ub8"]
3024	["vvuaegse", "9wn91fj2", "cjmmwl2q", "pfgloqz5", "fm8koqjd"]
3040	["z8ajje2l", "ltga2btq", "u5nxm9tu", "1nmzo9at", "r9qtzdvk"]
3054	["hw4plghg", "g3uiyy6t", "wxc5g9l2", "vaesa8nh", "4fgeb27a"]
3059	["zpavu0eh", "9l3x3owc", "6rhgg4h2", "had5tqie", "mlozjg9h"]
3060	["dti9o5x3", "d19v8qca", "gc9eg5j3", "b7k6x49v", "3swdnn29"]
3066	["8w2t6u96", "dica9bqx", "f3j0g82b", "o4ruio2m", "qhrwngde"]
3071	["vgffg4c1", "ny7wkswf", "z514v0um", "i8jv5iqo", "uxz185vr"]
3081	["3u3i5myh", "w45ih46q", "z6cdyy0w", "70s04wty", "a4klrp3h"]
3114	["2q87yv17", "g05z8cux", "wo9gg7nx", "hranq899", "b35rzdga"]
3116	["s6zoqu8a", "gjo29e21", "supf8vel", "aptnkqw5", "zl4ixyg1"]
3122	["vbe9ptjq", "mobl9jp5", "v7udqoi0", "hfhjjwbl", "c65kvmic"]
3129	["cyfdvgvy", "olv2kuwx", "8dobncuw", "t97pdl4u", "xof56j98"]
3135	["hhuu7ol8", "4cnk76lb", "b0qj7tck", "km0yzqqq", "wgbyqfrx"]
3145	["snsjrjx3", "42wh36ge", "4fgeb27a", "8qcovhtk", "xyuj1j57"]
3163	["gbf8beq4", "23n5r8qj", "ofbnzo6n", "gc9eg5j3", "089b1z4b"]
3169	["uc0qkegm", "304aayyq", "mmnfyz6y", "fqdu9uo0", "j1o86xp9"]
3180	["yrhb6ktc", "2rqouaol", "8l5i1z27", "cj3cpn5j", "n9aqux5a"]
3199	["tvhn7lnu", "dpws8p4y", "t84pu00z", "u5nxm9tu", "orddpgl3"]
3221	["o4ruio2m", "cplyj4dm", "6lz0kjen", "yk872yaz", "ix48o00j"]
3245	["l346qqwp", "ledopkwj", "tsv0rcr3", "ewf1z1ee", "1wcfrvnd"]
3268	["tk7eturq", "pvn2qq0f", "cpeizrdb", "y26bsn0n", "fcb8egak"]
3269	["k9mbmgvr", "atd6bg76", "kk5adtim", "ut4d68ti", "tnwafdr0"]
3275	["kayh0v56", "y047cuxp", "rr87vhd0", "z2z0hu49", "r0taoqsw"]
3277	["ijoyk390", "jveh2w09", "f2jzz41d", "6k0nhmg9", "y89e2dju"]
3282	["70nbsrl4", "vdfnrh9k", "k4k3kcrh", "emsf4i9c", "s8oq2sj8"]
3297	["li8kvzdh", "121p2shq", "ljpeq5aw", "6hl6rtsh", "c5be70t6"]
3298	["407va85q", "rh2jrojk", "2l883zhe", "186wyg7t", "dt8h6a0v"]
3300	["mo23hpe1", "8o2xddof", "belhjr5e", "xnrb0byz", "407va85q"]
3319	["ljpeq5aw", "2f09vauy", "e7uvbra5", "lg6qorv0", "38paoyuc"]
3330	["dtja6m6w", "pavd7sj3", "4yp4beuh", "zbkx78mm", "9hzbi2yi"]
3334	["ueid1mma", "daxv3reg", "2veblo5v", "prqrsb3c", "pmvaxas6"]
3347	["yc7cvbii", "40vsmpfv", "2xl0gp1o", "rng65ofx", "6akx6xpt"]
3349	["z1y1zgo8", "25bdifv6", "cfd1x420", "rpjg4a9i", "6ukt0gbn"]
3350	["41yfx1ev", "zr4pw0e7", "g0cgjlok", "urj0nssb", "kjr6dcqv"]
3355	["1l4o9pko", "9wnkmn27", "iu5ndsxn", "aakzdkcj", "d21lvneh"]
3358	["z1y1zgo8", "fh0zym9r", "98ejxivc", "krg8jvfz", "nuu9l5kx"]
3364	["lvydhfej", "28lojtvu", "d21lvneh", "onlly1ga", "hnj1jqr1"]
3370	["3qvh482o", "hg3xpej0", "jrqlhjsm", "styavbvi", "bqn29m9k"]
3430	["df65w0lx", "34j9n40u", "9452kqc0", "1xycng32", "xi2whtvr"]
3450	["d4eae8g3", "jnmpyovl", "ogrlupbx", "cvkdpnn3", "dogie34u"]
3451	["0n51j2jo", "r0taoqsw", "lbkjxws4", "9th61iva", "s96beqsh"]
3459	["vdejfuuy", "45r6aieu", "77m4rhrz", "zueghgx5", "b4hl6fnw"]
3463	["dpyz8uh4", "kr4sr1ae", "n1q1wr9s", "nbdk83ok", "18swtk61"]
3476	["znpc5jq2", "thcl0eza", "l346qqwp", "qjfe2t9v", "lsrpk3wc"]
3481	["tra5ewc5", "ysf5k0ky", "f96qs295", "0r0zdpds", "wzqdo1st"]
3485	["3sr2exq9", "k0f4cwig", "tx8ypqsm", "sv48gjkk", "6qkjwsst"]
3486	["zpxnr9s9", "1z0q5oxo", "rf7k079r", "na3c21pf", "xk2inqjm"]
3491	["mlozjg9h", "yg2voc65", "5ngmdwgb", "306381wy", "8j3bb6zx"]
3502	["tloczjn5", "g8tckoxj", "eml8uilb", "z9vjo98p", "t6de15ax"]
3503	["3u3i5myh", "ijzoa0yn", "70s04wty", "z6elaxpc", "ckswlo9o"]
3507	["bw6a5gmy", "cgc0v1dg", "jo489zm2", "ufzjvdho", "0zun27k4"]
3508	["io8mozoe", "5eo7wfle", "9oxajwkk", "4cy3er3y", "i3jsvtwp"]
3509	["1qwq3jme", "b36vq2pj", "cmry8aea", "m13ndhaz", "80t2ovkk"]
3511	["ngbnnpni", "d7024aia", "4hmecfi0", "gufhaylj", "6nt6msrm"]
3518	["1ef8ac5c", "9kk8pevp", "wjktna81", "fynl88p5", "6k0nhmg9"]
3529	["k4ttbbix", "uv5jctnd", "43eh69dx", "37gpov43", "rm6av6sj"]
3549	["75cnqi4v", "os0sslxc", "yb9uyov3", "kgggepu0", "cabmmgg6"]
3551	["7j4i6eud", "0chuwvg6", "o877uul1", "z35xw2p0", "esmkqtvw"]
3566	["vp2t4xkn", "ofgv3p8y", "i99lqr0p", "qqdcs77q", "lfqi7jsa"]
3568	["von13s78", "mgwx0u6x", "hu2lg6i7", "7obhnmah", "8oi7ptfj"]
3570	["7a7oi5dt", "ju87prqm", "ct4licep", "9ok153yl", "pq571myy"]
3573	["6rpm4phy", "frr4vu0w", "pqt10xzt", "3w5ouagx", "zctjkag0"]
3603	["iwd8nkls", "gmp22v65", "cfkeqgj3", "w7xaleep", "ruwmeau5"]
3617	["dsfbmhbj", "ocxl6cf4", "7a7oi5dt", "ju87prqm", "ct4licep"]
3626	["nr0fu2qb", "jb455t9p", "ljpeq5aw", "iu1d9i57", "kutc6ts0"]
3647	["ec3pmvih", "2i7zd1t2", "gxk5t1yp", "rmyy6fni", "5nv3ec5l"]
3660	["saxtdqvh", "mfziqu80", "ls4qfvwq", "k4k3kcrh", "o4ri7t16"]
3719	["u5nxm9tu", "1nmzo9at", "ajlpb9li", "xld7ztx5", "a7frertc"]
3732	["ax3e82js", "oud5ioks", "oyr4klqk", "zbi0llig", "bzeqs5oh"]
3733	["ax3e82js", "myeiu66g", "cq5z8lqu", "aakzdkcj", "o1xkgkn1"]
3734	["b8mx2wrg", "ty2hsl6r", "06gxvptj", "ku59o299", "2kft1r3l"]
3735	["u0vhs2d7", "g05z8cux", "jekx1czw", "08p8ns2d", "aj2ov6sh"]
3737	["3ttyxjgi", "2tre0wat", "db8fl9d2", "0yysikc1", "9b6cepf4"]
3761	["jz3gnise", "55hyrgvk", "9bzbab1s", "ijlgjdep", "bvspk12e"]
3764	["sljh3o2k", "sdumu9yd", "0q79jqbo", "a2m0wswj", "uqfwx4nk"]
3798	["7xt894vr", "9x9toshx", "a8u31pkr", "nj94rv6f", "fsid4a39"]
3801	["7xt894vr", "9x9toshx", "a8u31pkr", "n6d6ebhm", "s7wykoze"]
3804	["q5veu992", "oyplh9cn", "tgrh7ap4", "r4btmprw", "x7qlnugx"]
3808	["ikon1ktb", "gg5c8v7d", "l9u3c1dg", "r6943zpb", "06yjv1ae"]
3838	["s9lkvzpo", "1mx3jrup", "ne7e12nj", "d7024aia", "4hmecfi0"]
3843	["y74qhqw7", "fyy42zaf", "v85v5o51", "stlvi1lh", "g4pd6g4j"]
3844	["4ohgr8j7", "ca1v4k3h", "tv014ubp", "y8puocsa", "94k9cai0"]
3857	["2damkjcs", "cht8xf0x", "h7f3bkc2", "bdxzphjb", "u6b8iwr0"]
3874	["tcby6780", "7wu8bfo4", "1wui9gwa", "72jwlfqr", "jgcv1wf3"]
3882	["pvshw2pn", "9pn62o4p", "deas7kr0", "582ts5mf", "bhleyzhc"]
3906	["1ihib857", "d2s3170w", "9zco6ofx", "rr87vhd0", "0n51j2jo"]
3908	["rr87vhd0", "1ihib857", "0n51j2jo", "r0taoqsw", "d2s3170w"]
3914	["asphtor7", "b6m1c6jr", "uhs1nz2s", "3ees74tt", "axxo94cr"]
3920	["s7v66pvg", "yb6lmv1a", "5rsxnrdr", "l6yr6ang", "y1ob8tcq"]
3926	["e0pz0z4j", "9ige2pwd", "ucysxk5c", "ujy4i5uu", "iuziorsk"]
3941	["evuixig8", "8xvqq5eh", "x220pjeg", "jxsldz4o", "ps5crd29"]
3942	["k80bu4fs", "smrtrxup", "jeyo5qs9", "i03mrw1i", "ovel2jln"]
3944	["qfq1nfcn", "zvlbs4cc", "d6zrj60t", "7qpwux9w", "y2zcwcic"]
3963	["dnm7s947", "0bk9jmdu", "b2fwktld", "5x6xjuew", "mz7b6ey3"]
3995	["ijoyk390", "i3jsvtwp", "3l3zs90e", "92tvskxw", "5e5cavkw"]
3998	["vy21fxfd", "nz42wegs", "a9yo0htv", "r0pzpont", "jxsldz4o"]
4005	["uuy94dwa", "fcb8egak", "eje3i558", "0l5li1f0", "38d6gb7o"]
4016	["6pn9jwfn", "li8kvzdh", "eu2vjpw9", "iff8cuum", "121p2shq"]
4020	["lbxg93hl", "konern28", "8g70j0qw", "mz7b6ey3", "iepagac8"]
4055	["p8ckcvyj", "rc6cza9r", "0w905c2x", "14tv9r5q", "v9fz02es"]
4066	["n2kn7o67", "25aj8rj5", "dcfqvp4p", "trrg1mnw", "00ugdhvf"]
4073	["ssicvtv0", "fi7a0qvj", "5fk4eyte", "49ejyfie", "62bob168"]
4075	["v5beddu4", "9e6g15iw", "9ixpj162", "plzklj7c", "k36t200n"]
4077	["v5beddu4", "9e6g15iw", "irx4pcsx", "9ixpj162", "o7a9c52u"]
4081	["66obkrxp", "qlfp54io", "y0wu60n4", "0jvoa3ui", "on53pegz"]
4093	["v5beddu4", "9e6g15iw", "irx4pcsx", "plzklj7c", "9ixpj162"]
4099	["t7xaqtgo", "yt2fp8zl", "cq5z8lqu", "6a1fl65b", "hgcsfxwo"]
4153	["est5jx7g", "gnh6ukge", "zp3efdn7", "25aj8rj5", "irk1gxeq"]
4169	["rm6av6sj", "lwpvyy49", "uv5jctnd", "mzekhyu0", "18b6ikq3"]
4177	["07a30kd9", "3da30lb2", "w25jpub7", "330hn7ap", "3h3ihfyq"]
4186	["1wui9gwa", "5sfojk7y", "ok9o9tta", "8w43qkqu", "htn03ms0"]
4189	["ax3e82js", "1l4o9pko", "0r580il2", "aakzdkcj", "r76tqrwz"]
4197	["41yfx1ev", "urj0nssb", "xochpgld", "039k70vs", "gc9eg5j3"]
4199	["io8mozoe", "enlj85zc", "j1o86xp9", "ct4licep", "ozj6zju8"]
4205	["18swtk61", "zcwh1892", "dpws8p4y", "ppuki7qn", "tffpan0f"]
4218	["hlv5zb0s", "vf7xj5qt", "dljqpvyk", "lav0kp21", "jgcv1wf3"]
4220	["3c1fujrd", "psk1lnff", "ihgxtu8g", "08u566ia", "pxx5yyc5"]
4224	["qeqd4soe", "rh2jrojk", "fien6nra", "sywxrxmf", "ml27mexb"]
4230	["a5w7tbtp", "5f5npz07", "uyy8zytj", "ehmy9al1", "04n7uz4s"]
4241	["8xvqq5eh", "cvxni7cd", "k4k3kcrh", "w0lgteil", "furicopj"]
4254	["li8kvzdh", "dccymlie", "e6m1tkrs", "3ttyxjgi", "6pn9jwfn"]
4270	["53v1olqq", "uazqkay9", "bzn7wd36", "iy1enazk", "9im9gqw6"]
4271	["bw6a5gmy", "1hfvmyfs", "24u6q3ae", "0zun27k4", "ickqi7iw"]
4276	["ktjhr028", "8je46886", "z86g8dzs", "mnjy6bq2", "9pb2eqoa"]
4294	["5t16srpn", "k5jkntul", "p42w7vjf", "bre2ijbb", "q93luiw2"]
4299	["9jsx2z6e", "rhnr430g", "pb25lrnw", "ydh4ve24", "dsfbmhbj"]
4303	["n2ih64pz", "gc9eg5j3", "3swdnn29", "1smu8yc3", "8p0xdqba"]
4312	["ixvsemvw", "ris1h7o2", "izlg8zu6", "ipdrujuv", "xziy99uo"]
4314	["whj9jwwf", "furicopj", "m4fcw7lk", "9zco6ofx", "2a12nsnl"]
4335	["8g70j0qw", "zmkvs7e7", "or30thq4", "klqji8gj", "0vjxc1bm"]
4349	["txnegebz", "eflwztji", "ftxgcgkb", "lpbb4rga", "65efipbi"]
4376	["oyr4klqk", "zbi0llig", "oud5ioks", "bzeqs5oh", "d1w8xqvo"]
4382	["opogstc5", "88ivkkaw", "g4k0ksr8", "50a2hncd", "gsvzkivp"]
4388	["li8kvzdh", "121p2shq", "dccymlie", "vmmztj0a", "ftxgcgkb"]
4392	["iiafud87", "hb3wcm04", "gjo29e21", "aptnkqw5", "wjktna81"]
4411	["z86g8dzs", "lkb09vs8", "l4y7v729", "gtwg0m54", "uyb0of5p"]
4418	["gkf3wez8", "3xvphg52", "10dkpj5h", "5sfojk7y", "hfbi7sk5"]
4423	["9b6cepf4", "763v4duh", "zycgczqy", "2tre0wat", "2fokjcjr"]
4449	["6pn9jwfn", "dccymlie", "li8kvzdh", "6hl6rtsh", "jy20xtwx"]
4456	["li8kvzdh", "pjh2lr22", "121p2shq", "eu2vjpw9", "dccymlie"]
4459	["apfimvix", "1j4w2hyp", "zrnxq5uq", "gi21di4d", "4vkkaqhz"]
4460	["ljpeq5aw", "121p2shq", "uyzalds2", "c5be70t6", "e7uvbra5"]
4478	["o1xsjx2p", "leg5ntvu", "q9bwvh0t", "6mzqk12f", "z6sjfdb9"]
4480	["jbpocl1k", "tx2krngu", "kkbkh4yi", "a47sz3r5", "ms7hst7z"]
4496	["8bjfoa9g", "sijfzd2o", "y14lw5b2", "9v6f2274", "csflacrq"]
4497	["urj0nssb", "g0cgjlok", "uliopaz0", "41yfx1ev", "8p0xdqba"]
4498	["n5qfwl57", "l9u3c1dg", "qmo1zzkg", "vzloj6b3", "md0drb25"]
4506	["qh7biax3", "0rrhiw9m", "bf42staf", "kd7s0mqd", "poh3te9j"]
4510	["1t1sykok", "f2det6w2", "mo7oq5t8", "j1kzjre0", "lrqt2gcw"]
4514	["d7024aia", "mp1z0269", "r66vfirw", "4hmecfi0", "n3yuvf8v"]
4529	["v4ubd1l6", "b8c309hj", "mom4y7cl", "ez1l3m4o", "xdbtwiqw"]
4541	["6ulvk9hv", "xjl11qzh", "oh23px9c", "3flwt4et", "x9zg7ulr"]
4544	["3b63v8ja", "4bta1y3u", "q41elfwt", "z514v0um", "dy2bl1p7"]
4561	["w1bx4a7v", "1s8jzzwg", "xtmn1n0r", "844229sb", "zue5hnal"]
4584	["sxi0tpsf", "svi7syld", "7s79900j", "w1bx4a7v", "1zuhilmu"]
4586	["9b6cepf4", "2tre0wat", "qdw86v8i", "5vodag6c", "db8fl9d2"]
4595	["pq85mvab", "lt7qsxxh", "v0qj8l7i", "p0w1nyof", "54pqae9b"]
4610	["hhy9g1yf", "6wpyxcuy", "lae18d0l", "bhleyzhc", "nemkary2"]
4626	["eflwztji", "txnegebz", "soa71kwx", "lpbb4rga", "xsqgrd5l"]
4640	["tmdsyzyt", "mt61b7o7", "z7r4n0w7", "9o2lai1g", "c82i3u0j"]
4670	["1hfvmyfs", "zmc0kl4r", "edz3up3a", "wdfzrzkt", "cgc0v1dg"]
4676	["q9bwvh0t", "o1xsjx2p", "h98tts7e", "leg5ntvu", "o29hjkca"]
4696	["hu2lg6i7", "mo7oq5t8", "a3efmczu", "8oi7ptfj", "vwrhypnl"]
4697	["1s8jzzwg", "f96qs295", "8je46886", "w1bx4a7v", "dt2pew66"]
4706	["vwrhypnl", "mgwx0u6x", "hu2lg6i7", "7obhnmah", "8dh4xvph"]
4707	["mgwx0u6x", "hu2lg6i7", "vwrhypnl", "von13s78", "8oi7ptfj"]
4708	["8iqs6jko", "dxrltm25", "bmmdygbs", "gh9sy7sl", "h2sza0if"]
4709	["hu2lg6i7", "von13s78", "mgwx0u6x", "8oi7ptfj", "7obhnmah"]
4717	["rr87vhd0", "r0taoqsw", "0n51j2jo", "vnta2gic", "ysrte29b"]
4720	["0jm3j3vc", "igm2qr4p", "0dp28rsd", "9bqr38q3", "xd5uhah4"]
4724	["2uy0jjdh", "vgffg4c1", "rr0v0ju1", "hkk23tqt", "z92xqedn"]
4726	["dmrtj9xl", "yq0c19sn", "idhbd102", "y8ibpd1g", "6wsa54w2"]
4730	["b9nsh19x", "jr92ou2e", "y7v9zc6w", "5rdsn2mn", "ybdgetms"]
4767	["9b6cepf4", "db8fl9d2", "0imnd2q5", "f96qs295", "2tre0wat"]
4772	["8udyoutb", "o0m20894", "s3swlbig", "lh82rl24", "c65kvmic"]
4782	["80yu5aiv", "l2i3aa3k", "cpbu3fv3", "ey0r1py7", "agpuilt2"]
4785	["ruewzstg", "70s04wty", "a0dvzhc8", "7wu8bfo4", "3u3i5myh"]
4804	["zs6sjlyn", "9im9gqw6", "ntxufeg5", "kt615lm4", "mgtxchud"]
4809	["1vd4j3qc", "3cr97dii", "n5c0hcwn", "02p4et0u", "b0wy5zz4"]
4814	["vndj6f7w", "octtj2vf", "ey0r1py7", "wcq3qqt4", "w3d33mq0"]
4822	["59u9ezr2", "li8kvzdh", "6pn9jwfn", "eu2vjpw9", "pjh2lr22"]
4853	["7zngkwoh", "upiu3e2d", "fj6l76hq", "cnmawglq", "7zdi0y2s"]
4884	["ckswlo9o", "nd5r4yt4", "8900eg64", "vf7xj5qt", "3rxis57m"]
4894	["ypls4zau", "mlo8zypy", "9n7bkayx", "ryj83uw3", "40fvjskj"]
4901	["szekvw7e", "r0nmq9ne", "oxa060jf", "28fu4ptm", "1v8xf5uy"]
4928	["jkm496ip", "pxpghfhq", "pcekcvwr", "vaeh5z4z", "9mdf927z"]
4955	["kl2766oe", "ch4ouyvj", "etfweo49", "rog0fp93", "u8t64wmg"]
4962	["nzy970he", "m2id6kxw", "isk5cu0k", "9pn62o4p", "6uli512b"]
5001	["e9ntnp5r", "ug239kup", "bn0fegqg", "nrl6jkpc", "f07go7nh"]
5004	["3jrb0sn8", "7qpwux9w", "r2hovw0y", "fq9wx29o", "f6l0hwyw"]
5008	["spiud6ok", "wdw0a2kl", "po32j519", "ssmw2jef", "2fsjqsiz"]
5020	["t2gxkxxd", "7015mpuh", "5xk20hs5", "kde51mn0", "qv31t2vh"]
5022	["9s9ctu9i", "jvood8ur", "lai0otkm", "e8mk04uf", "jp87rp44"]
5039	["wubcq0xx", "gjsrfmj4", "g6i3x433", "in69fhw9", "hgvqjtfa"]
5048	["a0q61mpi", "xtmn1n0r", "ordof7g5", "i1yf8fgk", "mkgszhkk"]
5055	["vhjzjdou", "w45ih46q", "ltga2btq", "z8ajje2l", "42t0zriz"]
5069	["g8tckoxj", "t6de15ax", "v3kzly7z", "djev6er7", "tloczjn5"]
5082	["9b6cepf4", "zycgczqy", "rpwmcqbg", "2fokjcjr", "5vodag6c"]
5084	["od5nnxvg", "5zn5mgi9", "h6dsjkvz", "lvrdgpyr", "ykxr9q1j"]
5090	["x7qlnugx", "tgrh7ap4", "q5veu992", "ho6qjkyr", "niw61l9r"]
5097	["hduwjbtq", "bl96upg3", "mut94ov1", "w5rk8luy", "mb18fj8a"]
5098	["8je46886", "z86g8dzs", "xtraspw2", "mnjy6bq2", "9pb2eqoa"]
5101	["khymg0zr", "cq5il80s", "je585xia", "be4afbyo", "33wqmdnk"]
5107	["byw8jsqv", "eywnnzxe", "u8mu4yga", "9mn6trtn", "zl4ixyg1"]
5109	["yw81byd0", "ickzzm6y", "ps5crd29", "jd3np9n4", "evuixig8"]
5111	["ptd57hee", "bvzi49hy", "09jbs6mx", "xkqajjgw", "lby3xhmp"]
5154	["ivy95jpw", "iu5ndsxn", "hcw0cisk", "lm73oj21", "0qy6hcgp"]
5178	["0x3uihto", "ojw27c8o", "roev0cye", "piuasuld", "euyvqz2q"]
5184	["m5k28kbu", "otme0vmu", "37ricask", "k3mz6lf1", "o3bp0837"]
5190	["7yias3rj", "7hvq9qaj", "park7t3g", "dpyz8uh4", "t93vc14m"]
5212	["u3ympejy", "jvo0nk3w", "l19nsvun", "29ph2eai", "nagj4wh8"]
5218	["ca9uxrtc", "jr92ou2e", "5rdsn2mn", "b9nsh19x", "y7v9zc6w"]
5240	["h65g7bf2", "tgstsac6", "bcraqemn", "cwm0bsov", "60la1jr7"]
5242	["m5k28kbu", "uk67ac2r", "lpbb4rga", "o3bp0837", "53zopedx"]
5255	["py2ygpzt", "ah8mzt1g", "yy8mbw1a", "fhypca85", "psqft1az"]
5276	["i5h0gm3u", "24t0lunz", "t13pehgc", "ia8rou81", "rm6av6sj"]
5298	["9b6cepf4", "763v4duh", "3ttyxjgi", "atwx0a2s", "zrnxq5uq"]
5303	["vwmjf326", "a4kjk836", "y14lw5b2", "2gjo4oqn", "vnyly6uy"]
5311	["f6li7qil", "5ojyly05", "um51u84w", "98ejxivc", "nuu9l5kx"]
5313	["z86g8dzs", "7th2js19", "ois60wyj", "xzesrmxq", "b8ipstv2"]
5317	["2firaix6", "x6m7yq65", "feecx1ig", "mt61b7o7", "ca1v4k3h"]
5320	["yrowv62k", "jjh1z5c6", "8ko7mmu3", "hqapg5ow", "w1bx4a7v"]
5323	["r58aohnu", "fp81ceeu", "jxrex0g2", "ngpwor06", "0cnjtxyq"]
5328	["w1bx4a7v", "nom4z0tv", "yrowv62k", "eay6qfhz", "t0iw2vod"]
5333	["br0hhzmn", "6yinwbfh", "6ctrrvi9", "hgph0vx4", "moe0bi1g"]
5366	["8je46886", "9pb2eqoa", "z86g8dzs", "xtraspw2", "w0ebmg16"]
5399	["14alhxc3", "qeqd4soe", "cntmsia6", "ivy95jpw", "rp9opdmd"]
5410	["qqwqmn2z", "ja4oo96l", "fdn6h4gi", "e04rm758", "yfdcgilr"]
5430	["e7uvbra5", "2f09vauy", "ljpeq5aw", "xd5uhah4", "li8kvzdh"]
5435	["9hzbi2yi", "vu7bq4b2", "zqg1r6c8", "479wkesk", "fsl4veps"]
5441	["ljpeq5aw", "uyzalds2", "x9sfgtim", "ropgq7tr", "8ko7mmu3"]
5446	["li8kvzdh", "dccymlie", "121p2shq", "ftxgcgkb", "6hl6rtsh"]
5455	["34eot3zh", "4dsq1dds", "4hog76lx", "08z6z7d5", "bxuwx1jj"]
5460	["qcssljgq", "4bw26042", "1l10diya", "913sln1q", "u20e82de"]
5464	["cd81i918", "uc316ncl", "39zvwm0s", "iqq8kmn0", "so9uy899"]
5480	["t3dzso36", "2j11uxmx", "7xnga86x", "rb20ge7e", "nt1e70dv"]
5490	["2damkjcs", "cht8xf0x", "h7f3bkc2", "r4j1rcm5", "u6b8iwr0"]
5492	["ioclf03d", "73b58lcm", "iez1j9jn", "z94skip6", "qun2lfcv"]
5497	["nxabdur3", "lt7qsxxh", "h1sura49", "du8wmh6n", "9avmlz30"]
5506	["tstx42h7", "p576v9du", "ckswlo9o", "755ym7vl", "fa05sovj"]
5512	["518rjfnc", "uqpxs7et", "784gmskn", "y4rhmd8t", "jlrzu0wl"]
5515	["x44oc1k6", "oeudi6lr", "1nqbqmum", "ra28885e", "vqbs5ot5"]
5523	["6j9x3pn5", "3xzivp7d", "xokujzbl", "uaccs7k9", "93y40vnp"]
5532	["tk0iwpnb", "tp7wthiv", "g2nhydu6", "vo4csaah", "ub7ilx98"]
5535	["3m9yonqe", "trmwm9qq", "dqhdws5k", "9aw78s63", "sygm6irl"]
5623	["vbnke2q5", "gg5c8v7d", "zvmwubuk", "z2jtzsl6", "ksqxfx8m"]
5648	["lxzmiehr", "4mp1iu55", "icnjhhyy", "glkjxl0t", "kee1crfe"]
5663	["3znsneqq", "ielatiaq", "a8065dca", "y30na770", "sdsmy0bw"]
5667	["73b58lcm", "jdg8gsve", "h2u5w4a8", "6ys3uogb", "1mx3jrup"]
5668	["lsojoa7c", "fbcu88lv", "bakwk4tm", "j0sr3ifq", "fbsrggog"]
5671	["vy21fxfd", "j5b0f3uk", "j4bfn87k", "4vkgn3yt", "h3tor88n"]
5686	["fdkt6moe", "2ui7z8wi", "mu2vqjnv", "pvsox183", "4rsvcbnz"]
5695	["9oejm9sc", "ey0r1py7", "octtj2vf", "z79x349o", "db8fl9d2"]
5719	["jgs4jszx", "8acldtv2", "lpoxaetv", "opckeugf", "4p6fcy8f"]
5748	["a0q61mpi", "usyduiti", "mkgszhkk", "5yscqct1", "qi1henyy"]
5762	["46no7uq8", "1v7zkplv", "plvrpzq2", "bpu3hpbn", "w1d83bkb"]
5764	["j58f1lwa", "i0swl50w", "xymnnjoc", "fm6lf66a", "8czk7ipr"]
5765	["t4os33em", "jmhexmet", "45r6aieu", "nzat41wu", "hi4a02kw"]
5811	["y43prnko", "g17lp8ch", "ef3warsh", "hf79cbuq", "0vlh67jw"]
5814	["zy48nad1", "pggf4wyo", "5yi8lm2e", "msra1ghp", "ty2hsl6r"]
5817	["x44oc1k6", "qlejjw9s", "urj0nssb", "1nqbqmum", "41yfx1ev"]
5825	["8qdcls1k", "3u3i5myh", "70s04wty", "a4klrp3h", "zi0cedd9"]
5830	["3u3i5myh", "ijzoa0yn", "a0dvzhc8", "jlnt1pdd", "ckswlo9o"]
5835	["y3fagw3t", "nhy1ofwa", "hn8pmcto", "hcuxj2k7", "y3c478hf"]
5847	["oydib3p6", "y930bpqt", "gw1pr7fw", "eztw9tx6", "awn23o8y"]
5851	["v6qgjuas", "42wh36ge", "sdtr6yla", "xyuj1j57", "0qyhjutm"]
5858	["erygg5u2", "l00jvzth", "f18a3xiv", "n9zqc1gm", "3014grzd"]
5887	["tb538rkv", "4rzogopt", "r99924c9", "yhun6hid", "yb6jk5j0"]
5891	["8bjfoa9g", "sijfzd2o", "wn98fql3", "usyduiti", "y14lw5b2"]
5893	["r4q0zqam", "n1r841sz", "eahv0nxf", "r6pn17no", "oqd5ozun"]
5899	["g4k0ksr8", "1hfvmyfs", "opogstc5", "r5iu5nr1", "ickqi7iw"]
5951	["lr20prun", "3jn7tdaj", "zew4tzy7", "a0q61mpi", "sazglyaz"]
5954	["5gq0wqej", "5rhrd0s4", "o7qytdl5", "idlk9itu", "xuqkhpn7"]
5955	["u8mu4yga", "w1bx4a7v", "1s8jzzwg", "qi1henyy", "9mn6trtn"]
5976	["io8mozoe", "5eo7wfle", "4cy3er3y", "dmqk247e", "9oxajwkk"]
5986	["2j11uxmx", "7xnga86x", "t3dzso36", "rb20ge7e", "x73moqog"]
5999	["yhmcx7ae", "j4hnitqx", "b7llp5r7", "6entp07f", "ln6t374j"]
6011	["enlj85zc", "zs78ndoa", "z43p1dmf", "cfi5zhgu", "d60chk12"]
6013	["53ts46vr", "tlknj4hm", "rjelshrp", "ln6t374j", "mxho3jgz"]
6018	["cs2mgj70", "e7ntocgf", "sdsmy0bw", "tx2dwo04", "1na6yp9b"]
6030	["2fokjcjr", "9b6cepf4", "a0q61mpi", "jgcv1wf3", "veeavho5"]
6033	["trrg1mnw", "ky5env7t", "soz9p0yd", "2jdlavwj", "5xk20hs5"]
6048	["8lzpz58y", "lgtpeqhw", "4kgnx00l", "yn9qcwvq", "iqe6sdq2"]
6050	["gtp5daep", "46y1pa7o", "3e8angvj", "n1ht2eb1", "1cvpw5hp"]
6051	["9ixpj162", "plzklj7c", "9e6g15iw", "v5beddu4", "cwdtyr1v"]
6061	["sc40pmn4", "iseh0z9c", "213bme3q", "1iclw0nt", "ubjd0052"]
6073	["7zngkwoh", "y43prnko", "hf79cbuq", "am2rrgrb", "fj6l76hq"]
6079	["zcmaqar2", "edmxk1wi", "798ajlwl", "kmpsg94i", "xxu5e5t1"]
6088	["is9a77dk", "bqn29m9k", "71x3b75z", "00ia8k0b", "6mfd3n4s"]
6092	["qkg8fwbp", "25jq098w", "irhizn0b", "di4p48ax", "1peg3502"]
6104	["f5twvg9g", "lp0r7j5c", "fm6lf66a", "solieify", "n6of82yn"]
6109	["cfbj6ize", "5c1e0770", "xj1nw76b", "dkukwnov", "hcwuv519"]
6117	["kq0cu73r", "g99myvw1", "611ih9pl", "46r46ja3", "oo4zwcdb"]
6129	["8je46886", "9pb2eqoa", "xtraspw2", "w0ebmg16", "z86g8dzs"]
6139	["ny7wkswf", "vgffg4c1", "uxz185vr", "2uy0jjdh", "oz047qmf"]
6143	["5jwuluy9", "czhdn71f", "sh9w4ipq", "qg153asp", "ijp87jav"]
6155	["1vd4j3qc", "g0wujywh", "02p4et0u", "n5c0hcwn", "rckwiqgb"]
6169	["f2zgrgva", "qci7khki", "ir874dkj", "xii14gan", "8rgpr2lo"]
6179	["rtwr4a1w", "ovel2jln", "19d29mnp", "8pdlynuo", "16snmor9"]
6202	["l97yi8l9", "407va85q", "hert77y1", "onlly1ga", "ivy95jpw"]
6204	["sybr04qy", "kn9b4v8j", "jfjxujwj", "55lbj72e", "d9rd5392"]
6222	["ydv0hc0m", "ewg9d4ei", "3rxsplrl", "xxuctcyq", "psrsed4b"]
6261	["zbi0llig", "oyr4klqk", "uohbxoeb", "bzeqs5oh", "mjb3ip7a"]
6275	["t0l6mlm5", "6g4oclln", "mg8uyeuh", "08p8ns2d", "c136gh0b"]
6276	["7d6snq1v", "cwekmw1a", "1fdnbq1f", "gjsrfmj4", "uyo1rpx6"]
6279	["sh9w4ipq", "8uxvqspp", "3sr2exq9", "2199ydle", "tx8ypqsm"]
6292	["k30wvnx8", "ikon1ktb", "06yjv1ae", "gg5c8v7d", "ncfvllzi"]
6294	["xz7yzr2f", "dny9rgv9", "w3zic0on", "5i0m18nt", "qwgufqcs"]
6296	["nblbacmn", "beb9lxvn", "gjtefdxb", "epar8qi4", "6hehg1yf"]
6301	["h2vct9h5", "lfo6otkc", "o877uul1", "z35xw2p0", "9f5i6crg"]
6304	["isivkz8b", "h6gdck2u", "yy77zuu4", "43c1vind", "nc7ll3hh"]
6317	["h4cu63cm", "c0i45oix", "8ljnxihr", "wwt7mn55", "dt8h6a0v"]
6325	["y7lrp0gc", "6mfd3n4s", "dgnddq80", "hvp47bm2", "kjf63oug"]
6326	["asj7352n", "zvngy7zz", "2rx84imv", "fz8ohqcb", "vh4uq6d9"]
6333	["925f5ucu", "q6ho9pdk", "c2s2lxw9", "i4bb531h", "9nicryzs"]
6341	["u9nmqcgs", "6o7q57xl", "7qrdvap1", "lvykuqv8", "ix48o00j"]
6345	["urv9o2f1", "5zhjn3u2", "oi8epg9m", "wehqqbjx", "3o91v72a"]
6353	["3o91v72a", "2j11uxmx", "t3dzso36", "rb20ge7e", "1wui9gwa"]
6356	["qeqd4soe", "rh2jrojk", "ml27mexb", "sywxrxmf", "ivy95jpw"]
6379	["qeqd4soe", "14alhxc3", "rp9opdmd", "tq2vdo88", "zqzs6vtf"]
6394	["72jwlfqr", "vw9jd88a", "vf7xj5qt", "lav0kp21", "rfv0omd6"]
6396	["itvjhlnn", "ynwc739g", "fdn6h4gi", "oeudi6lr", "8g8yc0tu"]
6417	["6ti9w1pn", "wrkx7qyo", "2nthllnv", "hjkml4q7", "ekej22k3"]
6418	["nmh6luou", "wxxi37v9", "m5siraig", "sazglyaz", "c6svgwoj"]
6445	["8zufbeuz", "x4zuv4jo", "b5yrfllu", "5aev7ltr", "j0bu0upi"]
6455	["zp93k874", "7xnh53x0", "qbp5nid8", "xe2a9x07", "uyrg5bed"]
6467	["r1wh54q1", "q473xazz", "k457kqlo", "09jbs6mx", "ga5z3via"]
6492	["zbkx78mm", "k3mz6lf1", "aizquh16", "ncfvllzi", "n0zppf8v"]
6525	["6r1hy34r", "47d0wl98", "mt8h4rk5", "g4250q6l", "gy0kfhy6"]
6533	["ajzl3y46", "k87kwyox", "azhnpsyu", "w0e2expw", "elu3dztf"]
6540	["sgj526ne", "9colibhs", "utxzc0x5", "9th9mm7e", "5tkyir3r"]
6545	["cymppa7g", "bk3ss63e", "fbsrggog", "1adt71pk", "kt615lm4"]
6551	["jt3vjsqe", "r0pzpont", "4ylt5rhg", "379lh456", "n5sei1oc"]
6576	["w1bx4a7v", "gin90aef", "umvrwgaw", "ropgq7tr", "x51jorbm"]
6612	["61ltmgyx", "oeudi6lr", "pocvjjox", "bk6ext3e", "4co920gp"]
6623	["uxxrljse", "zzf2i2k2", "zqg1r6c8", "s245n3qw", "yg2voc65"]
6625	["78d7vub4", "5nue46dm", "1nmzo9at", "f5bs391p", "8w43qkqu"]
6637	["s1kxxx1v", "e1mtdo7v", "kczhrxxd", "tmwt9yd6", "0cybfr2n"]
6681	["8je46886", "z86g8dzs", "xtraspw2", "9pb2eqoa", "w0ebmg16"]
6685	["2uy0jjdh", "ok9o9tta", "1wui9gwa", "dt2pew66", "ike8mgh6"]
6707	["8jhwamfv", "5epugrai", "d1w8xqvo", "70m9l3y0", "mcm8hvjx"]
6720	["3km6yfr6", "vzdu9jwn", "6gqxf34l", "0999t5x0", "2y1onwiy"]
6738	["bzeqs5oh", "uohbxoeb", "oyr4klqk", "zbi0llig", "a40yhtqk"]
6747	["33wqmdnk", "cq5il80s", "khymg0zr", "je585xia", "be4afbyo"]
6749	["7y6ok9a2", "n5bqf6rj", "f0m3wuyj", "shlom61r", "0an1j8wk"]
6765	["4p6fcy8f", "od5nnxvg", "s2hp3sat", "ykxr9q1j", "olhgu24h"]
6766	["incbwgua", "58hqal2d", "5c1r2ml2", "dqlwamhq", "6zfeeuy3"]
6773	["jgq968f6", "4p6fcy8f", "56rn6d6o", "0emibwp3", "8acldtv2"]
6774	["9169o29b", "0emibwp3", "4p6fcy8f", "z807g8i5", "olhgu24h"]
6778	["dsfbmhbj", "ecro0w9n", "ocxl6cf4", "ju87prqm", "7d6snq1v"]
6805	["ot1uz6vc", "ldcim3cw", "x44oc1k6", "ajzl3y46", "b88nilfd"]
6816	["ml27mexb", "407va85q", "9wnkmn27", "fub50lvt", "rh2jrojk"]
6822	["02p4et0u", "b0wy5zz4", "1vd4j3qc", "ws3tfs1j", "t4y1ylb3"]
6829	["74o2xil2", "rwxhqraa", "2l83gyx5", "eapwqsrc", "pfc31r4o"]
6833	["8cviwmi5", "2qwv6wzq", "kt47i60w", "1j4w2hyp", "6crputzl"]
6854	["ueb7mjnv", "bp2ilntr", "bu5kfsfi", "222c1jzv", "r8lv1zzx"]
6855	["eflwztji", "3u3i5myh", "uru7bkr4", "peiqusin", "txnegebz"]
6858	["9b6cepf4", "zycgczqy", "rpwmcqbg", "5vodag6c", "qdw86v8i"]
6864	["14he8n3u", "z3o3ib2f", "8ruux4sw", "2xjv2fb6", "1ad18z11"]
6866	["u95kg3m0", "nles7ymd", "yfoxndf3", "u07jsjmf", "0b1dbz6q"]
6868	["vge26qe9", "ngywgodg", "1peg3502", "3a5965df", "fpexa30s"]
6874	["62bob168", "ua10zb5y", "g4ve91g5", "h82s5xst", "fyy42zaf"]
6881	["f2zgrgva", "5vpnmw3f", "8cd5z4di", "hxyn84jt", "1l10diya"]
6890	["65efipbi", "ftxgcgkb", "5zzlhyga", "z8ajje2l", "yzn6jibu"]
6896	["f96qs295", "8je46886", "w1bx4a7v", "1s8jzzwg", "mja2qlpk"]
6897	["atwx0a2s", "0yysikc1", "9b6cepf4", "3ttyxjgi", "db8fl9d2"]
6900	["atwx0a2s", "5vodag6c", "2tre0wat", "wzqdo1st", "2bpyvgv7"]
6901	["33wqmdnk", "cq5il80s", "khymg0zr", "kek9i9zd", "je585xia"]
6962	["iu5ndsxn", "r76tqrwz", "1l4o9pko", "qeqd4soe", "9wnkmn27"]
6971	["f4jx3b2q", "3jn7tdaj", "8je46886", "lkb09vs8", "octtj2vf"]
6983	["xr70oiv3", "19i9lknr", "9anlwi27", "yoiq6cgt", "vs6ev73e"]
6992	["oi8epg9m", "yx0u0iyw", "me08w1ir", "6mzqk12f", "bzzln9kc"]
6995	["ohvh8vga", "dmlyd50n", "9lwtmn6c", "zbr3kfv2", "ybyk54ts"]
7001	["urv9o2f1", "oi8epg9m", "yx0u0iyw", "ro3k6q06", "wehqqbjx"]
7002	["kr4sr1ae", "9195zweg", "1peg3502", "fpexa30s", "nbdk83ok"]
7007	["dsfbmhbj", "1tmqe3xf", "v7szuzfa", "23gax7wp", "ulwirxeu"]
7008	["xui25c83", "wv2gzahy", "wbix36hf", "n0actmsc", "mncip6jj"]
7030	["0njpdbv5", "sok0cyd3", "2tggadqm", "iayyox4r", "ijdk1nnc"]
7032	["t4y1ylb3", "7a543f7v", "8l5i1z27", "cj3cpn5j", "02p4et0u"]
7036	["vp78d808", "hbyxy4ln", "7bhue8w5", "zjpxfd7c", "pa81t00f"]
7039	["q9bwvh0t", "z6sjfdb9", "qp34apct", "6mzqk12f", "6lsgwvsv"]
7049	["8ko2lc1b", "vrate482", "zvngy7zz", "pxpghfhq", "bnrmh1qs"]
7056	["kvcx11yo", "hpr8rt9n", "khkw1hhv", "jcueu1xh", "xolflz8g"]
7070	["2j11uxmx", "7xnga86x", "x73moqog", "6j9x3pn5", "5jlohhmv"]
7109	["eywnnzxe", "byw8jsqv", "fypodr9a", "2qcuygax", "sgo76prc"]
7113	["suw0h7s3", "zrnxq5uq", "ca04j8sc", "mfp9jbti", "vf7xj5qt"]
7130	["uohbxoeb", "oyr4klqk", "zbi0llig", "bzeqs5oh", "hn6clwoj"]
7135	["oyr4klqk", "uohbxoeb", "oud5ioks", "zbi0llig", "hn6clwoj"]
7142	["hn6clwoj", "uohbxoeb", "zbi0llig", "pa000mr8", "bzeqs5oh"]
7147	["uohbxoeb", "hn6clwoj", "zbi0llig", "pa000mr8", "bzeqs5oh"]
7152	["uohbxoeb", "bzeqs5oh", "a40yhtqk", "te0v91nr", "0bh8i14e"]
7156	["uuy94dwa", "2qsh2dlk", "d8gx7xbj", "hinu974s", "o61dn71v"]
7170	["fm6lf66a", "1j4w2hyp", "9megonpn", "6crputzl", "2qwv6wzq"]
7172	["721ofhsv", "d6mt6nze", "1vyfy7i0", "kr4sr1ae", "dpyz8uh4"]
7178	["5o0ihd3f", "h5fvf5ja", "qp8jxcdl", "unbx6od5", "icnbhg6e"]
7179	["llv66c9p", "ivy95jpw", "sniabjhu", "n311ptne", "4gj9d181"]
7188	["7f5nywod", "lf6fprh0", "3qtxnbb2", "pi9ndj9p", "4co920gp"]
7190	["qeqd4soe", "rh2jrojk", "fien6nra", "sywxrxmf", "ml27mexb"]
7198	["cfd1x420", "rpjg4a9i", "z1y1zgo8", "k2zrdjyo", "6ukt0gbn"]
7199	["z1y1zgo8", "cfd1x420", "rpjg4a9i", "98ejxivc", "yaedocvp"]
7200	["25bdifv6", "cfd1x420", "rpjg4a9i", "nc60nlq7", "k2zrdjyo"]
7205	["vmijl5yu", "8rp0v8yo", "jkdyo2zp", "5jwuluy9", "blqukxw1"]
7208	["j6vs6izt", "sdij1d90", "b70zywkw", "51c22b8w", "s1hmhupe"]
7212	["ixhaq0az", "t3dzso36", "b35rzdga", "t1ho5c9h", "f3k3olld"]
7224	["ksqxfx8m", "4kgnx00l", "u691yyuc", "z2jtzsl6", "ivug325f"]
7232	["awh8y9j8", "6mzqk12f", "q9bwvh0t", "2qcuygax", "ro3k6q06"]
7235	["li8kvzdh", "e7uvbra5", "dccymlie", "6pn9jwfn", "ljpeq5aw"]
7236	["6ovv79ia", "7ru6tapp", "5detaogc", "r1m709hb", "gi21di4d"]
7240	["6msw06fb", "d5sxycaw", "bdvnwrd4", "6ukt0gbn", "yrxgaiy7"]
7242	["6ovv79ia", "octtj2vf", "3jn7tdaj", "b4161ynv", "terj0odi"]
7247	["6ovv79ia", "r1m709hb", "8k2v0u19", "solieify", "z2z0hu49"]
7264	["qkg8fwbp", "7yias3rj", "r2cx0nmw", "6xc4j09c", "01q4pu9k"]
7265	["9hzbi2yi", "4yp4beuh", "vu7bq4b2", "wdj7o7kn", "yn9qcwvq"]
7297	["yaedocvp", "k2zrdjyo", "25bdifv6", "rpjg4a9i", "yy8mbw1a"]
7310	["p10cya94", "dwcu6vyp", "zmk8bbcd", "kc6dls2z", "h1mo3bs8"]
7328	["78d7vub4", "po32j519", "cymppa7g", "b6lq0aue", "bk3ss63e"]
7333	["vp78d808", "7bhue8w5", "34b511wf", "w0vjyycy", "pa81t00f"]
7346	["dsfbmhbj", "v7szuzfa", "ecro0w9n", "1fdnbq1f", "uyo1rpx6"]
7347	["xthxesgk", "1lz5xobh", "wt6bp8os", "4ehxnzc7", "icse3cz8"]
7357	["250glj07", "nvebqwwh", "97msfh4l", "43eh69dx", "yk872yaz"]
7358	["tzp03hmr", "byw8jsqv", "eywnnzxe", "929rrh59", "s6b2zp99"]
7388	["cj6o6ady", "dmlyd50n", "ysu5rwmi", "itvjhlnn", "9lwtmn6c"]
7391	["kfn2q7wt", "7axo7k51", "iwdklgyp", "7wz030vg", "0fpa1f30"]
7423	["08xv22bc", "oeudi6lr", "ra28885e", "65n6p550", "ikjfv4oh"]
7425	["mx924s06", "b0g8y96j", "clzxo1ly", "sdsmy0bw", "keaxietu"]
7432	["yn7e3do9", "78d7vub4", "8ufjh70o", "lvvw1npq", "f2zgrgva"]
7445	["q1nye2ih", "lav0kp21", "leg5ntvu", "snlukr6c", "6oicmeam"]
7448	["26kx1b0h", "8zufbeuz", "j0bu0upi", "zfqz4k8a", "z1wwlea2"]
7459	["ljpeq5aw", "li8kvzdh", "p36ilfqj", "uyzalds2", "e7uvbra5"]
7466	["9kk8pevp", "1ef8ac5c", "vnb7g17n", "fynl88p5", "ljt9rn8z"]
7467	["9195zweg", "8glhd9xe", "nswj8x43", "6xlk1n4e", "j7ltjn4k"]
7478	["5jwuluy9", "c4mz6w9r", "aefzogn3", "orqulgfr", "jvgq2p61"]
7484	["x7qlnugx", "0ml57rhr", "oyplh9cn", "q5veu992", "niw61l9r"]
7489	["9pp81nw7", "wkl3jyzn", "d26v1k1y", "9yl6lg4y", "4iifpqgx"]
7495	["1s8jzzwg", "w1bx4a7v", "e0pbs354", "1zuhilmu", "vvmb92wo"]
7497	["vj5ahoi2", "ckorpogz", "zcvumy78", "n7kbk9id", "8d6vcqr3"]
7498	["udr7gxv2", "0jvoa3ui", "tffhk1hy", "b0k91b91", "jkdyo2zp"]
7509	["emg87q94", "16qdfits", "kk47kxwf", "okabnt0t", "m0zvo2tq"]
7514	["rbau5dc2", "fhc1qf8d", "jnwuu08w", "0rftk787", "f257q7ku"]
7519	["zxe95qy9", "fmgj3noh", "rzrrnypq", "222c1jzv", "jnz5by5w"]
7528	["6gb1za5h", "qh6rif48", "3l6ipiwk", "fiicxnty", "tyaazpo9"]
7529	["3u3i5myh", "929rrh59", "f3mvdpq1", "eywnnzxe", "52jtd51o"]
7530	["3u3i5myh", "ruewzstg", "70s04wty", "ijzoa0yn", "8qdcls1k"]
7533	["1v8xf5uy", "lp0r7j5c", "28fu4ptm", "qnuphz59", "gtp5daep"]
7539	["dsfbmhbj", "xigbp7vh", "7hporv6w", "bvzi49hy", "mqyu72nc"]
7558	["tra5ewc5", "0clp6zt6", "ximw03ej", "lr20prun", "0r0zdpds"]
7561	["g4nceu64", "kjgyjk2g", "b6yfgc8t", "axd0s9cg", "x5m6u9pg"]
7590	["jk5tczo0", "msut5gyc", "kugpzkyx", "iu2frsec", "v06kyana"]
7596	["g9pwxfd2", "ymhg8mon", "cbhlzemx", "s0374olh", "bsypo08l"]
7624	["sgj526ne", "9colibhs", "utxzc0x5", "atdo94f4", "l07q84ni"]
7627	["v6w9mlsa", "uru7bkr4", "ovgk0wsn", "53zopedx", "u7tqolyi"]
7628	["srmmmyll", "1e8cy2j7", "rvny2khn", "tx3qbg32", "ovgk0wsn"]
7629	["ewm8j8hg", "8u5tw2q5", "8pli09ym", "yyfsnthj", "ulmyc9su"]
7636	["xtmn1n0r", "h7ftu3ax", "w1bx4a7v", "x9sfgtim", "ropgq7tr"]
7682	["u2kjft6q", "4mblzyxk", "0aik5i71", "b0wy5zz4", "ub7ilx98"]
7683	["6lsl7ahj", "brt4zrhe", "clzxo1ly", "7omyaap8", "zjur5j95"]
7685	["cqsga44v", "i99lqr0p", "7env0mf5", "vjvyjblu", "soz9p0yd"]
7689	["kgggepu0", "cabmmgg6", "pfh6nm9r", "mi6bdisx", "4mblzyxk"]
7701	["nfem3htm", "4kfbs7j4", "723l0buc", "nnp6sv19", "p94qntyb"]
7713	["b9uc5gpv", "qcxpmfmq", "ssskg86y", "2neevooh", "f6dcl9hk"]
7721	["ax3e82js", "oud5ioks", "oyr4klqk", "yt2fp8zl", "myeiu66g"]
7756	["3u3i5myh", "z8ajje2l", "8l5i1z27", "cj3cpn5j", "qkg8fwbp"]
7759	["wn98fql3", "g17lp8ch", "j884ppwq", "l8zfuhzk", "atloc9th"]
7761	["kfohrmhl", "syv1rrte", "heegb7pp", "fm6lf66a", "9jlnker4"]
7772	["hg1gccxo", "1nsrgv8v", "fy5dqqt6", "kwqdyhn6", "5byvojjx"]
7778	["w3ls1d7w", "pdfl15fz", "x51jorbm", "4zswxeth", "gin90aef"]
7789	["z2z0hu49", "kayh0v56", "lpbb4rga", "zew4tzy7", "eq5qqshb"]
7801	["z2z0hu49", "5azti19e", "kayh0v56", "o8lasxcb", "eq5qqshb"]
7814	["1tz7y2sh", "t023li1a", "1hlndwzk", "f07go7nh", "5sx04n3x"]
7819	["d26v1k1y", "9pp81nw7", "qqe331ok", "efajumk6", "9yl6lg4y"]
7831	["jzu70l93", "y14lw5b2", "q6svfacf", "l69kwh48", "vwmjf326"]
7835	["44flnf9t", "9zg8q0gk", "v6jjzs7i", "n2wqalcu", "9qbq7hwy"]
7836	["0jvoa3ui", "lsrpk3wc", "y0wu60n4", "2la3hkzv", "mny2mtef"]
7867	["p10cya94", "zmk8bbcd", "qbhw96wv", "70m9l3y0", "gorp9n1g"]
7872	["svgguadm", "uru7bkr4", "5upb25gt", "53zopedx", "l0b99hye"]
7894	["5vvyd0wx", "entkqcn3", "ksjkypzx", "yi2m5ukw", "1pbo1qlb"]
7895	["qfq1nfcn", "y2zcwcic", "xnrp2tpd", "bqdvx458", "7qpwux9w"]
7896	["d7024aia", "ngbnnpni", "4hmecfi0", "entkqcn3", "r66vfirw"]
7897	["828eqxla", "5dk3pslc", "ky5env7t", "00ugdhvf", "1v8xf5uy"]
7939	["yw8a1ssd", "getnq0ek", "icnjhhyy", "gvn2v6rt", "1fx7x8af"]
7963	["f72i7wxu", "lqz921r3", "gcv4lmsr", "hh7lccet", "17km3arw"]
7965	["grx4gx95", "tmonjdrp", "sjkni2uc", "il3g34k6", "1lggbkly"]
7968	["tra5ewc5", "zycgczqy", "3h80bn0k", "dt2pew66", "l4y7v729"]
7983	["jhge9qy5", "929rrh59", "53vvp3j5", "ckswlo9o", "hxpqexi1"]
7986	["b870ftnq", "q7pieq3w", "87v7i620", "lzsbte0j", "9anlwi27"]
7991	["7cbxp6q5", "njcrqfdr", "53x6do07", "ovuh3qoh", "k0oket8b"]
7994	["yg0ovmu5", "9wn91fj2", "deas7kr0", "80cbwj3o", "rnilge14"]
8012	["qtzhfnr6", "tmonjdrp", "1lggbkly", "gqwwfpch", "grx4gx95"]
8044	["u20e82de", "3sqy16rs", "eipscagh", "wzfvqj6m", "qbbwvyn9"]
8046	["45r6aieu", "hi4a02kw", "nzat41wu", "jmhexmet", "c84lpxrn"]
8047	["u20e82de", "v72mveyu", "3sqy16rs", "eipscagh", "qbbwvyn9"]
8055	["e3e48idb", "zpv5f8pr", "9az7i7bk", "e7ud2rrq", "ovgk0wsn"]
8069	["q9d54z1s", "lht6lhry", "bpnqz1cn", "3ss41iea", "jvood8ur"]
8070	["2btgsuz0", "8i9xwogu", "oy46vntr", "k2zrdjyo", "smezcos0"]
8095	["80dfqjql", "9kf9anqf", "xxuctcyq", "k9xhphpl", "qh6rif48"]
8142	["i94boetk", "fq1am5na", "s96b0s76", "qopfltoi", "v0dkbn5l"]
8144	["i94boetk", "fq1am5na", "s96b0s76", "b6ki6rmn", "o1xsjx2p"]
8179	["9195zweg", "fdkt6moe", "2ui7z8wi", "164yx77a", "tbio295u"]
8191	["ok9o9tta", "efm6zj9r", "x7qlnugx", "10l6kx3e", "xld7ztx5"]
8223	["ue58uvot", "0ogmwreb", "gu4mz2vp", "wuazkwsi", "52x62y5l"]
8239	["gkf3wez8", "3xvphg52", "10dkpj5h", "cfe6rb1x", "5sfojk7y"]
8247	["ihlkhh2d", "5q6cnfse", "rg3iygo4", "o34l05d0", "oa60fwht"]
8249	["ybwwmyqy", "k10wpya8", "ouvq2wpq", "vabb2f26", "i6zofi4g"]
8250	["0j4ind0z", "gjustwrb", "64ugdvfe", "frxriw9v", "ssdqobqb"]
8270	["56u8u50l", "itvjhlnn", "l6yr6ang", "dsg0p37t", "eym2rh8v"]
8281	["jn68rbvb", "buswbfd5", "7axo7k51", "2axyombe", "ubyplrlf"]
8293	["jcq5omdq", "ckx6wxxk", "d4p5r746", "84xjcyvu", "hs7l8ih1"]
8309	["xk6rp4e7", "duwr9b5b", "g3hujz5o", "l3a3polk", "1xvj7xq7"]
8311	["m69ceq2t", "cq5z8lqu", "zbi0llig", "oyr4klqk", "uohbxoeb"]
8314	["bzeqs5oh", "uohbxoeb", "mjb3ip7a", "oud5ioks", "te0v91nr"]
8315	["feovbv3v", "kee1crfe", "4mp1iu55", "lxzmiehr", "cgz5ot21"]
8316	["on53pegz", "tc1exm56", "9p73l3rw", "li8kvzdh", "lae18d0l"]
8321	["ba5h6uhu", "qa2pgjvj", "b6lq0aue", "6j45mmjh", "fbsrggog"]
8350	["t5sgguxr", "gp3ib74q", "6fpw6y8t", "5053t5ki", "rimct0c4"]
8361	["s3o9v1fl", "dfhxcqr8", "vgk1sgcp", "mru0mcup", "ktymj1no"]
8369	["9ixpj162", "v5beddu4", "9e6g15iw", "b4mjo92p", "plzklj7c"]
8381	["tbs3b4ww", "5vbik12k", "95wclabe", "ay69e8ad", "tf181d85"]
8388	["m4hwwhux", "x88qugn9", "gln6e0t4", "3r8jbhhq", "ow1n47ui"]
8392	["41yfx1ev", "urj0nssb", "gc9eg5j3", "std4jddn", "tij7lakb"]
8410	["qibt88f7", "sa4ms55e", "1ucs8zu1", "wdn5skh2", "n5bqf6rj"]
8434	["9nyfz7s2", "jmu2cfnd", "vxf2jexb", "6r4jyop7", "8i1u1a9t"]
8439	["m2bmp8s8", "yamabj5e", "mg8uyeuh", "jekx1czw", "uuy94dwa"]
8440	["z2jtzsl6", "ikon1ktb", "m22h669g", "vbnke2q5", "gg5c8v7d"]
8443	["h4cu63cm", "gcv4lmsr", "lqz921r3", "c0i45oix", "spfc0fc0"]
8444	["h4cu63cm", "c0i45oix", "glxt2q6f", "8ljnxihr", "ooy5nf1d"]
8446	["h4cu63cm", "c0i45oix", "ooy5nf1d", "dt8h6a0v", "8ljnxihr"]
8447	["h4cu63cm", "ooy5nf1d", "c0i45oix", "8ljnxihr", "spfc0fc0"]
8449	["h4cu63cm", "c0i45oix", "8ljnxihr", "dt8h6a0v", "ooy5nf1d"]
8451	["h4cu63cm", "dt8h6a0v", "ooy5nf1d", "c0i45oix", "cyfdvgvy"]
8453	["h4cu63cm", "c0i45oix", "dt8h6a0v", "8ljnxihr", "glxt2q6f"]
8459	["h4cu63cm", "c0i45oix", "8ljnxihr", "ooy5nf1d", "glxt2q6f"]
8467	["8xrccucr", "e0pz0z4j", "hqkrer9m", "wmpjfc02", "jisznsr3"]
8470	["glxt2q6f", "h4cu63cm", "c0i45oix", "0y4f1sgn", "joy8utv1"]
8479	["gv8mngz9", "l2xm13is", "qdtm4s83", "mx924s06", "clzxo1ly"]
8483	["4unn3fmu", "nbqukjzv", "4aps0kvp", "iu6epm2i", "0ndauq8m"]
8498	["b5eve7re", "i9jrobdb", "e9ntnp5r", "ug239kup", "wq92nfnd"]
8505	["v5yny0dw", "g4i4hkhz", "8qdcls1k", "rb20ge7e", "wubcq0xx"]
8508	["supf8vel", "a3efmczu", "dyxyab5g", "mo7oq5t8", "34b511wf"]
8511	["q9bwvh0t", "z6sjfdb9", "o1xsjx2p", "6ir39t8h", "h98tts7e"]
8516	["suw0h7s3", "1cvpw5hp", "aupjlpfm", "zwil22bs", "n040i865"]
8518	["d0s3vl2w", "wb1apvn2", "qv1xfrg6", "rwgqkow3", "bkm8k9ud"]
8519	["2j11uxmx", "rb20ge7e", "t3dzso36", "7xnga86x", "x73moqog"]
8520	["6rpm4phy", "6ys3uogb", "t6de15ax", "ybcr7clp", "iez1j9jn"]
8523	["ssicvtv0", "ln6t374j", "kczhrxxd", "ncbjncfx", "s1kxxx1v"]
8529	["9oejm9sc", "ey0r1py7", "octtj2vf", "db8fl9d2", "hwg0lthr"]
8533	["56m1r1z7", "u7ao9dwx", "9mdf927z", "b3doorzq", "ytaq8ozr"]
8548	["nr0fu2qb", "iu1d9i57", "ljpeq5aw", "65ois1qn", "38paoyuc"]
8550	["8g70j0qw", "d2pzezq8", "60en5zy7", "umttnp1g", "0y2kq6zg"]
8556	["icnjhhyy", "cgz5ot21", "yw8a1ssd", "feovbv3v", "4mp1iu55"]
8587	["h5xvrtfy", "y42gcbj0", "n6lwnct5", "657acgl4", "wwgx9qip"]
8595	["9452kqc0", "df65w0lx", "5c8im9ci", "fmgj3noh", "b8ipstv2"]
8605	["r9datawi", "hvy73er8", "tyrgtwo7", "e6ccoc21", "br0hhzmn"]
8614	["h7vqmlq9", "j67qgjbj", "b9evh1l2", "7momt81r", "2vs7geu6"]
8630	["dztaijzu", "tz2shoso", "w3kkizaq", "jgq968f6", "wdn5skh2"]
8646	["pebu7w9m", "x9rv72dl", "yx9ygiss", "w3q41awj", "rwi2rlwt"]
8665	["73jex4zg", "5hhbdzam", "ckx6wxxk", "41xkwg1w", "b03s7wsw"]
8669	["ef3warsh", "6ulvk9hv", "y43prnko", "7zngkwoh", "xjl11qzh"]
8678	["ybaxa1vg", "icgsbelo", "v0qbhyct", "ajqbljai", "njcrqfdr"]
8679	["z94005i4", "5zzlhyga", "vkf5njfz", "wwt7mn55", "8vnsrvws"]
8683	["ksqxfx8m", "p3ytwqeg", "u691yyuc", "4kgnx00l", "v53e7anq"]
8685	["hygxwl2f", "h2u5w4a8", "viubj28a", "jdg8gsve", "ty41xob0"]
8695	["po32j519", "fbsrggog", "lvvw1npq", "gi3vfi68", "rlr17nah"]
8708	["vw8a1994", "glyoiu93", "kmkeetl3", "8pislcjr", "znwa2kig"]
8715	["hnx213kp", "q5wiqpcb", "i9jrobdb", "jjgfgqwg", "65ois1qn"]
8717	["nr0fu2qb", "ljpeq5aw", "uyzalds2", "65ois1qn", "19skljon"]
8732	["u3ympejy", "jvo0nk3w", "eecwjrdc", "5ah2yf59", "riltam7g"]
8744	["9oejm9sc", "2qwv6wzq", "octtj2vf", "ey0r1py7", "s96beqsh"]
8746	["ey0r1py7", "octtj2vf", "9oejm9sc", "3jn7tdaj", "wcq3qqt4"]
8770	["uyzalds2", "ljpeq5aw", "kjl04qy5", "e7uvbra5", "p36ilfqj"]
8775	["e56ivoz7", "yrhb6ktc", "18swtk61", "zcwh1892", "vqlnd5rx"]
8777	["ruewzstg", "cj3cpn5j", "8l5i1z27", "t4y1ylb3", "tn8houmc"]
8793	["vd1lldjj", "9im9gqw6", "ntxufeg5", "zs6sjlyn", "48frs5mc"]
8800	["25bdifv6", "cfd1x420", "uqeikj0m", "k2zrdjyo", "rpjg4a9i"]
8814	["kn9lna4m", "3ls0po4k", "8ruux4sw", "f6nrqr1f", "5f95gve3"]
8838	["8je46886", "vvmb92wo", "0emibwp3", "mja2qlpk", "4p6fcy8f"]
8840	["582ld85p", "lnzt3h1p", "l7zlby4y", "7j5zmg8w", "x44oc1k6"]
8862	["1oiqa5zg", "tzp03hmr", "qkg8fwbp", "cj3cpn5j", "ds7qon66"]
8875	["d02grfth", "tb8k979g", "3ty5ozsm", "bsf7arhl", "0di8j0lu"]
8882	["1r2uvoqf", "0ml57rhr", "x7qlnugx", "d60chk12", "efm6zj9r"]
8925	["xwghd9ut", "bck22z87", "dccymlie", "7gj2cl8r", "34j9n40u"]
8927	["xwghd9ut", "uqfwx4nk", "rpwmcqbg", "34j9n40u", "bck22z87"]
8943	["1vd4j3qc", "n5c0hcwn", "3cr97dii", "b0wy5zz4", "ttpbs13r"]
8949	["bzeqs5oh", "uohbxoeb", "u0jddsup", "zbi0llig", "oyr4klqk"]
8954	["uohbxoeb", "bzeqs5oh", "zbi0llig", "hn6clwoj", "oud5ioks"]
8961	["msovjuk4", "9h4zzo5q", "7hporv6w", "os0sslxc", "y98bleop"]
8963	["d1w8xqvo", "bzeqs5oh", "oud5ioks", "uohbxoeb", "zdfx3zo3"]
8974	["s0374olh", "r4mgu6j7", "cbhlzemx", "80xhhcpm", "mgwx0u6x"]
8978	["6vqf2n5j", "jhge9qy5", "f6l0hwyw", "j46bet38", "7wu8bfo4"]
8996	["9jfclm9c", "13kzv4b2", "l9hqalbo", "zo8stuvh", "l63d9lyd"]
9000	["ftq6ed38", "6mpxu6r0", "5azti19e", "3jn7tdaj", "47d0wl98"]
9013	["rpjg4a9i", "6ukt0gbn", "cfd1x420", "25bdifv6", "z1y1zgo8"]
9018	["mwvcd5eo", "ibnudp1x", "7q2jd0mf", "2bfxfl0v", "cuw2sx2e"]
9029	["la9zgtzb", "0474ggrt", "h68lau8u", "9bn2w5mr", "ljpeq5aw"]
9035	["f3mvdpq1", "mz1bof2x", "929rrh59", "eauj21v4", "52jtd51o"]
9037	["r1m709hb", "gi21di4d", "vu1f1hp6", "25bdifv6", "3swdnn29"]
9043	["lme6vcqs", "1n0qw2a5", "k3m72uxw", "rlpzejjt", "mpthhazv"]
9044	["r4dgrxel", "zu07vbc4", "hnx43l5c", "n4kke717", "mx1d9qqg"]
9051	["n2kn7o67", "86xwnpde", "dcfqvp4p", "tv1a1hwj", "25aj8rj5"]
9059	["j46bet38", "tzdgc3dw", "6vqf2n5j", "8of3u2sc", "b8ipstv2"]
9061	["io8mozoe", "5hirx7a1", "0extp6r3", "q41elfwt", "w0e2expw"]
9062	["f3eogz0n", "2cwvga0k", "493uvn41", "sq01hlaa", "xhazsa7r"]
9064	["fgj2lvbg", "eoumpu50", "90dvjv32", "mg7dfs1r", "v60ydkm6"]
9076	["f37ezj1h", "xyuj1j57", "5jjoko32", "4ag4oune", "wghwwufg"]
9103	["n86w4vkx", "kgmugkmw", "ud8nmm7w", "2ierk83o", "ohkweon9"]
9105	["s6lev28f", "x9lxyrgw", "w4m9agd0", "an1wfsvk", "hphb36km"]
9119	["7wu8bfo4", "72jwlfqr", "ckswlo9o", "582ts5mf", "l72grjbg"]
9122	["lme6vcqs", "rlpzejjt", "frr4vu0w", "uipe62sc", "kkzahuz9"]
9128	["3u3i5myh", "ijzoa0yn", "jlnt1pdd", "a0dvzhc8", "70s04wty"]
9129	["ijzoa0yn", "w45ih46q", "z8ajje2l", "m2id6kxw", "99cgvtlu"]
9163	["s4cfdgbv", "9wx4ltyd", "egn81atf", "zzscey1f", "hygxwl2f"]
9164	["q5veu992", "r4btmprw", "oyplh9cn", "niw61l9r", "x7qlnugx"]
9181	["ax3e82js", "oud5ioks", "9wnkmn27", "d6a6nagk", "yt2fp8zl"]
9183	["od0y5ruh", "2d2y5gmg", "eflwztji", "80t2ovkk", "4aps0kvp"]
9210	["gckr8h1m", "g4nto9kf", "di45k0dp", "wun5rwsk", "747lx5c2"]
9213	["o4ri7t16", "dsvmh7t6", "zi0cedd9", "jgcv1wf3", "rog0fp93"]
9218	["tra5ewc5", "ximw03ej", "46y1pa7o", "j3letcou", "f96qs295"]
9222	["tra5ewc5", "0r0zdpds", "lr20prun", "l4y7v729", "ximw03ej"]
9243	["tmnfcs7r", "del20ax2", "gckr8h1m", "i99lqr0p", "q4q06pzc"]
9257	["aaxhrecp", "est5jx7g", "n7oankiq", "b52pn8t9", "2kd89h12"]
9260	["09q2so3j", "irx4pcsx", "tvg6q8cw", "v5beddu4", "o7a9c52u"]
9272	["1s6czejn", "dxb6ulf3", "piap9pr6", "i89fbfea", "tyk4479c"]
9278	["uk6whrhz", "3p2cuxk0", "mtq19xku", "bfmcqcq1", "kxdfnykd"]
9287	["80dfqjql", "a4kjk836", "3bwqbe5n", "hiw576og", "k9xhphpl"]
9292	["9x1d1kp1", "wkz2ammt", "6hnts5l2", "86auifl6", "yjqt74q0"]
9300	["0oq0xmzr", "bv7hvc1e", "8zufbeuz", "j0bu0upi", "5aev7ltr"]
9323	["qibt88f7", "626ch774", "c56qufai", "1ucs8zu1", "lyewg2c9"]
9347	["j0uojajt", "dt7hip0z", "s1hmhupe", "x4mgnhbg", "raw2mt47"]
9356	["h6imcb1b", "spiud6ok", "u7ao9dwx", "jo38hjqa", "wpuf4ofo"]
9359	["9zg8q0gk", "44flnf9t", "dgizpo1z", "csineyi6", "fnedip6k"]
9371	["axd0s9cg", "fo4ax1od", "puu8wib8", "tuqp3ngs", "ilkhg3rf"]
9374	["u3ympejy", "obhm5mc5", "uzc6r1jr", "sc6crkkw", "pl6dpxkz"]
9378	["w04z2f0q", "5u63aqo5", "2a12nsnl", "9zco6ofx", "5tdmh0ac"]
9417	["v77n1vbf", "fp81ceeu", "c6svgwoj", "xbqbwh9j", "sazglyaz"]
9418	["oyr4klqk", "ax3e82js", "bzeqs5oh", "mjb3ip7a", "jtgpzrf9"]
9432	["bcttenl4", "34eot3zh", "ryfz5xsj", "08z6z7d5", "w01dub6y"]
9450	["gtp5daep", "lq580iwg", "sjsaw6yv", "yx0u0iyw", "f5twvg9g"]
9454	["2wco7m0c", "a58wr0dp", "nles7ymd", "mopk56p5", "yfoxndf3"]
9472	["p71adezi", "0k5687en", "do5qr3ya", "ykt09wpj", "13xgc6v2"]
9481	["barindjx", "k11wd3qv", "nqqngrqv", "7gj2cl8r", "xe29akkm"]
9483	["hnx43l5c", "mx1d9qqg", "n4kke717", "zu07vbc4", "r4dgrxel"]
9497	["660gckc7", "0eftiyuw", "d3530i86", "fb9jz93q", "vda9s8lj"]
9510	["f96qs295", "mja2qlpk", "8je46886", "dt2pew66", "mcmqx7og"]
9512	["yrowv62k", "763v4duh", "46y1pa7o", "tra5ewc5", "cd5m77rd"]
9517	["ivy95jpw", "xnrb0byz", "14alhxc3", "2v6zigt8", "407va85q"]
9537	["v9iq01dc", "idhbd102", "6wsa54w2", "tz5jajeb", "39dqjlly"]
9546	["j4hnitqx", "ln6t374j", "3bbiyucq", "ncbjncfx", "d60chk12"]
9589	["hiw576og", "jincu9xx", "opckeugf", "7pcnf2iv", "qkjieod9"]
9590	["w1bx4a7v", "ximw03ej", "f96qs295", "gin90aef", "763v4duh"]
9604	["clk482qk", "8vx56qlk", "rcrok8lr", "ikacd7ls", "sni1e160"]
9608	["lq1qndxg", "zueprmdz", "nwb7qf9l", "5bk0w0sa", "ljpeq5aw"]
9614	["jms1hfdl", "soa71kwx", "19skljon", "t9e774ed", "5zp3p2g3"]
9624	["pwb7rw89", "soz9p0yd", "dwgxrbag", "ba9uog5m", "tc1exm56"]
9630	["x4zuv4jo", "8zufbeuz", "j0bu0upi", "5aev7ltr", "so9uy899"]
9642	["1hobsclz", "7mc4dq6p", "sdtr6yla", "t0s5ufzv", "0qyhjutm"]
9656	["di4p48ax", "9a27s0zn", "gepjgw23", "5al7jmeb", "z8ajje2l"]
9664	["eia1mvaw", "ir20eiqr", "hzh4wmtb", "jqueo6zg", "o25o8ejg"]
9687	["pxpghfhq", "l2ak5ygj", "bnrmh1qs", "i69uuezd", "esmkqtvw"]
9691	["7097q0r1", "hlulg3wf", "24ie3mhq", "77bq8tdy", "cv6no7nw"]
9696	["qqdcs77q", "i99lqr0p", "vp2t4xkn", "zq4ty9rw", "iw3wv973"]
9713	["fm8gril1", "hbvwm62l", "cxqzo58q", "yo2lpdi4", "d2pzezq8"]
9718	["3ees74tt", "ne7e12nj", "krh63hqp", "iyc8j5mr", "19i9lknr"]
9725	["b9nsh19x", "jr92ou2e", "y7v9zc6w", "5rdsn2mn", "ca9uxrtc"]
9741	["1wui9gwa", "tl39u0h9", "j8d47de9", "2w6p6jji", "ncau27zc"]
9744	["x7ffgtrd", "ewg9d4ei", "b22cioi2", "307rt03e", "9rxv6fy9"]
9745	["0vy5yifk", "wcmxmahq", "4rzttwyp", "ftjrg3dk", "tnejo5wc"]
9753	["52lcpf0x", "19i9lknr", "73b58lcm", "jdg8gsve", "flxbomsx"]
9759	["9nyfz7s2", "vxf2jexb", "jmu2cfnd", "6r4jyop7", "nk8m2dxt"]
9760	["t6rxsiat", "f0m3wuyj", "1jtln8wc", "h4fo8h90", "ko9irio2"]
9761	["t6rxsiat", "f0m3wuyj", "1jtln8wc", "h4fo8h90", "ko9irio2"]
9768	["g5ftdku9", "89fglwvk", "ttvlddm2", "lh9tk4a4", "lny446a3"]
9771	["9b6cepf4", "db8fl9d2", "atwx0a2s", "0yysikc1", "3ttyxjgi"]
9794	["dsfbmhbj", "ocxl6cf4", "7a7oi5dt", "ju87prqm", "ct4licep"]
9803	["tra5ewc5", "763v4duh", "zue5hnal", "f96qs295", "a2voobqa"]
9813	["xchvlphf", "i99lqr0p", "pvshw2pn", "fbcu88lv", "grx4gx95"]
9814	["a7nj8sgl", "tc21pcjw", "4gj9d181", "duwr9b5b", "xmiefdez"]
9816	["l9lni5d3", "i9jrobdb", "pc2cnhjd", "xsqgrd5l", "jk37ej4c"]
9819	["l3k9bb5m", "o68mentl", "njivwikk", "81c2mn2c", "09fmkhu5"]
9825	["8ko7mmu3", "s19w1p2i", "pc2cnhjd", "hqapg5ow", "1s8jzzwg"]
9828	["gbrf7fh7", "4fgeb27a", "snsjrjx3", "h6f3500y", "8qcovhtk"]
9836	["k5t5rjhe", "19i9lknr", "ne7e12nj", "8twdx4g2", "mu2vqjnv"]
9840	["4uieqidm", "f18a3xiv", "x3z7utn4", "rjjc30lc", "y8o5j2be"]
9872	["p42w7vjf", "5t16srpn", "i4p0n7d6", "x7ybnese", "jqueo6zg"]
9924	["zueprmdz", "a3efmczu", "33xgu2rw", "btao9cun", "2146o727"]
9933	["z86g8dzs", "9b6cepf4", "5z0xwlxp", "46y1pa7o", "2fokjcjr"]
9937	["1s8jzzwg", "8je46886", "w1bx4a7v", "f96qs295", "w0ebmg16"]
9940	["07scv3kv", "00ia8k0b", "knlc3bxh", "pxpo8jni", "omz42d9y"]
9953	["ivy95jpw", "hcw0cisk", "iu5ndsxn", "d21lvneh", "0qy6hcgp"]
9958	["vtagfrds", "r76tqrwz", "0r580il2", "rnvc43go", "407va85q"]
9959	["v2tehu35", "uk6whrhz", "0fpa1f30", "mtq19xku", "njivwikk"]
9960	["zcxxk9hd", "t1mbyvs0", "a8065dca", "0hhdwq68", "xi2whtvr"]
9965	["hezheq49", "s1qnjgev", "bgiyvqgw", "e1mtdo7v", "q10pvwf5"]
9997	["rc6cza9r", "p8ckcvyj", "0w905c2x", "0vwspd6l", "4nuvdxjc"]
10006	["pc2cnhjd", "5zn5mgi9", "h6dsjkvz", "ykxr9q1j", "vf1vku8s"]
10008	["2tre0wat", "qdw86v8i", "zycgczqy", "e63j8gci", "9b6cepf4"]
10011	["eys1k8gb", "s0374olh", "hbyxy4ln", "cbhlzemx", "wz6446aw"]
10018	["eys1k8gb", "hbyxy4ln", "wz6446aw", "mgwx0u6x", "mg9kypvn"]
10025	["kr4sr1ae", "dpyz8uh4", "ayd59zpj", "ubvdzjkw", "tz2d3lff"]
10027	["v5beddu4", "9ixpj162", "irx4pcsx", "9e6g15iw", "plzklj7c"]
10107	["p91dk324", "b1s3ubm1", "2dvljm27", "4ifng0a6", "hah9mrnh"]
10111	["0imnd2q5", "7ruoysxu", "w1bx4a7v", "qi1henyy", "1s8jzzwg"]
10125	["r58aohnu", "8je46886", "0cnjtxyq", "w3ls1d7w", "xxlvyp5c"]
10137	["ftq6ed38", "5azti19e", "35xqlryc", "uo3ww8j4", "9rczqcaz"]
10140	["u5rbvc3i", "t0zphgfl", "obhm5mc5", "5a5a8ifz", "05lgp662"]
10146	["glyoiu93", "kxx3szjq", "oeudi6lr", "a54kdnxm", "znwa2kig"]
10167	["u0vg1305", "cmx0rkvl", "01h205jf", "ff6amr0c", "skm4qtgx"]
10182	["ckswlo9o", "7wu8bfo4", "0o7rm667", "xmd8fh95", "9qo95a1c"]
10186	["lghvztz8", "1tx3tl0f", "q2i328sz", "p3qcflii", "ayd59zpj"]
10202	["v0f5vxk0", "bl96upg3", "mut94ov1", "rnkti5s2", "xkmy79p9"]
10223	["tra5ewc5", "pu12u627", "0r0zdpds", "l4y7v729", "0hbyplqq"]
10228	["8cd5z4di", "deas7kr0", "e9m31jyc", "jwei2g97", "jlnopr1j"]
10238	["hnx43l5c", "lfqi7jsa", "mx1d9qqg", "sxl49cs3", "n4kke717"]
10246	["cfbj6ize", "xj1nw76b", "5c1e0770", "8rn7q32f", "x60fkihk"]
10253	["d8lmft7i", "lns8to8n", "uv9xdp5f", "fmivg2cb", "4grqkn3u"]
10262	["gd19rkm2", "xua4f77e", "uyy8zytj", "5f5npz07", "fasjkg7r"]
10268	["m26xr9qr", "qtzhfnr6", "cgz5ot21", "1lggbkly", "elu3dztf"]
10295	["eia1mvaw", "hzh4wmtb", "ir20eiqr", "o25o8ejg", "of16ewcj"]
10306	["w1bx4a7v", "0cnjtxyq", "yrowv62k", "tra5ewc5", "gtwg0m54"]
10315	["moxjaxuy", "9k4pwc2h", "6c47sm6i", "vgk1sgcp", "hgvqjtfa"]
10327	["gg5c8v7d", "vbnke2q5", "ikon1ktb", "m4u4ulml", "u42d1p1j"]
10329	["f6li7qil", "98ejxivc", "nuu9l5kx", "5ojyly05", "ihlkhh2d"]
10333	["bu5kfsfi", "0si51n85", "5ngg5hm4", "awzozt7u", "cb3u1s7s"]
10337	["ocwetgv6", "c56qufai", "bj9fgnwl", "eiomk2fh", "0si51n85"]
10340	["1wcfrvnd", "f9vxfk68", "d3pxk5tr", "ledopkwj", "0igh53pl"]
10346	["ylojjfri", "pkxc2219", "2fsjqsiz", "lxqsc60e", "ftjrg3dk"]
10370	["2uwnamao", "a451243b", "2e2s1gof", "xneu8glk", "bqvn3ceq"]
10395	["8r7hnpij", "wl7odjo2", "02t7jcbt", "agknmml1", "r99924c9"]
10430	["ovgk0wsn", "53zopedx", "i5j4nmjz", "ywvk6gu6", "v5vwypya"]
10431	["z8ajje2l", "w45ih46q", "u5nxm9tu", "42t0zriz", "1iago9rr"]
10434	["5c1e0770", "xj1nw76b", "cfbj6ize", "my2fyqp7", "lj74054o"]
10442	["cfbj6ize", "5c1e0770", "xj1nw76b", "8rn7q32f", "x60fkihk"]
10449	["mfziqu80", "d06npvro", "o4ri7t16", "ph7lkuus", "gb1sk22m"]
10454	["ovd98r01", "4socpj73", "a68y6qsf", "qexarxjl", "p0s1cpyw"]
10465	["be8eu3qi", "r6943zpb", "k30wvnx8", "vzloj6b3", "md0drb25"]
10468	["tlknj4hm", "ln6t374j", "kczhrxxd", "1tqwmy8m", "6entp07f"]
10490	["8lzpz58y", "lgtpeqhw", "4kgnx00l", "n0zppf8v", "zvmwubuk"]
10493	["8lzpz58y", "wf72fra8", "n5qfwl57", "yn9qcwvq", "iqe6sdq2"]
10497	["8lzpz58y", "ivug325f", "iqe6sdq2", "yn9qcwvq", "n5qfwl57"]
10511	["lxzmiehr", "kee1crfe", "icnjhhyy", "feovbv3v", "4mp1iu55"]
10528	["3znsneqq", "ielatiaq", "a8065dca", "83lgqe5c", "1cpjqav4"]
10530	["d2pzezq8", "lbxg93hl", "z33cg3nj", "yo2lpdi4", "iepagac8"]
10558	["vw3cuiof", "iy9mqd4f", "q4q06pzc", "dh3zqjbz", "xi20pdvy"]
10563	["4py6l839", "x4zcpr02", "fe72aj3a", "bccrvapy", "w1tdg8bb"]
10580	["8dgahmka", "ua7hsfma", "06fhiu9q", "w3fxltzw", "2r0a357c"]
10582	["b1s3ubm1", "p91dk324", "cb3u1s7s", "2dvljm27", "4ifng0a6"]
10583	["h4fo8h90", "8lyipugh", "ezrarusj", "3kk1l0ag", "963hkkiy"]
10592	["d81rq6b9", "jtb71lfd", "jyxrk9bz", "l9lj98b1", "7yldl4ld"]
10599	["90dvjv32", "r4mgu6j7", "wnm89gfo", "hu2lg6i7", "7obhnmah"]
10608	["3m9yonqe", "dqhdws5k", "trmwm9qq", "0r580il2", "sygm6irl"]
10618	["ivy95jpw", "hcw0cisk", "d21lvneh", "0qy6hcgp", "r76tqrwz"]
10647	["d2pzezq8", "8g70j0qw", "60en5zy7", "konern28", "mz7b6ey3"]
10665	["ef3warsh", "x9sfgtim", "ropgq7tr", "usyduiti", "y43prnko"]
10682	["3qvh482o", "jrqlhjsm", "hg3xpej0", "wfa5fb3r", "styavbvi"]
10685	["g9rs9cx8", "xxm6o1l1", "sc6crkkw", "5a5a8ifz", "4qp083h4"]
10702	["gtp5daep", "cgnofutd", "25aj8rj5", "f5twvg9g", "fxwszm22"]
10716	["gefb43hh", "qpnjloe6", "8v9chk6j", "0qnvydux", "xs8w9shx"]
10722	["3jigt8mk", "5ngmdwgb", "br0hhzmn", "twlupt3x", "adhj5e5s"]
10733	["byvsuvn0", "aodb3j1y", "q5veu992", "mpe2qs0h", "2uy0jjdh"]
10735	["r4btmprw", "q5veu992", "niw61l9r", "x7qlnugx", "ho6qjkyr"]
10741	["g5ftdku9", "89fglwvk", "ttvlddm2", "gsplo37j", "w3q41awj"]
10745	["tra5ewc5", "l4y7v729", "gtwg0m54", "zycgczqy", "0r0zdpds"]
10752	["t5sgguxr", "n040i865", "6qwj922f", "tm9jb7bq", "a4babgpl"]
10758	["61ltmgyx", "5utq6bzk", "x44oc1k6", "5bl4h80v", "oeudi6lr"]
10763	["deezca5z", "2jdlavwj", "25aj8rj5", "kde51mn0", "7015mpuh"]
10768	["ax3e82js", "0r580il2", "r76tqrwz", "hcw0cisk", "0qy6hcgp"]
10777	["p4ejdth1", "tyqeguyf", "p3jvuj8k", "lsares5t", "d4upbc3v"]
10781	["66fi7e69", "zh939alw", "ngb7pbyl", "whh34bjb", "afytjnny"]
10789	["llcit7x2", "gqwwfpch", "od5nnxvg", "jgq968f6", "5zn5mgi9"]
10801	["qvuuhkg6", "69afkw7x", "ywvk6gu6", "0bczgiyy", "7vadpp3d"]
10822	["v6w9mlsa", "uru7bkr4", "ovgk0wsn", "53zopedx", "fgdzfr39"]
10824	["i94boetk", "fq1am5na", "s96b0s76", "qopfltoi", "b6ki6rmn"]
10825	["mo7oq5t8", "dgcawqyk", "90dvjv32", "8dh4xvph", "5ogges89"]
10849	["jqueo6zg", "ir20eiqr", "odlf9z1w", "1omv4r30", "w4pgkid9"]
10868	["gsvzkivp", "opogstc5", "88ivkkaw", "g4k0ksr8", "e9m31jyc"]
10886	["25aj8rj5", "ocl5qf9o", "gtp5daep", "ky5env7t", "376x58k1"]
10892	["f5twvg9g", "3jn7tdaj", "terj0odi", "ftq6ed38", "dmqk247e"]
10896	["01h205jf", "27jytj4k", "r4j1rcm5", "2damkjcs", "cmx0rkvl"]
10899	["eje3i558", "38d6gb7o", "fcb8egak", "uuy94dwa", "b31ctbat"]
10900	["xnrp2tpd", "texmsvyt", "3yi44xfe", "4ghn6zbd", "hwg0lthr"]
10913	["ey0r1py7", "octtj2vf", "e63j8gci", "0yysikc1", "vrs88dcy"]
10914	["fo4ax1od", "73b58lcm", "mevnb9v0", "zhh2c89o", "dnxhtbxn"]
10927	["nf6n6afo", "p97kgjmp", "kl2w6yiv", "o68mentl", "lmo2t4ho"]
10944	["6oicmeam", "t1mwzhrq", "k1ktytot", "c7g2ah72", "xvphsdg7"]
10953	["ivy95jpw", "2v6zigt8", "14alhxc3", "xnrb0byz", "407va85q"]
10968	["cutwvq3b", "cd7cfpx3", "s2811lpo", "15q47bw5", "2l83gyx5"]
10975	["furicopj", "evuixig8", "daxv3reg", "jd3np9n4", "u10j114l"]
10991	["1fgnfh62", "5f95gve3", "pm825xn1", "eknllnci", "74070a3z"]
10993	["91ea40nz", "maxbdi99", "ypls4zau", "721ofhsv", "5a5a8ifz"]
10994	["3u3i5myh", "a0dvzhc8", "1wui9gwa", "jlnt1pdd", "ijzoa0yn"]
10999	["06yuz5pn", "36amafub", "of9wlhga", "7e3kiox2", "w19729nl"]
11000	["25bdifv6", "uqeikj0m", "cfd1x420", "r1m709hb", "rpjg4a9i"]
11006	["q9d54z1s", "tv1a1hwj", "bpnqz1cn", "gduako3g", "pzak57w3"]
11010	["u5e26byy", "d7eshkim", "a6gczznx", "elviuvfz", "jcueu1xh"]
11048	["e0a1t2ig", "xd5uhah4", "ledopkwj", "tsv0rcr3", "ljpeq5aw"]
11051	["zbkx78mm", "k3mz6lf1", "tgstsac6", "bcraqemn", "uka69z83"]
11056	["3xup6glg", "vjpf1fk6", "8i2ryrfe", "o71p89nb", "nvtoxzka"]
11069	["yztfkwkc", "z8ajje2l", "kb3xi0fk", "vxv7pq8v", "5kchpjx0"]
11071	["tra5ewc5", "763v4duh", "f96qs295", "zue5hnal", "pu12u627"]
11092	["xiaj8ofb", "fd4aag2t", "cy0wy98u", "e8m2n9v6", "t006jnl5"]
11117	["j5b0f3uk", "4vkgn3yt", "u10j114l", "furicopj", "ajqbljai"]
11124	["g4hlvnmq", "bh8zshy9", "582ts5mf", "vmizkujc", "utak6i4e"]
11125	["qeqd4soe", "rh2jrojk", "nxu1xoax", "ml27mexb", "sywxrxmf"]
11141	["eo89w6qp", "vjg00epx", "71ixs3y4", "ksf2tpdw", "uyo1rpx6"]
11165	["33wqmdnk", "k8wb51i7", "cq5il80s", "wzqdo1st", "46y1pa7o"]
11191	["ywvk6gu6", "ovgk0wsn", "i5j4nmjz", "sxq2063i", "5t4twnpm"]
11203	["zu07vbc4", "r4dgrxel", "nsflghc5", "6gcahsgs", "yeowvvqi"]
11210	["8je46886", "xtraspw2", "z86g8dzs", "9pb2eqoa", "w0ebmg16"]
11223	["oa60fwht", "7vc93ewa", "b03pmg1k", "jbimjcx4", "x6m7yq65"]
11245	["sok0cyd3", "h2h4bnd5", "8acldtv2", "ach2lhhe", "pscw933i"]
11248	["cfi5zhgu", "ru2ty1y9", "ozj6zju8", "95wclabe", "z43p1dmf"]
11256	["ypvzanog", "plzklj7c", "15q47bw5", "b4mjo92p", "irx4pcsx"]
11264	["gdfvt4pu", "ys7azmv7", "shad8im4", "07scv3kv", "8d79k64l"]
11268	["wuazkwsi", "lvw0cnwj", "1ucs8zu1", "w1bx4a7v", "5yscqct1"]
11271	["xk6rp4e7", "1rxw5xro", "2um2wbcs", "z9csj1bh", "yg2voc65"]
11280	["cj3cpn5j", "8l5i1z27", "tffpan0f", "ruewzstg", "dpws8p4y"]
11290	["hcwuv519", "lrsvg37a", "gbpfypmn", "1jpwtd4t", "quhnesbr"]
11298	["qj1v04cf", "9e6g15iw", "b4mjo92p", "v5beddu4", "plzklj7c"]
11299	["gmp22v65", "iwd8nkls", "312cg7b7", "cfkeqgj3", "1tqwmy8m"]
11319	["pa000mr8", "675v58x8", "zbi0llig", "a40yhtqk", "hn6clwoj"]
11332	["p485vc0h", "clzxo1ly", "pkimbhz9", "46swnjb4", "0l5li1f0"]
11347	["cimmc4y8", "gqifyp7g", "6ys3uogb", "jm4dmnxz", "ne7e12nj"]
11363	["8g70j0qw", "mz7b6ey3", "konern28", "d2pzezq8", "3zdv9zim"]
11373	["ivy95jpw", "hcw0cisk", "sygm6irl", "iu5ndsxn", "0r580il2"]
11384	["s7glsesb", "tyqeguyf", "9zg8q0gk", "p4ejdth1", "nzsx8gb4"]
11392	["g9rs9cx8", "f296patc", "4yi9iup2", "dr067qlf", "pvjoxgn3"]
11395	["xp2qkk52", "tc6btsdu", "iyc8j5mr", "v056i6g7", "0pcgcbjw"]
11412	["gkf3wez8", "v13kzr5y", "3xvphg52", "cfe6rb1x", "10dkpj5h"]
11426	["bzeqs5oh", "oud5ioks", "zbi0llig", "d1w8xqvo", "jtgpzrf9"]
11430	["idhbd102", "jjjgu3n0", "jlrzu0wl", "tq1hb45f", "vt4ougwq"]
11431	["h1wycwxc", "6srmai2o", "6tlzij5v", "9eudsrjr", "q4gattkk"]
11432	["osct0lj6", "bakwk4tm", "7z7zxcm2", "q8dl0gcc", "hm332jqo"]
11448	["f3eogz0n", "9nyfz7s2", "o7qibwzj", "2cwvga0k", "cwm0bsov"]
11461	["s19w1p2i", "gqwwfpch", "be4afbyo", "4p6fcy8f", "je585xia"]
11463	["a0q61mpi", "8ko7mmu3", "pppb83nc", "gb1sk22m", "o6dd2vu1"]
11473	["l3bruaeh", "wcyqks52", "7k3uw04t", "mhbwjwrg", "b52pn8t9"]
11483	["6j45mmjh", "gtp01rna", "6fpw6y8t", "6a728le9", "ge8o93rh"]
11489	["ijoyk390", "92tvskxw", "3vrg7zyc", "pm9cl9ps", "i3jsvtwp"]
11496	["pv7tgwcg", "t1ho5c9h", "85jx7i06", "g8tckoxj", "zcij2k27"]
11498	["ba5h6uhu", "qa2pgjvj", "ithv0k5k", "wzz5ioek", "pn516wom"]
11503	["2f09vauy", "uyzalds2", "ljpeq5aw", "e7uvbra5", "kutc6ts0"]
11510	["9iomlhpv", "lg6qorv0", "2f09vauy", "38paoyuc", "9rczqcaz"]
11511	["yt2fp8zl", "t7xaqtgo", "cq5z8lqu", "6a1fl65b", "myeiu66g"]
11530	["3wo90f5u", "fedv6m9o", "10l12wgu", "gdyntyxk", "ozbmgd70"]
11539	["dqfndau7", "9oui0l6v", "vadaxbsr", "e1macqqm", "gg2swy7i"]
11552	["w1bx4a7v", "usyduiti", "qi1henyy", "a0q61mpi", "x9sfgtim"]
11559	["n9aqux5a", "c4mz6w9r", "cj3cpn5j", "tvhn7lnu", "yrhb6ktc"]
11573	["jb3wc81d", "cplyj4dm", "dohy9i21", "ix48o00j", "k7smwz6w"]
11625	["rwevmwcr", "z1uz0awb", "yk872yaz", "34tqy9tb", "e8fhlo37"]
11631	["p3rnfifj", "gz5ez8cz", "cplyj4dm", "9jlnker4", "irgnrr0j"]
11633	["xj1nw76b", "cfbj6ize", "5c1e0770", "fzbs46fk", "qzwwekqn"]
11636	["a40yhtqk", "bzeqs5oh", "oyr4klqk", "uohbxoeb", "oud5ioks"]
11638	["6aku7ghk", "0kuotqoi", "uckqx5c6", "csby7etb", "8i9xwogu"]
11642	["g15tvzn4", "0o3wjvpx", "r4dgrxel", "zv351n3d", "ifovibzi"]
11665	["k30wvnx8", "be8eu3qi", "vzloj6b3", "ikon1ktb", "r6943zpb"]
11676	["faj85qxc", "es7c7szs", "ffy19pp9", "cmp1bvhd", "jdob76wp"]
11680	["k0f4cwig", "3sr2exq9", "sv48gjkk", "8j3bb6zx", "vn3g9qww"]
11681	["es8l29ub", "66g5lpm6", "g7d2fi5o", "5tpkcd5z", "5dk3pslc"]
11697	["06gxvptj", "g1zpqy18", "ty2hsl6r", "t3t7sbmz", "pggf4wyo"]
11700	["7g7sgabs", "fdkt6moe", "78t2h7st", "o0m20894", "vsphu6ih"]
11706	["3m9yonqe", "sygm6irl", "dqhdws5k", "trmwm9qq", "9aw78s63"]
11749	["ljpeq5aw", "uyzalds2", "p36ilfqj", "e7uvbra5", "104lecie"]
11764	["5z0xwlxp", "f96qs295", "uyb0of5p", "zycgczqy", "tra5ewc5"]
11793	["cymppa7g", "bk3ss63e", "fbsrggog", "po32j519", "lvvw1npq"]
11798	["5wlbalzu", "y442ugst", "ssicvtv0", "5fk4eyte", "fi7a0qvj"]
11815	["7hporv6w", "dsfbmhbj", "xigbp7vh", "bvzi49hy", "mqyu72nc"]
11817	["hg0lyy93", "nerxtetr", "qhrwngde", "fu61afkg", "5jl2whuu"]
11827	["10v7kfcd", "iff8cuum", "li8kvzdh", "59u9ezr2", "6pn9jwfn"]
11829	["ptnjbhtw", "dwgxrbag", "soz9p0yd", "8yg1d3ft", "jf9whlu7"]
11836	["1iago9rr", "z8ajje2l", "z6elaxpc", "ijzoa0yn", "htn03ms0"]
11845	["ysf5k0ky", "tra5ewc5", "f96qs295", "a0q61mpi", "w1bx4a7v"]
11846	["tra5ewc5", "763v4duh", "0r0zdpds", "0hbyplqq", "f96qs295"]
11850	["e0a1t2ig", "0njpdbv5", "ti8hnjgc", "s1h3p5s9", "xd5uhah4"]
11868	["vmijl5yu", "blqukxw1", "kny0p69x", "ouvq2wpq", "adusu6pm"]
11884	["u95kg3m0", "wd7drbky", "h1ncnt2c", "urk8aa5b", "qgwu9fsk"]
11899	["g57r3son", "usyduiti", "8iqs6jko", "0emibwp3", "w1bx4a7v"]
11913	["gc9eg5j3", "n2ih64pz", "g0cgjlok", "urj0nssb", "41yfx1ev"]
11915	["8l5i1z27", "cj3cpn5j", "t4y1ylb3", "7a543f7v", "ruewzstg"]
11923	["gc9eg5j3", "bsq640o8", "4mjg7jul", "evf9nz05", "f5ehif2w"]
11925	["mjb3ip7a", "jtgpzrf9", "bzeqs5oh", "spfc0fc0", "oud5ioks"]
11940	["3u3i5myh", "q3yt3udf", "54fmvcl5", "jgcv1wf3", "70s04wty"]
11961	["k1ktytot", "gj8p22hq", "c7g2ah72", "rbau5dc2", "0rftk787"]
11962	["fdn6h4gi", "asi26od1", "ntxr1ivx", "awm7dj9o", "otfb69ft"]
11973	["0jvoa3ui", "tffhk1hy", "lsrpk3wc", "2la3hkzv", "udr7gxv2"]
11974	["3bbiyucq", "j4hnitqx", "jcp3u4mf", "ln6t374j", "ncbjncfx"]
11991	["ao6632cb", "zpxnr9s9", "b4supugo", "5i0m18nt", "x6m7yq65"]
12002	["8zufbeuz", "bv7hvc1e", "x4zuv4jo", "b5yrfllu", "5aev7ltr"]
12007	["iatmjkzk", "mpthhazv", "1n0qw2a5", "lme6vcqs", "z0hy52cu"]
12013	["o47v5vgw", "o877uul1", "dfl69g4f", "7j4i6eud", "m1tv7mgm"]
12041	["idlmau69", "3rxsplrl", "0aqww7cz", "ckswlo9o", "bvzi49hy"]
12042	["3lzm42wq", "d9egxof5", "mqzus147", "f3dkdm7j", "nmrxjal1"]
12060	["8qdcls1k", "3u3i5myh", "70s04wty", "g4nto9kf", "a4klrp3h"]
12075	["2gjo4oqn", "mnjy6bq2", "0emibwp3", "ohkki0ke", "2f7wqamp"]
12091	["2sb905jt", "9ui0t9tf", "x996e0cn", "3a5965df", "71x3b75z"]
12097	["g5h4tazp", "nb27fn2z", "0sn7itog", "zd8c1no7", "tuqmar6w"]
12103	["hm332jqo", "g5h4tazp", "nb27fn2z", "0sn7itog", "xavegbty"]
12105	["g5h4tazp", "tuqmar6w", "yjqt74q0", "3q36knqh", "dzkf7c7l"]
12107	["g5h4tazp", "tuqmar6w", "o6rgoe9t", "dzkf7c7l", "kmkeetl3"]
12109	["u7ao9dwx", "e0a1t2ig", "qtzhfnr6", "ledopkwj", "h3tor88n"]
12113	["8m59whf9", "r07mv2ka", "65efipbi", "eu2vjpw9", "5upb25gt"]
12114	["g5h4tazp", "m40kwgcg", "32v44sw9", "7uoia564", "nb27fn2z"]
12131	["ocguwlam", "u1s6ciy4", "4wbkis5w", "6buxpp8x", "plwoof39"]
12137	["j05hs577", "3p2cuxk0", "su028g3j", "z1l6oyjh", "o0yvgmgh"]
12157	["tra5ewc5", "fmgj3noh", "91gytlg2", "ximw03ej", "ysf5k0ky"]
12164	["km0yzqqq", "hhuu7ol8", "4cnk76lb", "omrb959r", "b0qj7tck"]
12180	["9pb2eqoa", "8je46886", "z86g8dzs", "xtraspw2", "w0ebmg16"]
12214	["geo7ac5i", "x44oc1k6", "tlr243il", "58r5wcwd", "oeudi6lr"]
12221	["kayh0v56", "726t123x", "ey0r1py7", "iu4p5k0w", "0rrhgz26"]
12235	["n86w4vkx", "88mhfqkq", "4udv0zkw", "0c03fjk5", "pg5ts74v"]
12253	["8je46886", "xtraspw2", "z86g8dzs", "w0ebmg16", "9pb2eqoa"]
12256	["4vuucmfd", "ydh4ve24", "gi21di4d", "yb9uyov3", "suqkidrm"]
12273	["7vdd5f4t", "q6j7vy8u", "vuxxerob", "0w9k8iy1", "8rogsybc"]
12276	["wn98fql3", "atloc9th", "7y6ok9a2", "wiei5dpt", "5b9jytph"]
12277	["9195zweg", "zbr3kfv2", "8so80bf9", "o68mentl", "376x58k1"]
12278	["a451243b", "awfgfmx1", "znswomwk", "g2wpw330", "b6ki6rmn"]
12279	["wv2gzahy", "xui25c83", "fdkt6moe", "wbix36hf", "n0actmsc"]
12286	["g8tckoxj", "tloczjn5", "ueh60bz2", "85jx7i06", "t6de15ax"]
12287	["9195zweg", "7oipjzq1", "n2wqalcu", "nok0yfzv", "tpic8ddl"]
12312	["72ncfyc5", "9zg8q0gk", "rjhe893f", "lsares5t", "p3jvuj8k"]
12320	["xiaj8ofb", "du7ba2ky", "53xk7574", "3ehm118t", "fd4aag2t"]
12334	["55wqowbq", "1fxb5vru", "z514v0um", "euyvqz2q", "ynskrokg"]
12337	["ddwrvlc9", "8fkzc445", "tf5a48i2", "2e2s1gof", "7vdd5f4t"]
12372	["pofysmv8", "vf7xj5qt", "q1nye2ih", "p576v9du", "y6jrt5xh"]
12393	["pscw933i", "hiw576og", "cv5jhuc8", "56rn6d6o", "qkjieod9"]
12404	["h4cu63cm", "c0i45oix", "8ljnxihr", "glxt2q6f", "dt8h6a0v"]
12406	["2uidarm3", "u8t64wmg", "d0r09lj8", "fnok2eoj", "n86w4vkx"]
12423	["q1nye2ih", "leg5ntvu", "nkx5zdfg", "snlukr6c", "lav0kp21"]
12427	["lirsu408", "40fvjskj", "pqjumz2o", "xh723tgl", "n2zhxvzz"]
12447	["f3eogz0n", "2cwvga0k", "fq5nayxt", "igm2qr4p", "s1h3p5s9"]
12461	["hq75gfd2", "ii2fmi39", "69wuny3p", "o0m20894", "j5sj9b3d"]
12501	["v4ubd1l6", "b8c309hj", "4hmecfi0", "mom4y7cl", "ez1l3m4o"]
12513	["ez1l3m4o", "v4ubd1l6", "si5mxgrk", "296ilxyg", "b8c309hj"]
12517	["9avmlz30", "96lxmeqx", "du8wmh6n", "lt7qsxxh", "h1sura49"]
12530	["ny7wkswf", "vgffg4c1", "z514v0um", "2uy0jjdh", "j8d47de9"]
12551	["mb18fj8a", "a3lk2q02", "00ia8k0b", "xkmy79p9", "knlc3bxh"]
12572	["3u3i5myh", "jlnt1pdd", "ijzoa0yn", "ruewzstg", "ftxgcgkb"]
12579	["0g4naq14", "jghu52qi", "48ay8yl3", "n9fddzn8", "jvo0nk3w"]
12582	["k36rymkv", "0y2kq6zg", "1w3x0g42", "umttnp1g", "tm9jb7bq"]
12596	["k30wvnx8", "qmo1zzkg", "r6943zpb", "l9u3c1dg", "vzloj6b3"]
12603	["o29hjkca", "93b2ivio", "lgptgv72", "vjpf1fk6", "reigmh19"]
12622	["hi4a02kw", "jmhexmet", "o3bp0837", "ykfidmzv", "uk67ac2r"]
12637	["xf7k56sp", "itvjhlnn", "8bi9owk4", "hwpn7ti1", "xcs9podj"]
12643	["24u6q3ae", "bw6a5gmy", "0zun27k4", "in9a3bvi", "095g2l66"]
12648	["y7lrp0gc", "51c22b8w", "3ls0po4k", "pi1yzeqg", "lgnhlxgd"]
12662	["nb5ayz0h", "rg5sd5ya", "rwevmwcr", "43eh69dx", "37gpov43"]
12669	["ua7hsfma", "8dgahmka", "wnpmwne1", "2r0a357c", "n040i865"]
12689	["hqod7v2l", "y98m15aq", "93b2ivio", "1ktrjzha", "vjpf1fk6"]
12697	["mw0wb8a8", "xcsl2evz", "dnxhtbxn", "69fmtury", "8dc7andx"]
12709	["mlo8zypy", "9n7bkayx", "bti9aw8g", "vgk1sgcp", "z9vtw3r2"]
12713	["ii2fmi39", "6ki9km50", "dx3ez40b", "bkbjlos2", "uv9xdp5f"]
12715	["lwhy2spw", "npbzxwgu", "y74qhqw7", "357sbvyt", "a8065dca"]
12730	["vdup9q7v", "i8byjktt", "1zd3hjpo", "7axeex76", "n8x0ab22"]
12731	["uuy94dwa", "eje3i558", "38d6gb7o", "hcooar1n", "fcb8egak"]
12737	["udtoutew", "3oetrhdh", "wyn09ag4", "pw51kd1r", "jmdrupds"]
12738	["4aps0kvp", "4unn3fmu", "gobik7kl", "iu6epm2i", "ro3o27pv"]
12743	["3oetrhdh", "jmdrupds", "b1w9ns78", "wyn09ag4", "udtoutew"]
12754	["wzqdo1st", "l4y7v729", "9b6cepf4", "ike8mgh6", "f96qs295"]
12761	["w0ebmg16", "z86g8dzs", "mnjy6bq2", "itxde5mw", "xtraspw2"]
12766	["iwdklgyp", "w3fxltzw", "06fhiu9q", "js91utss", "2r0a357c"]
12799	["ohfi48d6", "dcfqvp4p", "yw8a1ssd", "qv6oxjwd", "n2kn7o67"]
12801	["w301ofxi", "5a5a8ifz", "9n7bkayx", "ypls4zau", "6g7eeyjd"]
12805	["ox59xb6z", "oi8epg9m", "ro3k6q06", "bzzln9kc", "urv9o2f1"]
12809	["7xnga86x", "2j11uxmx", "t3dzso36", "rb20ge7e", "nt1e70dv"]
12822	["cj3cpn5j", "8l5i1z27", "1f6kq8co", "7wu8bfo4", "u5nxm9tu"]
12829	["r6pn17no", "sybr04qy", "r4q0zqam", "eahv0nxf", "zu8dg7ma"]
12831	["qkg8fwbp", "bw6a5gmy", "7wu8bfo4", "01q4pu9k", "u5nxm9tu"]
12834	["ikon1ktb", "06yjv1ae", "gg5c8v7d", "l9u3c1dg", "vbnke2q5"]
12838	["x220pjeg", "cnz7jlw4", "mz1bof2x", "evuixig8", "auo73dv7"]
12842	["ufcheghf", "boqygpow", "trlni6iq", "1h9ewx5j", "0d77ojnb"]
12886	["oe4bzale", "qv31t2vh", "t023li1a", "dz6nv7h1", "4dsq1dds"]
12907	["tra5ewc5", "763v4duh", "0r0zdpds", "0hbyplqq", "f96qs295"]
12910	["zycgczqy", "cd5m77rd", "wzqdo1st", "3ttyxjgi", "f96qs295"]
12916	["cgxs9uam", "1igydu3y", "mj9xc5fv", "unx1pv2k", "e8mk04uf"]
12920	["xl0zb9zj", "mfop9fne", "unx1pv2k", "ndn6iwre", "x4crng5j"]
12926	["630w2rtn", "xhkjbeam", "64qt0w2a", "pmcjm9hs", "2r0a357c"]
12950	["7xnh53x0", "cmeiqnng", "xdtvmekq", "incbwgua", "6twwcp47"]
12954	["9195zweg", "z1l6oyjh", "g8tckoxj", "jj2u35z4", "vaeh5z4z"]
12963	["wrnooffp", "1pplybpr", "g1w6w5tm", "m5s67z8x", "i0bc6k81"]
12967	["01c1hxav", "p0brp6qd", "x208624q", "tppfqvtf", "ww2767gn"]
12972	["tweqie5k", "4ohgr8j7", "aj64338q", "bnhwbaqj", "i9nchww2"]
12973	["fedv6m9o", "8w43qkqu", "o99l5oh1", "5txhcr7h", "7klqhnr2"]
12984	["f96qs295", "mja2qlpk", "tra5ewc5", "dt2pew66", "w1bx4a7v"]
12989	["vrate482", "pxpghfhq", "bnrmh1qs", "8ko2lc1b", "l2ak5ygj"]
12990	["vrate482", "pxpghfhq", "8ko2lc1b", "ywusapij", "bnrmh1qs"]
13002	["4jyltfus", "oe4bzale", "ovgk0wsn", "tmgmqtjq", "k1adcls8"]
13028	["3u3i5myh", "jgcv1wf3", "70s04wty", "wpuf4ofo", "19skljon"]
13045	["sv48gjkk", "3sr2exq9", "z795y51f", "k0f4cwig", "xlczcgfy"]
13046	["5053t5ki", "yn7e3do9", "dhy80rkn", "eoumpu50", "gi3vfi68"]
13049	["8fnis63j", "jvqlmqsy", "mdc8trdh", "p0kg6dyz", "xjrhd6ee"]
13050	["n5bqf6rj", "84z7jgcl", "hiw576og", "h1wycwxc", "jgq968f6"]
13052	["8je46886", "mfziqu80", "z86g8dzs", "w1bx4a7v", "mcmqx7og"]
13053	["r58aohnu", "auy3c2e0", "ksgdjdh1", "vjtwipu9", "13kzv4b2"]
13063	["vdgu6h0a", "llcit7x2", "gqwwfpch", "idtt3frp", "3ybiysp4"]
13078	["jvqlmqsy", "hpyzi04z", "3l3zs90e", "g4pd6g4j", "ku59o299"]
13147	["zpxnr9s9", "gap91mwc", "mbwo1m1o", "ek5zfb8f", "1l7hldfh"]
13153	["jk5tczo0", "yk872yaz", "d6wkv2rc", "lsiy3quw", "sb3y2w6c"]
13158	["1u532bz9", "4ohgr8j7", "7omyaap8", "fsid4a39", "tweqie5k"]
13167	["rog2h4g7", "6tlzij5v", "xxy10tcl", "asrkuts7", "usfvulc2"]
13170	["hqkrer9m", "sdij1d90", "wmpjfc02", "8f83k2ce", "jisznsr3"]
13171	["3f0pgo4z", "6d5tp5hy", "6d7zzgqy", "9lu2stp4", "ufzjvdho"]
13189	["bzo4x7bh", "zbusl6pc", "jw42gokv", "8796x4ne", "bzxa0ajy"]
13194	["km0yzqqq", "hhuu7ol8", "wgbyqfrx", "omrb959r", "l8bs2km2"]
13204	["jgq968f6", "s2hp3sat", "9169o29b", "56rn6d6o", "qkjieod9"]
13209	["gtp5daep", "lp0r7j5c", "trrg1mnw", "fxwszm22", "vh3qs9xv"]
13210	["sh9w4ipq", "43z85jsb", "cuw2sx2e", "v06kyana", "2y1onwiy"]
13216	["qeqd4soe", "fq5nayxt", "wtb51big", "1ef8ac5c", "fuvyeq3k"]
13234	["3km6yfr6", "6gqxf34l", "vzdu9jwn", "yg2voc65", "jlrzu0wl"]
13239	["t0l6mlm5", "jfdwo189", "6g4oclln", "qnuphz59", "ce1a9k8b"]
13250	["z1y1zgo8", "rpjg4a9i", "25bdifv6", "6ukt0gbn", "cfd1x420"]
13254	["ncbjncfx", "ln6t374j", "6entp07f", "bgiyvqgw", "0cybfr2n"]
13257	["z4s7u17l", "hqjphv5g", "xi20pdvy", "pdd5wepz", "upq41f1z"]
13269	["mja2qlpk", "f96qs295", "w1bx4a7v", "ropgq7tr", "x9sfgtim"]
13278	["os0sslxc", "jswlq6wp", "mi6bdisx", "m46vdpv6", "yb9uyov3"]
13280	["6t92yhti", "3p8rdaoj", "xjl11qzh", "u4doukk7", "ok33bqqg"]
13281	["d44561hh", "63b7yidq", "suqkidrm", "yb9uyov3", "jswlq6wp"]
13310	["8hkxbxz9", "91gytlg2", "iwc72ymq", "b8ipstv2", "veeavho5"]
13327	["d2pzezq8", "8g70j0qw", "msxp1qkx", "60en5zy7", "dnm7s947"]
13330	["ysf5k0ky", "nlnkgkjo", "fmgj3noh", "nsflghc5", "u6a65x9h"]
13332	["8cd5z4di", "5kchpjx0", "uba4wym6", "7oipjzq1", "e49rdu76"]
13342	["wa4gt5sy", "1a5oy6fr", "5kz2s7ag", "91ea40nz", "g9rs9cx8"]
13346	["w1bx4a7v", "f96qs295", "tra5ewc5", "dt2pew66", "1s8jzzwg"]
13352	["78d7vub4", "zdfslfmb", "b6lq0aue", "xd292vld", "apqzyln2"]
13366	["puu8wib8", "yt7xnkaf", "33g2xvvr", "vlhlmn8t", "6srmh9qf"]
13367	["q1nye2ih", "snlukr6c", "leg5ntvu", "lav0kp21", "9nyfz7s2"]
13373	["1iclw0nt", "sgezc9kx", "43eh69dx", "irgnrr0j", "y2bsx8p2"]
13377	["u30uz8sk", "jgcv1wf3", "th7gbzw4", "j5b0f3uk", "j0uojajt"]
13402	["tra5ewc5", "0r0zdpds", "l4y7v729", "0hbyplqq", "lr20prun"]
13405	["qn6wawxk", "gatxuwz7", "rtus1qyw", "2w6p6jji", "byvsuvn0"]
13412	["msb6wgnv", "6ovv79ia", "nerxtetr", "qhrwngde", "3jn7tdaj"]
13421	["urv9o2f1", "yx0u0iyw", "lnxsblg3", "e7gq365q", "376x58k1"]
13445	["rr0v0ju1", "4et61my3", "evf9nz05", "kq6rups8", "lv5s1bko"]
13446	["cfbj6ize", "xj1nw76b", "5c1e0770", "z218oii3", "waerqfzu"]
13451	["g5uu01aa", "ep9moftg", "d60chk12", "6entp07f", "uk0hlynp"]
13462	["mo23hpe1", "00xnsdt9", "lm73oj21", "8o2xddof", "r76tqrwz"]
13480	["3nxmw97e", "ir874dkj", "m3t1hx5o", "6vqf2n5j", "a0q61mpi"]
13485	["2my9o9fy", "xmd8fh95", "1hlqov6m", "vuzbni5m", "wuojo19n"]
13500	["7f5nywod", "x44oc1k6", "pi9ndj9p", "4co920gp", "3qtxnbb2"]
13503	["ikon1ktb", "gg5c8v7d", "ivug325f", "ncfvllzi", "06yjv1ae"]
13513	["brt4zrhe", "208w0eyz", "1u532bz9", "7omyaap8", "opogstc5"]
13529	["mru0mcup", "5525dp31", "dfhxcqr8", "wl4n02rf", "wvfw94n1"]
13542	["a0dvzhc8", "929rrh59", "6mzqk12f", "3u3i5myh", "z6sjfdb9"]
13555	["828eqxla", "ldbscq4s", "gs9lga7d", "y26bsn0n", "0rftk787"]
13560	["rn8eezep", "qbp5nid8", "kk7rlevl", "kxi5qpxw", "xxy10tcl"]
13561	["k1n00gir", "93y40vnp", "byvsuvn0", "6hehg1yf", "ypxur24q"]
13577	["lypptk1l", "9wn91fj2", "r1wh54q1", "8rn7q32f", "edr7hrhp"]
13603	["jihyavm1", "s245n3qw", "hcuxj2k7", "wf72fra8", "i5cfk52j"]
13617	["i4p0n7d6", "o6rgoe9t", "4d6az41t", "zd8c1no7", "lq1qndxg"]
13618	["w7gr98j9", "usr8hzcw", "raz9veem", "jmu2cfnd", "6bgquqa1"]
13622	["delciztu", "am2vzj11", "of16ewcj", "0c03fjk5", "ls4ojc7m"]
13628	["mzon01fd", "sts48u9i", "fnojlsnj", "3kjckx8o", "htn03ms0"]
13647	["8je46886", "w0ebmg16", "z86g8dzs", "9pb2eqoa", "0ve5b28s"]
13648	["nbdk83ok", "j7ltjn4k", "6xlk1n4e", "vsphu6ih", "4xs9avr0"]
13649	["u7ao9dwx", "f07go7nh", "wk4zxmz9", "3rxsplrl", "jlnt1pdd"]
13653	["5b9jytph", "knbngla3", "mnjy6bq2", "9pb2eqoa", "2f7wqamp"]
13669	["o29hjkca", "6lsgwvsv", "xkqajjgw", "fa05sovj", "ihler8r0"]
13670	["t5wzsjxc", "9ds4ot1q", "xpwv8xlv", "vxv7pq8v", "itqi22lv"]
13676	["2hkdhwaw", "s1dert6n", "8t4rnfyu", "9jsx2z6e", "gxu62u9i"]
13679	["n3xm6c0y", "std4jddn", "4mjg7jul", "039k70vs", "1nqbqmum"]
13682	["0vy5yifk", "wcmxmahq", "yx3j6373", "ftjrg3dk", "wknaotjt"]
13707	["1nmzo9at", "78d7vub4", "htn03ms0", "f5bs391p", "j4p46aiv"]
13728	["wbk363w1", "zuc538yd", "6p0j6rsa", "5iwgutxo", "jlkpeh4j"]
13751	["726t123x", "vrs88dcy", "cpbu3fv3", "vc6j8ao2", "agpuilt2"]
13816	["styavbvi", "hg3xpej0", "jrqlhjsm", "82y56t7d", "3qvh482o"]
13823	["5a5a8ifz", "g9rs9cx8", "orddpgl3", "8gub6wmy", "1a5oy6fr"]
13824	["6pn9jwfn", "li8kvzdh", "eu2vjpw9", "iff8cuum", "121p2shq"]
13826	["2my9o9fy", "wbsl6n67", "1d49odsq", "j9xlhtko", "d06npvro"]
13844	["tra5ewc5", "763v4duh", "ximw03ej", "fmgj3noh", "0mwz8kwo"]
13884	["fnguelau", "c18arb6s", "7xnga86x", "2nj7rn4q", "2j11uxmx"]
13887	["v7ckvxjp", "l5nncxqo", "tv014ubp", "6bwd99d9", "i55203bt"]
13899	["x60fkihk", "jlr943nv", "moe0bi1g", "h0iynw2w", "566pbuic"]
13909	["1adofojj", "6qwj922f", "l63d9lyd", "iucrorzh", "bnrmh1qs"]
13913	["i88ccp9w", "xqcs4j0g", "ckx305ue", "ssicvtv0", "8796x4ne"]
13925	["pxo5uh4w", "2tan64hc", "7fua7kgs", "y1nrc138", "daj5g788"]
13937	["s599iazh", "ai5dfdfk", "3aa6kd3j", "868txjrw", "ybpce7dn"]
13992	["r58aohnu", "0cnjtxyq", "xxlvyp5c", "lgmdpxcl", "ra3clbbr"]
14002	["tra5ewc5", "0r0zdpds", "l4y7v729", "lr20prun", "ximw03ej"]
14034	["i95dnfw3", "qxtcbksp", "i4p0n7d6", "m79zl7ka", "g1zce6p9"]
14040	["jbom8iq6", "s245n3qw", "llow5xll", "w094r17f", "asrkuts7"]
14044	["1ad18z11", "z3o3ib2f", "2xjv2fb6", "14he8n3u", "0y4f1sgn"]
14053	["7vsv726x", "zcxxk9hd", "zcnr1e2f", "5wlbalzu", "bdkr3s9t"]
14070	["4hmecfi0", "i9wjpbe7", "ne7e12nj", "b8c309hj", "rvygtpvb"]
14072	["g5h4tazp", "tuqmar6w", "dzkf7c7l", "kmkeetl3", "mvm1t0y7"]
14076	["296ilxyg", "0sn7itog", "v4ubd1l6", "4hmecfi0", "ez1l3m4o"]
14077	["di7hfghi", "1w3x0g42", "byh09alo", "5wg2clq7", "k36rymkv"]
14084	["g5h4tazp", "dzkf7c7l", "flvz7qni", "v29jmh6s", "kmkeetl3"]
14111	["y6ufb4l6", "s3vaa0yc", "xnxn506o", "k4ubol2x", "43c1vind"]
14122	["f5twvg9g", "gtp5daep", "soz9p0yd", "dwgxrbag", "33cmymur"]
14125	["fnojlsnj", "34j9n40u", "io8mozoe", "1k0xqhda", "cymppa7g"]
14130	["3igk81h8", "n52kx0y7", "zxe95qy9", "w0i3oy97", "4mjrpjit"]
14132	["irhizn0b", "25jq098w", "qkg8fwbp", "u5nxm9tu", "y98bleop"]
14134	["e7uvbra5", "2f09vauy", "ljpeq5aw", "2e02uktc", "uyzalds2"]
14139	["ywvk6gu6", "uru7bkr4", "5t4twnpm", "yj3yisum", "li8kvzdh"]
14143	["1peg3502", "q7vv128t", "tbio295u", "fpexa30s", "wv2gzahy"]
14152	["vf7xj5qt", "yr7ow4m4", "tcby6780", "hlv5zb0s", "zrnxq5uq"]
14153	["9195zweg", "kr4sr1ae", "z1wwlea2", "vllhupzp", "n1q1wr9s"]
14193	["n5sei1oc", "0gn3b98n", "e0a1t2ig", "bwmpamea", "srfypn7j"]
14196	["hezheq49", "kczhrxxd", "3bbiyucq", "ep9moftg", "q10pvwf5"]
14203	["qn6wawxk", "yk2th44f", "xl9rwld2", "wrsk5vh9", "679ds029"]
14233	["wt6azxc1", "6qai5sev", "yx0u0iyw", "y4eyse0y", "rhnr430g"]
14236	["nih4l4ok", "ndcg3o7a", "euyvqz2q", "y74qhqw7", "hpcqbohs"]
